"Season","TeamName","Off_1","RankOff_1","Off_2","RankOff_2","Off_3","RankOff_3","Def_1","RankDef_1","Def_2","RankDef_2","Def_3","RankDef_3"
2026,"Abilene Christian",23.6015701668302,29,51.8155053974485,105,24.5829244357213,332,25.4963898916968,7,50.2707581227437,121,24.2328519855596,355
2026,"Air Force",18.6896901980701,249,49.4667343829355,164,31.8435754189944,172,19.0923317683881,228,49.452269170579,164,31.4553990610329,179
2026,"Akron",15.7553956834532,351,46.6906474820144,242,37.5539568345324,37,17.7852348993289,289,45.2181208053691,314,36.996644295302,23
2026,"Alabama",20.442930153322,151,38.160136286201,363,41.396933560477,11,18.7944590041183,241,52.1153126169974,62,29.0902283788843,269
2026,"Alabama A&M",25.408687529192,7,47.5478748248482,222,27.0434376459598,285,21.0740072202166,106,49.5487364620939,161,29.3772563176895,261
2026,"Alabama St.",20.7036535859269,130,48.4438430311231,203,30.8525033829499,201,22.952182952183,39,46.4864864864865,282,30.5613305613306,212
2026,"Albany",13.8052208835341,364,55.3212851405622,30,30.8734939759036,199,19.7593706617307,184,47.200370198982,255,33.0402591392874,112
2026,"Alcorn St.",19.1032227930873,223,52.3120037365717,89,28.584773470341,245,20.6547155105222,129,54.3257989088075,18,25.0194855806703,349
2026,"American",17.4154701250579,295,45.7619268179713,272,36.8226030569708,53,21.8348623853211,78,49.8165137614679,147,28.348623853211,288
2026,"Appalachian St.",20.1923076923077,163,46.3461538461538,256,33.4615384615385,126,18.8334157192289,240,47.0588235294118,260,34.1077607513594,78
2026,"Arizona",22.2260157050188,64,57.2891771935814,10,20.4848071013998,360,18.0418982471142,279,50.0213766566909,136,31.936725096195,157
2026,"Arizona St.",22.5486304088924,56,48.273124255657,206,29.1782453354506,230,19.5357833655706,200,47.9690522243714,228,32.495164410058,133
2026,"Arkansas",19.3917593198169,206,52.8449967298888,70,27.7632439502943,268,17.9948586118252,281,53.0297466030114,40,28.9753947851634,271
2026,"Arkansas Pine Bluff",22.4774774774775,60,48.4684684684685,200,29.0540540540541,234,23.8599348534202,24,49.2671009771987,171,26.8729641693811,322
2026,"Arkansas St.",21.7284957195271,82,44.7615165103954,289,33.5099877700775,124,20.632208457924,130,49.1243058521999,177,30.2434856898761,224
2026,"Army",16.3294117647059,337,40.1882352941176,356,43.4823529411765,1,21.1903756859434,103,47.0240607851414,264,31.7855635289152,162
2026,"Auburn",23.9316239316239,23,46.3675213675214,255,29.7008547008547,224,19.5385187941943,199,47.8600669892073,232,32.6014142165984,128
2026,"Austin Peay",20.6806282722513,133,49.2146596858639,171,30.1047120418848,218,18.2154415164124,270,50.0231160425335,133,31.7614424410541,164
2026,"BYU",18.8923939712583,238,50.192779530319,141,30.9148264984227,197,16.751269035533,326,49.5119094103866,162,33.7368215540804,92
2026,"Ball St.",19.258872651357,213,48.9561586638831,186,31.7849686847599,176,19.0338164251208,232,47.9227053140097,230,33.0434782608696,111
2026,"Baylor",19.142176330421,218,50.1191421763304,144,30.7386814932486,204,17.7740863787375,291,53.3222591362126,31,28.9036544850498,274
2026,"Bellarmine",18.8344594594595,240,48.9864864864865,183,32.1790540540541,160,17.4469787915166,303,39.9359743897559,363,42.6170468187275,2
2026,"Belmont",15.4559505409583,356,45.5950540958269,275,38.9489953632148,24,18.8859878154917,238,40.1218450826806,362,40.9921671018277,4
2026,"Bethune Cookman",21.8520121159671,78,55.5603634790134,27,22.5876244050195,352,21.7318900915903,82,52.5395503746878,51,25.7285595337219,341
2026,"Binghamton",23.7967914438503,25,53.2620320855615,60,22.9411764705882,348,18.0717279925477,276,50.1164415463437,130,31.7186772240335,167
2026,"Boise St.",24.3324720068906,19,43.4969853574505,319,32.1705426356589,162,17.8051001821494,287,52.5500910746812,50,29.6448087431694,248
2026,"Boston College",18.3732057416268,259,49.1866028708134,174,32.4401913875598,155,19.1693290734824,224,50.0228206298494,134,30.8078502966682,197
2026,"Boston University",16.693744922827,323,46.3038180341186,259,36.9212022745735,50,17.1347171347171,315,48.4330484330484,208,34.4322344322344,75
2026,"Bowling Green",20.5300988319856,146,52.3809523809524,84,27.088948787062,283,20.8155523944998,120,47.0365101944049,262,32.1479374110953,144
2026,"Bradley",20.6299212598425,140,45.3543307086614,281,34.0157480314961,117,20.3756635361372,142,46.5496120865659,279,33.0747243772969,109
2026,"Brown",16.4880952380952,332,55.1190476190476,33,28.3928571428571,249,21.7559359469906,80,45.27885146328,310,32.9652125897294,116
2026,"Bryant",19.2560175054705,214,43.6542669584245,315,37.089715536105,46,18.4383819379116,256,51.3640639698965,80,30.1975540921919,226
2026,"Bucknell",19.0733243364822,225,48.1331533963113,208,32.7935222672065,143,19.4996028594122,202,43.208895949166,342,37.2915011914218,20
2026,"Buffalo",20.8172043010753,127,42.1505376344086,342,37.0322580645161,47,17.4816096927737,300,49.4158372998702,166,33.1025530073561,107
2026,"Butler",22.9133858267717,46,51.1023622047244,125,25.9842519685039,313,14.6715034260379,360,54.4941555824264,16,30.8343409915357,195
2026,"CSUN",18.2170542635659,263,55.7364341085271,24,26.046511627907,311,20.1383551114527,160,41.1222136817832,359,38.739431206764,7
2026,"Cal Baptist",21.0788381742739,112,52.5311203319502,80,26.3900414937759,300,22.3318385650224,70,53.9910313901345,24,23.6771300448431,359
2026,"Cal Poly",21.01506740682,114,39.0166534496431,359,39.9682791435369,16,18.6767485822306,247,49.2249527410208,172,32.0982986767486,149
2026,"Cal St. Bakersfield",25.4284390921723,6,54.0064844835572,48,20.5650764242705,359,22.3421262989608,68,47.3221422861711,248,30.3357314148681,222
2026,"Cal St. Fullerton",20.8560311284047,124,45.0583657587549,286,34.0856031128405,115,19.6577946768061,192,45.3231939163498,309,35.0190114068441,58
2026,"California",21.3654618473896,95,43.2128514056225,325,35.421686746988,80,19.6504688832055,193,49.7868712702472,148,30.5626598465473,211
2026,"Campbell",23.911257189811,24,48.9728841413311,184,27.1158586688578,281,20.3013481363997,148,56.1459159397304,7,23.5527359238699,361
2026,"Canisius",19.6036422067488,190,46.1703267273701,263,34.2260310658811,108,19.7104156936011,187,46.8005604857543,273,33.4890238206446,99
2026,"Central Arkansas",16.9491525423729,314,43.2006306661411,326,39.850216791486,17,16.7009461127108,328,41.4644179350062,358,41.834635952283,3
2026,"Central Connecticut",18.8259109311741,243,51.7206477732794,108,29.4534412955466,226,17.12158808933,316,50.4218362282878,115,32.4565756823821,135
2026,"Central Michigan",17.4687199230029,289,54.9566891241578,36,27.5745909528393,271,19.9822380106572,170,49.6447602131439,156,30.3730017761989,220
2026,"Charleston",23.0934018851757,42,50.2999143101971,139,26.6066838046272,295,15.589519650655,350,47.8602620087336,231,36.5502183406114,30
2026,"Charleston Southern",15.4665530464423,355,43.1188751597784,328,41.4145717937793,10,24.7018739352641,11,51.2776831345826,82,24.0204429301533,356
2026,"Charlotte",19.634703196347,188,44.2507264425073,307,36.1145703611457,69,20.3182374541004,147,47.7356181150551,235,31.9461444308446,156
2026,"Chattanooga",17.4883720930233,288,43.1627906976744,327,39.3488372093023,20,22.6148409893993,56,43.4628975265018,340,33.9222614840989,84
2026,"Chicago St.",19.8514851485149,176,53.8613861386139,50,26.2871287128713,304,20.1096121416526,162,41.5682967959528,356,38.3220910623946,11
2026,"Cincinnati",16.5354330708661,330,46.6639038541235,244,36.8006630750104,55,18.3856502242152,257,49.5964125560538,159,32.0179372197309,151
2026,"Clemson",20.3887346291154,154,46.4101547005157,253,33.2011106703689,131,20.1851035698546,156,45.5707360070516,299,34.2441604230939,76
2026,"Cleveland St.",21.0436996181587,113,37.3355960967331,365,41.6207042851082,9,19.0744920993228,229,47.1783295711061,257,33.7471783295711,90
2026,"Coastal Carolina",19.7752808988764,179,43.9550561797753,311,36.2696629213483,65,20.9741114523914,113,49.4076349275998,167,29.6182536200088,251
2026,"Colgate",17.2428510456679,301,53.6918480580452,52,29.0653008962868,232,18.8823031329382,239,47.3327688399661,247,33.7849280270957,88
2026,"Colorado",20.2813599062134,158,51.8171160609613,104,27.9015240328253,262,20.1809598741149,157,49.9606608969316,138,29.8583792289536,243
2026,"Colorado St.",20.8906882591093,121,40,357,39.1093117408907,22,18.3742591024555,258,47.5867908552075,239,34.038950042337,82
2026,"Columbia",15.7597535934292,350,52.3613963039014,85,31.8788501026694,171,19.6652719665272,191,50.5230125523013,111,29.8117154811715,245
2026,"Connecticut",16.2428842504744,339,51.5370018975332,113,32.2201138519924,158,24.0289069557362,18,48.5998193315266,201,27.3712737127371,313
2026,"Coppin St.",21.9803006739243,74,50.4924831518922,135,27.5272161741835,273,22.3364870423694,69,42.8630193336076,352,34.800493624023,64
2026,"Cornell",16.0538116591928,343,41.4349775784753,348,42.5112107623318,5,19.2727272727273,217,49.6363636363636,157,31.0909090909091,188
2026,"Creighton",16.4309484193012,334,44.2595673876872,306,39.3094841930116,21,14.493960849646,361,57.1428571428571,3,28.3631820074969,287
2026,"Dartmouth",21.4012041598249,94,38.5331143951834,362,40.0656814449918,15,17.1938775510204,310,50.8163265306122,100,31.9897959183673,153
2026,"Davidson",15.8318425760286,347,46.3327370304115,257,37.8354203935599,30,20.2462380300958,151,51.4363885088919,79,28.3173734610123,290
2026,"Dayton",25.4984662576687,4,43.7883435582822,313,30.7131901840491,205,19.7788697788698,182,45.4545454545455,303,34.7665847665848,66
2026,"DePaul",19.6619217081851,183,49.644128113879,158,30.6939501779359,206,21.51841868823,92,49.7753818508535,149,28.7061994609164,278
2026,"Delaware",18.4184675834971,256,42.5343811394892,336,39.0471512770138,23,18.5418541854185,252,45.2745274527453,311,36.1836183618362,35
2026,"Delaware St.",21.4773432650528,90,55.9900682805711,23,22.5325884543762,353,21.3692946058091,98,53.1120331950208,37,25.5186721991701,345
2026,"Denver",19.7080291970803,181,48.3469300128811,204,31.9450407900386,168,18.7525646286418,242,51.7029134181371,70,29.5445219532212,256
2026,"Detroit Mercy",20.6293706293706,141,53.4090909090909,57,25.9615384615385,315,20.584498094028,131,47.0139771283354,265,32.4015247776366,138
2026,"Drake",18.9006342494715,237,44.3128964059197,305,36.7864693446089,56,17.206063088898,308,45.5551003687014,300,37.2388365424007,21
2026,"Drexel",17.1773444753946,303,48.0037140204271,213,34.8189415041783,90,22.0629047178538,74,52.2664199814986,56,25.6706753006475,343
2026,"Duke",19.4067190850608,205,47.4624731951394,227,33.1308077197999,133,15.5565905915231,351,46.2971588262692,287,38.1462505822077,14
2026,"Duquesne",20.7634228187919,128,45.8892617449664,267,33.3473154362416,130,21.6836734693878,83,45.6632653061224,295,32.6530612244898,126
2026,"East Carolina",22.7865796831314,49,54.4268406337372,41,22.7865796831314,350,18.1896181896182,271,50.02145002145,135,31.7889317889318,161
2026,"East Tennessee St.",19.1212367778682,221,52.0748576078112,99,28.8039056143206,239,20.4099821746881,140,42.9590017825312,349,36.6310160427808,26
2026,"East Texas A&M",18.0914512922465,269,45.8250497017893,268,36.0834990059642,70,18.500657606313,253,48.7505480052609,194,32.7487943884261,122
2026,"Eastern Illinois",21.4248838409912,93,54.1042849767682,46,24.4708311822406,335,20.544783010157,137,48.8457987072946,187,30.6094182825485,207
2026,"Eastern Kentucky",17.5989672977625,286,40.1893287435456,355,42.2117039586919,8,20.1043338683788,163,47.752808988764,234,32.1428571428571,145
2026,"Eastern Michigan",17.8147268408551,280,56.5320665083135,17,25.6532066508314,317,20.3496190049305,145,51.8153294486777,68,27.8350515463918,301
2026,"Eastern Washington",19.9597585513078,171,52.1529175050302,93,27.887323943662,264,20.489538097118,138,49.6644295302013,154,29.8460323726806,244
2026,"Elon",18.6631944444444,251,46.7013888888889,241,34.6354166666667,97,18.6291000841043,250,44.659377628259,325,36.7115222876367,25
2026,"Evansville",18.1772151898734,265,47.1898734177215,231,34.6329113924051,98,17.531914893617,297,45.9574468085106,290,36.5106382978723,31
2026,"FIU",20.9405501330967,118,52.4401064773736,83,26.6193433895297,293,19.2324465765373,220,43.3493240296555,341,37.4182293938072,18
2026,"Fairfield",16.6597424179477,324,53.1782301620274,63,30.1620274200249,216,17.9865206402696,282,52.3167649536647,55,29.6967144060657,246
2026,"Fairleigh Dickinson",19.5974576271186,191,45.4449152542373,278,34.9576271186441,86,18.984337921215,233,47.2710014238253,251,33.7446606549597,91
2026,"Florida",20.5656424581006,145,53.9804469273743,49,25.4539106145251,319,21.0858585858586,105,51.010101010101,88,27.9040404040404,297
2026,"Florida A&M",21.0837438423645,111,49.35960591133,167,29.5566502463054,225,22.5539733578319,59,50.1607717041801,127,27.2852549379881,317
2026,"Florida Atlantic",18.3110367892977,261,51.8394648829431,103,29.8494983277592,221,20.9421841541756,117,50.5353319057816,109,28.5224839400428,281
2026,"Florida Gulf Coast",16.7686658506732,320,52.6315789473684,76,30.5997552019584,208,20.9619238476954,114,42.7254509018036,353,36.312625250501,34
2026,"Florida St.",19.1176470588235,222,42.0814479638009,345,38.8009049773756,26,18.1570762052877,274,45.3343701399689,308,36.5085536547434,32
2026,"Fordham",16.0285860132721,344,55.3343542623788,29,28.6370597243492,243,17.1517671517672,313,47.6091476091476,238,35.2390852390852,51
2026,"Fresno St.",20.0624164065983,168,48.773963441819,189,31.1636201515827,191,16.7617376042124,324,50.4607283896446,114,32.777534006143,120
2026,"Furman",16.9746454662656,312,47.9587451654491,215,35.0666093682853,85,16.8529280286097,322,49.0835940992401,178,34.0634778721502,80
2026,"Gardner Webb",17.8337531486146,279,50.2770780856423,140,31.8891687657431,170,18.3461538461538,260,49.9230769230769,146,31.7307692307692,166
2026,"George Mason",22.041166380789,71,51.9725557461406,101,25.9862778730703,312,17.1954022988506,309,48.183908045977,219,34.6206896551724,74
2026,"George Washington",18.9591078066914,235,44.4609665427509,296,36.5799256505576,60,19.7490894374747,185,46.8636179684338,270,33.3872925940915,102
2026,"Georgetown",21.7339192968438,81,51.7778665601278,106,26.4882141430284,297,19.7660346914078,183,47.1964501815248,256,33.0375151270674,113
2026,"Georgia",20.3201113430759,155,46.9032707028532,238,32.776617954071,144,18.0418476115278,280,50.9277536517963,93,31.0303987366759,189
2026,"Georgia Southern",22.2818311874106,63,40.7010014306152,351,37.0171673819742,48,22.6173541963016,55,47.2972972972973,250,30.0853485064011,231
2026,"Georgia St.",24.8416950803702,11,41.9873356064296,346,33.1709693132002,132,19.5757843570482,196,49.6685815289439,153,30.755634114008,201
2026,"Georgia Tech",19.1517271534762,217,52.6453869698295,74,28.2028858766944,253,19.6666666666667,190,44.8333333333333,321,35.5,45
2026,"Gonzaga",16.1979352082592,340,60.3061587753649,3,23.4959060163759,343,19.2837465564738,215,45.4545454545455,303,35.2617079889807,48
2026,"Grambling St.",23.5046728971963,31,47.4766355140187,226,29.018691588785,236,22.363060208239,67,50.882752376641,96,26.75418741512,327
2026,"Grand Canyon",22.3553719008264,62,49.7520661157025,155,27.8925619834711,263,23.122439690487,36,47.246244879381,254,29.631315430132,250
2026,"Green Bay",22.6975120034919,53,48.6250545613269,193,28.6774334351811,242,20.578231292517,133,44.4727891156463,329,34.9489795918367,62
2026,"Hampton",23.7254901960784,27,49.5098039215686,162,26.7647058823529,291,23.3472029588534,31,52.7970411465557,45,23.8557558945908,357
2026,"Harvard",16.3338453661034,336,50.7936507936508,130,32.8725038402458,138,16.0297239915074,343,52.4416135881104,52,31.5286624203822,176
2026,"Hawaii",23.1583403895004,38,49.0262489415749,181,27.8154106689246,266,21.289710763395,102,53.3902323376008,30,25.3200568990043,346
2026,"High Point",22.5373134328358,58,46.1194029850746,266,31.3432835820896,183,20.3953279424978,141,48.0682839173405,223,31.5363881401617,175
2026,"Hofstra",19.3372483221477,209,43.2885906040268,324,37.3741610738255,41,21.6466234967623,86,44.7733580018501,323,33.5800185013876,96
2026,"Holy Cross",19.6199524940618,189,51.021377672209,128,29.3586698337292,227,15.7894736842105,348,53.6669542709232,26,30.5435720448663,215
2026,"Houston",16.6221883339687,328,49.1803278688525,175,34.1974837971788,111,22.6485727655592,53,44.642021525503,326,32.7094057089378,125
2026,"Houston Christian",20.0704225352113,167,52.0120724346076,100,27.9175050301811,261,16.7587476979742,325,53.1307550644567,36,30.1104972375691,230
2026,"Howard",24.3255196815568,20,48.7394957983193,190,26.9349845201238,288,21.8155197657394,79,52.4158125915081,53,25.7686676427526,340
2026,"IU Indy",13.0255564715581,365,52.8441879637263,71,34.1302555647156,113,22.9158878504673,41,49.7196261682243,151,27.3644859813084,315
2026,"Idaho",19.649408887077,186,42.8047289033836,332,37.5458622095393,38,22.5084459459459,61,48.7331081081081,196,28.7584459459459,276
2026,"Idaho St.",21.3218650973291,98,46.6274332277048,248,32.050701674966,166,21.0571551353674,111,51.2247529007306,83,27.718091963902,305
2026,"Illinois",19.0740740740741,224,42.1481481481481,343,38.7777777777778,27,13.6974037600716,365,50.313339301701,120,35.9892569382274,38
2026,"Illinois Chicago",20.8606557377049,123,54.4262295081967,42,24.7131147540984,328,19.9914929817099,169,43.1305827307529,346,36.8779242875372,24
2026,"Illinois St.",17.3221757322176,298,48.0334728033473,211,34.6443514644351,95,18.3181818181818,262,53.1818181818182,34,28.5,283
2026,"Incarnate Word",19.421906693712,204,46.6531440162272,245,33.9249492900609,121,21.5238095238095,91,52.1904761904762,58,26.2857142857143,333
2026,"Indiana",19.5521791283487,193,42.7828868452619,333,37.6649340263894,34,22.260718925942,73,48.7656994369857,193,28.9735816370723,272
2026,"Indiana St.",14.9697814969782,360,50.5811250581125,133,34.4490934449093,101,16.6000887705282,330,56.635596981802,6,26.7643142476698,326
2026,"Iona",16.6314007617435,327,44.5196783749471,293,38.8489208633094,25,17.7350427350427,292,50.8547008547009,97,31.4102564102564,180
2026,"Iowa",19.016921837228,229,49.0733279613215,178,31.9097502014504,169,21.3596692696371,99,49.1502067064768,175,29.4901240238861,258
2026,"Iowa St.",16.8284789644013,317,50.0539374325782,148,33.1175836030205,134,16.7494356659142,327,48.5778781038375,202,34.6726862302483,71
2026,"Jackson St.",23.6842105263158,28,42.2778257118205,339,34.0379637618637,116,22.7930535455861,48,47.0332850940666,263,30.1736613603473,227
2026,"Jacksonville",19.136690647482,220,52.0863309352518,96,28.7769784172662,240,21.3747228381375,97,51.0864745011086,87,27.5388026607539,309
2026,"Jacksonville St.",22.879684418146,47,45.4635108481262,277,31.6568047337278,179,22.7161700048852,49,43.8690766976063,337,33.4147532975085,101
2026,"James Madison",19.2050209205021,215,46.5271966527197,251,34.2677824267782,107,23.1835363292734,34,47.4590508189836,241,29.357412851743,264
2026,"Kansas",19.5112179487179,199,51.2820512820513,121,29.2067307692308,229,17.5109170305677,298,47.2489082969432,253,35.2401746724891,50
2026,"Kansas City",17.4307036247335,294,54.2643923240938,44,28.3049040511727,251,16.3927517909819,335,50.9903076274758,91,32.6169405815424,127
2026,"Kansas St.",15.1610369206599,358,49.2537313432836,169,35.5852317360566,77,19.4730813287514,203,50.6300114547537,106,29.8969072164948,241
2026,"Kennesaw St.",23.7484981978374,26,43.5722867440929,318,32.6792150580697,149,26.7791032496915,1,43.8502673796791,338,29.3706293706294,262
2026,"Kent St.",23.936170212766,22,41.1854103343465,350,34.8784194528875,89,21.5116279069767,94,44.4186046511628,331,34.0697674418605,79
2026,"Kentucky",20.4297159504734,153,49.5265841223598,161,30.0436999271668,219,21.6733067729084,85,48.207171314741,217,30.1195219123506,229
2026,"LIU",17.864231838031,277,57.9595077411671,9,24.1762604208019,338,19.106699751861,226,55.0868486352357,14,25.8064516129032,339
2026,"LSU",22.831926323868,48,52.1872601688411,91,24.9808135072909,326,20.5812101910828,132,48.0095541401274,227,31.4092356687898,181
2026,"La Salle",23.0101302460203,43,52.8702363724071,69,24.0231548480463,341,16.4371772805508,334,48.4509466437177,206,35.1118760757315,55
2026,"Lafayette",18.4787680821279,255,49.7433504433038,156,31.7778814745684,177,17.5010697475396,299,50.9199828840394,95,31.5789473684211,174
2026,"Lamar",17.1370967741935,306,53.8306451612903,51,29.0322580645161,235,23.0919765166341,37,46.9667318982387,266,29.9412915851272,237
2026,"Le Moyne",21.1864406779661,106,47.3684210526316,229,31.4451382694023,182,19.6420776953296,194,45.3950240069839,306,34.9628982976866,60
2026,"Lehigh",17.9249261914804,276,49.9367355546183,152,32.1383382539013,163,19.4625407166124,204,55.6188925081433,11,24.9185667752443,350
2026,"Liberty",15.8285964145168,348,44.4250109313511,299,39.7463926541321,18,15.4805914972274,352,50.8317929759704,98,33.6876155268022,93
2026,"Lindenwood",21.335723890632,97,56.4769161810847,18,22.1873599282833,354,20.6574855619725,128,53.487338960462,29,25.8551754775655,338
2026,"Lipscomb",15.2920962199313,357,44.5017182130584,294,40.2061855670103,14,16.2337662337662,339,51.1688311688312,85,32.5974025974026,129
2026,"Little Rock",16.0135462022254,345,56.1199806482825,21,27.866473149492,265,18.1123595505618,275,48.9887640449438,181,32.8988764044944,118
2026,"Long Beach St.",18.0327868852459,272,54.3715846994535,43,27.5956284153005,269,22.7944280287041,47,50.9919797382862,90,26.2135922330097,335
2026,"Longwood",23.5347569286688,30,51.2494320763289,122,25.2158109950023,324,21.3478064224333,100,47.037539574853,261,31.6146540027137,171
2026,"Louisiana",17.6582579723941,285,46.6444550214184,246,35.6972870061875,75,24.0566037735849,17,48.0274442538594,226,27.9159519725557,296
2026,"Louisiana Monroe",22.7801022780102,50,44.4444444444444,298,32.7754532775453,145,14.4474814525576,362,50.5271378367825,110,35.0253807106599,57
2026,"Louisiana Tech",19.020446980504,228,56.5858297669995,16,24.3937232524964,336,20.9424083769633,116,40.3617325083294,361,38.6958591147073,8
2026,"Louisville",18.5555952806578,253,40.6149445834823,352,40.757954951734,13,19.6053736356003,195,48.7825356842989,192,31.6120906801008,172
2026,"Loyola Chicago",19.010889292196,231,44.1016333938294,308,36.8874773139746,52,19.84,179,42.48,355,37.68,16
2026,"Loyola MD",17.4660633484163,291,44.7963800904977,288,37.737556561086,33,17.9193205944798,284,52.9087048832272,41,29.171974522293,266
2026,"Loyola Marymount",17.2398392139348,302,49.1290754801251,177,33.6310853059402,123,19.9378330373002,172,49.2895204262877,169,30.7726465364121,200
2026,"Maine",19.9261992619926,173,52.0822351080654,97,27.991565629942,259,18.7382297551789,244,55.2730696798493,13,25.9887005649718,337
2026,"Manhattan",22.0588235294118,69,48.9304812834225,187,29.0106951871658,237,14.9169031211998,358,52.1280907985407,61,32.9550060802594,117
2026,"Marist",16.8843734881471,315,54.958877600387,35,28.1567489114659,254,22.3149113660063,72,50.7820646506778,103,26.903023983316,321
2026,"Marquette",17.962577962578,275,49.4802494802495,163,32.5571725571726,152,19.4226804123711,207,49.6494845360825,155,30.9278350515464,193
2026,"Marshall",16.2790697674419,338,46.4314354450682,252,37.28949478749,43,22.9038854805726,44,46.5439672801636,280,30.5521472392638,213
2026,"Maryland",21.4347826086957,92,42.1739130434783,341,36.3913043478261,64,19.3114364859517,214,45.9042342698852,292,34.784329244163,65
2026,"Maryland Eastern Shore",18.0555555555556,271,56.9444444444444,14,25,325,23.9515377446412,21,46.1323392357875,289,29.9161230195713,240
2026,"Massachusetts",19.0066484161126,232,52.4833789597184,82,28.5099726241689,248,23.513084853291,29,45.9159397303727,291,30.5709754163362,210
2026,"McNeese",21.7884130982368,79,52.6448362720403,75,25.5667506297229,318,23.8691049085659,23,40.6159769008662,360,35.5149181905679,44
2026,"Memphis",20.4403822185293,152,53.5105941005401,55,26.0490236809306,310,24.1238793806031,15,45.0692746536267,318,30.8068459657702,198
2026,"Mercer",21.2225570383125,103,47.7830391734826,218,30.9944037882049,194,17.5609756097561,296,46.6518847006652,277,35.7871396895787,40
2026,"Mercyhurst",16.0714285714286,342,58.5164835164835,6,25.4120879120879,322,22.8038233955394,46,52.0710059171598,65,25.1251706873009,348
2026,"Merrimack",23.4334763948498,33,41.2875536480687,349,35.2789699570815,82,22.6106194690265,57,52.8318584070796,43,24.5575221238938,354
2026,"Miami FL",18.75,245,57.1745562130178,11,24.0754437869822,339,16.3473818646232,337,48.446147296722,207,35.1213282247765,54
2026,"Miami OH",20.2062643239114,162,45.3017570664629,283,34.4919786096257,100,18.2293938072394,266,52.8565198430004,42,28.9140863497601,273
2026,"Michigan",19.5121951219512,198,49.1869918699187,173,31.3008130081301,187,18.0620484487888,277,47.2588185295368,252,34.6791330216745,69
2026,"Michigan St.",20.4671417260491,150,50.4354711005542,137,29.0973871733967,231,19.278209227958,216,43.0333485609868,348,37.6884422110553,15
2026,"Middle Tennessee",18.2074143594557,264,45.3308305959643,282,36.46175504458,62,20.7024029574861,125,51.2939001848429,81,28.003696857671,293
2026,"Milwaukee",18.0993520518359,268,51.5766738660907,111,30.3239740820734,215,19.3704600484261,211,48.6682808716707,197,31.9612590799031,154
2026,"Minnesota",18.8308790718429,242,44.355198572066,302,36.813922356091,54,16.0510715914273,342,48.7916096671227,190,35.1573187414501,52
2026,"Mississippi",19.691265060241,182,52.183734939759,92,28.125,255,22.6351351351351,54,44.5945945945946,327,32.7702702702703,121
2026,"Mississippi St.",16.4251207729469,335,51.9323671497585,102,31.6425120772947,180,19.2513368983957,219,48.8922841864018,185,31.8563789152024,159
2026,"Mississippi Valley St.",21.156697973307,107,55.5610479485912,26,23.2822540781018,345,25.5414488424197,6,42.6437640029873,354,31.814787154593,160
2026,"Missouri",20.8316987053747,126,52.0988622989408,95,27.0694389956846,284,20.2820406470344,149,43.135628369971,345,36.5823309829946,28
2026,"Missouri St.",22.3841059602649,61,46.6225165562914,249,30.9933774834437,195,21.7447916666667,81,50.5208333333333,112,27.734375,304
2026,"Monmouth",19.8315789473684,177,51.6210526315789,110,28.5473684210526,247,18.9235369500214,235,49.5514737291756,160,31.5249893208031,177
2026,"Montana",20.2994275649494,157,46.9396741523558,237,32.7608982826948,146,18.9084658358401,236,51.5685431886549,72,29.5229909755049,257
2026,"Montana St.",17.2743846855059,299,45.3965360072926,279,37.3290793072015,42,17.9643527204503,283,54.0337711069418,23,28.0018761726079,294
2026,"Morehead St.",22.1398795738768,68,54.6549328392774,39,23.2051875868458,347,20.1676963812886,158,47.6610767872904,236,32.171226831421,143
2026,"Morgan St.",25.7098606091895,2,47.1863706763036,232,27.103768714507,282,25.7169287696577,5,52.63644773358,47,21.6466234967623,364
2026,"Mount St. Mary's",18.1472684085511,266,48.0760095011876,210,33.7767220902613,122,22.9336966394187,40,41.5077202543143,357,35.558583106267,43
2026,"Murray St.",21.2983223924143,100,44.3471918307805,303,34.3544857768053,104,18.058179070646,278,58.7079712882509,2,23.2338496411031,362
2026,"N.C. State",19.6605374823197,184,43.4229137199434,323,36.9165487977369,51,19.6683378326263,189,43.8873891245661,336,36.4442730428076,33
2026,"NJIT",20.0283419933869,169,48.6537553141238,192,31.3179026924894,185,20.8739923631735,119,47.942299533305,229,31.1837081035214,184
2026,"Navy",21.2236286919831,102,52.3206751054852,88,26.4556962025316,298,16.8571428571429,321,47.4285714285714,242,35.7142857142857,41
2026,"Nebraska",15.527699150829,354,43.5907804286292,317,40.8815204205419,12,15.8565361019349,347,45.2100047192072,315,38.933459178858,6
2026,"Nebraska Omaha",19.4587027531498,202,48.3434437704153,205,32.1978534764349,159,18.7388987566607,243,46.6252220248668,278,34.6358792184725,73
2026,"Nevada",25.4960688880569,5,48.4462748034444,202,26.0576563084987,307,21.5623754483858,88,44.9581506576325,320,33.4794738939817,100
2026,"New Hampshire",16.5594855305466,329,48.1243301178992,209,35.2090032154341,84,20.2057998129093,154,51.4499532273152,77,28.3442469597755,289
2026,"New Haven",18.5938407902382,252,51.2492736780941,123,30.1568855316676,217,16.896186440678,319,51.4830508474576,76,31.6207627118644,170
2026,"New Mexico",19.4902548725637,200,46.551724137931,250,33.9580209895053,120,20.2697008006743,150,45.0906026127265,316,34.6396965865992,72
2026,"New Mexico St.",20.8683473389356,122,48.4593837535014,201,30.672268907563,207,24.7196261682243,10,44.2990654205607,332,30.981308411215,191
2026,"New Orleans",25.782838552257,1,50.1830012200081,142,24.0341602277349,340,22.4346468981662,64,46.6640655481857,276,30.9012875536481,194
2026,"Niagara",15.9673024523161,346,50.0272479564033,149,34.0054495912807,118,19.9134199134199,173,47.6190476190476,237,32.4675324675325,134
2026,"Nicholls",18.405988551299,258,46.3232056362836,258,35.2708058124174,83,21.3872832369942,96,49.6284062758051,158,28.9843104872007,270
2026,"Norfolk St.",23.1306081754736,40,52.3429710867398,87,24.5264207377866,333,23.8163558106169,25,46.7718794835007,274,29.4117647058824,260
2026,"North Alabama",21.1052631578947,110,53.4736842105263,56,25.4210526315789,321,17.1703296703297,312,48.0769230769231,221,34.7527472527473,67
2026,"North Carolina",18.9972581276929,233,48.5703094398747,194,32.4324324324324,156,14.7677475898335,359,51.4460999123576,78,33.7861524978089,87
2026,"North Carolina A&T",23.4526112185687,32,53.1914893617021,61,23.3558994197292,344,19.7086936731907,188,48.6117432862995,199,31.6795630405098,169
2026,"North Carolina Central",23.389651531151,35,49.8416050686378,153,26.7687434002112,290,19.5009242144177,201,47.7818853974122,233,32.7171903881701,124
2026,"North Dakota",21.0105263157895,115,47.1578947368421,233,31.8315789473684,173,21.5463108320251,89,45.3689167974882,307,33.0847723704867,108
2026,"North Dakota St.",17.0542635658915,309,47.327621379029,230,35.6181150550796,76,17.4567000911577,302,46.8550592525068,271,35.6882406563355,42
2026,"North Florida",17.4589455488332,292,40.276577355229,354,42.2644770959378,7,16.3751395608485,336,53.1447711202084,35,30.4800893189431,218
2026,"North Texas",23.134328358209,39,53.6380597014925,53,23.2276119402985,346,24.822695035461,8,47.3758865248227,245,27.8014184397163,302
2026,"Northeastern",16.1929371231697,341,53.3161068044789,59,30.4909560723514,210,21.5139442231076,93,52.1115537848606,63,26.2948207171315,332
2026,"Northern Arizona",17.4683544303797,290,51.2405063291139,124,31.2911392405063,188,17.1923589515771,311,48.9560195468681,184,33.8516215015549,85
2026,"Northern Colorado",15.7423208191126,352,51.3651877133106,120,32.8924914675768,137,22.8356890459364,45,52.3851590106007,54,24.7791519434629,352
2026,"Northern Illinois",20.893914916532,120,44.3726440495423,301,34.7334410339257,93,20.1539855072464,159,50.3623188405797,119,29.4836956521739,259
2026,"Northern Iowa",14.1822827938671,363,52.9812606473595,65,32.8364565587734,141,18.2464454976303,264,50.6161137440758,107,31.1374407582938,187
2026,"Northern Kentucky",19.5374800637959,196,46.2519936204147,261,34.2105263157895,110,19.7211972119721,186,49.2824928249282,170,30.9963099630996,190
2026,"Northwestern",19.7426618415762,180,54.2018496180137,45,26.0554885404101,308,20.1879852881079,155,48.304045770331,214,31.5079689415611,178
2026,"Northwestern St.",23.4106962663976,34,49.949545913219,151,26.6397578203835,292,19.3415637860082,212,49.9314128943759,145,30.7270233196159,204
2026,"Notre Dame",18.5008665511265,254,45.2339688041594,284,36.265164644714,66,20.813704496788,121,43.0835117773019,347,36.1027837259101,37
2026,"Oakland",21.3523131672598,96,52.1945432977461,90,26.4531435349941,299,14.0241527074406,364,52.2010128554733,57,33.7748344370861,89
2026,"Ohio",20.4693611473272,149,52.6727509778357,73,26.857887874837,289,20.875,118,51.5,75,27.625,307
2026,"Ohio St.",20.5848841625522,143,48.9935434865173,182,30.4215723509305,212,20.5661948376353,134,49.2089925062448,174,30.2248126561199,225
2026,"Oklahoma",19.5520796302879,194,45.1475293281194,285,35.3003910415926,81,19.8397558183899,180,48.2258679893171,216,31.934376192293,158
2026,"Oklahoma St.",22.1989528795812,65,50.6806282722513,132,27.1204188481675,279,17.578125,295,46.5198863636364,281,35.9019886363636,39
2026,"Old Dominion",20.0743494423792,166,49.0706319702602,179,30.8550185873606,200,23.5200635677394,28,50.1390544298768,128,26.3408820023838,331
2026,"Oral Roberts",20.6032482598608,142,44.4547563805104,297,34.9419953596288,87,20.066889632107,166,49.3311036789298,168,30.6020066889632,209
2026,"Oregon",20.5116894574327,148,46.4049404499338,254,33.0833700926334,135,19.8647506339814,177,46.9146238377008,268,33.2206255283178,105
2026,"Oregon St.",24.7976139752876,12,40.5624201107797,353,34.6399659139327,96,20.5557825909277,135,47.0780547609318,259,32.3661626481406,139
2026,"Pacific",18.0831826401447,270,52.0795660036166,98,29.8372513562387,222,20.3695150115473,143,44.1570438799076,334,35.473441108545,46
2026,"Penn",19.5402298850575,195,47.9885057471264,214,32.4712643678161,154,15.0925024342746,355,54.2356377799416,20,30.6718597857838,205
2026,"Penn St.",19.2960135708227,211,52.5869380831213,79,28.117048346056,256,15.3209925167389,353,48.0504135486412,224,36.6285939346199,27
2026,"Pepperdine",21.222169587873,104,48.2235907153008,207,30.5542396968261,209,15.9414225941423,344,50.7949790794979,101,33.2635983263598,104
2026,"Pittsburgh",16.7168027503223,322,48.4744305973356,199,34.8087666523421,91,18.2278481012658,267,48.6075949367089,200,33.1645569620253,106
2026,"Portland",19.9045967042498,174,55.2471812662619,31,24.8482220294883,327,18.687474989996,245,43.1372549019608,344,38.1752701080432,13
2026,"Portland St.",20.6763285024155,134,52.9468599033816,67,26.3768115942029,301,24.7241725175527,9,45.6369107321966,296,29.6389167502508,249
2026,"Prairie View A&M",24.8447204968944,10,51.4285714285714,118,23.7267080745342,342,23.7751004016064,26,50.2008032128514,124,26.0240963855422,336
2026,"Presbyterian",20.9147212958552,119,58.5040495474035,7,20.5812291567413,358,20.0729927007299,165,50.3649635036496,118,29.5620437956204,253
2026,"Princeton",20.6987824245633,131,43.0915828480678,329,36.209634727369,67,19.1814595660749,223,50.7889546351085,102,30.0295857988166,233
2026,"Providence",20.1776198934281,164,47.7442273534636,219,32.0781527531083,165,18.6868686868687,246,49.0620490620491,180,32.2510822510823,142
2026,"Purdue",15.5703289013296,353,50.3149055283415,138,34.1147655703289,114,15.193482688391,354,47.4134419551935,243,37.3930753564155,19
2026,"Purdue Fort Wayne",17.0539033457249,310,46.2825278810409,260,36.6635687732342,57,16.2434325744308,338,46.3222416812609,286,37.4343257443082,17
2026,"Queens",19.3640585923544,207,44.7302608074312,291,35.9056806002144,72,20.8090379008746,122,48.0320699708455,225,31.1588921282799,186
2026,"Quinnipiac",19.5302305350152,197,51.7616354936929,107,28.7081339712919,241,18.6583740559751,249,50.5553087516659,108,30.786317192359,199
2026,"Radford",22.6683937823834,54,43.0051813471503,331,34.3264248704663,105,21.2974818608621,101,48.7409304310713,195,29.9615877080666,236
2026,"Rhode Island",21.6457960644007,87,46.690518783542,243,31.6636851520572,178,22.9147571035747,42,44.0879926672777,335,32.9972502291476,114
2026,"Rice",19.2049808429119,216,43.007662835249,330,37.7873563218391,31,22.5516621743037,60,49.9550763701707,142,27.4932614555256,311
2026,"Richmond",20.8350906790384,125,43.6102910164488,316,35.5546183045129,78,19.4372294372294,205,45.8874458874459,294,34.6753246753247,70
2026,"Rider",19.7833523375143,178,58.8369441277081,4,21.3797035347777,356,17.3953488372093,304,48.5581395348837,204,34.046511627907,81
2026,"Robert Morris",15.0356992860143,359,49.055018899622,180,35.9092818143637,71,23.4285714285714,30,49.1428571428571,176,27.4285714285714,312
2026,"Rutgers",21.9836839845427,72,50.0644053241735,147,27.9519106912838,260,18.233158531666,265,49.4554255748286,163,32.3114158935054,141
2026,"SIUE",17.1676006113092,305,51.0443199184921,126,31.7880794701987,175,20.9837781266353,112,48.8749345892203,186,30.1412872841444,228
2026,"SMU",16.8649405178446,316,53.3240027991603,58,29.8110566829951,223,18.2264150943396,268,43.1698113207547,343,38.6037735849057,9
2026,"Sacramento St.",25.5058823529412,3,47.5294117647059,224,26.9647058823529,287,19.2652712516019,218,46.9030328919265,269,33.8316958564716,86
2026,"Sacred Heart",18.8734762505254,239,38.7557797393863,361,42.3707440100883,6,15.0282030620467,356,48.8315874294923,189,36.1402095084609,36
2026,"Saint Francis",17.971442639094,274,49.5322501230921,160,32.4963072378139,153,18.8875051888751,237,48.9829804898298,182,32.1295143212951,147
2026,"Saint Joseph's",18.7309865275967,246,46.8491960017384,239,34.4198174706649,102,16.1764705882353,340,50.1782531194296,126,33.5561497326203,97
2026,"Saint Louis",17.7576853526221,282,44.4846292947559,295,37.7576853526221,32,23.3082706766917,32,44.5820433436533,328,32.109685979655,148
2026,"Saint Mary's",21.5295095594347,88,47.5477971737323,223,30.9226932668329,196,16.600790513834,329,52.5691699604743,49,30.8300395256917,196
2026,"Saint Peter's",21.9814241486068,73,47.6780185758514,220,30.3405572755418,214,26.4219234746639,3,47.3629782833506,246,26.2150982419855,334
2026,"Sam Houston St.",18.991935483871,234,50.1612903225806,143,30.8467741935484,202,19.9664429530201,171,48.3221476510067,213,31.7114093959732,168
2026,"Samford",21.4652956298201,91,42.4164524421594,337,36.1182519280206,68,19.099177132958,227,50.2381983542659,122,30.6626245127761,206
2026,"San Diego",15.8174568010634,349,46.9649977846699,236,37.2175454142667,45,20.7037643207856,124,50.8183306055646,99,28.4779050736498,284
2026,"San Diego St.",21.2688084587231,101,52.6230174867832,77,26.1081740544937,306,22.6018396846255,58,39.0713972842751,364,38.2391590013141,12
2026,"San Francisco",21.7244294167371,83,41.7582417582418,347,36.5173288250211,61,17.7890724269377,288,52.6048284625159,48,29.6060991105464,252
2026,"San Jose St.",19.9029126213592,175,47.396293027361,228,32.7007943512798,148,19.4082840236686,208,50.6508875739645,104,29.9408284023669,238
2026,"Santa Clara",14.8500365764448,361,48.5003657644477,198,36.6495976591075,58,21.4107883817427,95,49.9585062240664,139,28.6307053941909,279
2026,"Seattle",19.9281867145422,172,48.8330341113106,188,31.2387791741472,189,19.9074074074074,175,50.0925925925926,131,30,234
2026,"Seton Hall",21.111589831969,109,58.5954330030159,5,20.2929771650151,362,24.0723562152134,16,42.9499072356215,350,32.9777365491651,115
2026,"Siena",20.6422018348624,136,56.4637197664721,19,22.8940783986656,349,16.8831168831169,320,50.0671742051052,132,33.0497089117779,110
2026,"South Alabama",19.3392070484581,208,51.7180616740088,109,28.942731277533,238,15.6561085972851,349,30.316742081448,365,54.027149321267,1
2026,"South Carolina",22.185154295246,66,45.7881567973311,269,32.0266889074229,167,19.0437270126686,231,54.1070698814875,21,26.8492031058439,323
2026,"South Carolina St.",22.6396440929313,55,49.3326742461691,168,28.0276816608997,258,26.0545905707196,4,47.1464019851117,258,26.7990074441687,325
2026,"South Dakota",25.1216275984078,9,48.7394957983193,190,26.1388766032729,305,17.3490924440692,306,59.0966652596032,1,23.5542422963276,360
2026,"South Dakota St.",17.060732498841,307,51.3676402410756,119,31.5716272600834,181,19.8519204072189,178,42.9430819065248,351,37.2049976862564,22
2026,"South Florida",23.0962643678161,41,44.0373563218391,309,32.8663793103448,139,21.949221949222,75,45.6183456183456,297,32.4324324324324,136
2026,"Southeast Missouri",21.301775147929,99,52.3441055985435,86,26.3541192535275,302,26.6143911439114,2,48.6162361623616,198,24.7693726937269,353
2026,"Southeastern Louisiana",22.7763496143959,51,49.4601542416452,165,27.7634961439589,267,22.3936418887331,66,47.3118279569892,249,30.2945301542777,223
2026,"Southern",21.9729043183743,75,51.4817950889077,116,26.545300592718,296,23.5223160434258,27,46.8033775633293,272,29.6743063932449,247
2026,"Southern Illinois",17.8428761651132,278,61.7842876165113,1,20.3728362183755,361,18.2234432234432,269,50.1831501831502,125,31.5934065934066,173
2026,"Southern Indiana",22.0564730953649,70,46.1374533830581,265,31.806073521577,174,21.0576923076923,109,56.7307692307692,5,22.2115384615385,363
2026,"Southern Miss",24.5081967213115,15,56.3114754098361,20,19.1803278688525,363,23.167274200081,35,46.334548400162,285,30.498177399757,216
2026,"Southern Utah",18.9318073438245,236,53.0281354315689,64,28.0400572246066,257,16.5464573610522,333,57.1064913025032,4,26.3470513364446,330
2026,"St. Bonaventure",17.5885395941106,287,54.8348587345802,38,27.5766016713092,270,19.3250301325834,213,47.408597830454,244,33.2663720369626,103
2026,"St. John's",23.007573025604,44,51.5686981608366,112,25.4237288135593,320,19.3778898696931,210,53.635981504834,27,26.9861286254729,320
2026,"St. Thomas",16.4673046251994,333,48.006379585327,212,35.5263157894737,79,18.6672550750221,248,49.9558693733451,141,31.3768755516328,182
2026,"Stanford",20.1563142739613,165,43.4389140271493,322,36.4047716988893,63,22.9578675838349,38,51.5047291487532,74,25.5374032674119,344
2026,"Stephen F. Austin",16.6388657214345,325,48.9574645537948,185,34.4036697247706,103,19.2127460168697,222,53.514526710403,28,27.2727272727273,318
2026,"Stetson",17.4439461883408,293,45.0224215246637,287,37.5336322869955,39,17.0298627925747,317,51.0088781275222,89,31.9612590799031,154
2026,"Stonehill",16.6331658291457,326,49.1457286432161,176,34.2211055276382,109,17.7262180974478,293,54.292343387471,19,27.9814385150812,295
2026,"Stony Brook",16.9651272384543,313,43.449575871819,321,39.5852968897267,19,20,167,46.3448275862069,283,33.6551724137931,95
2026,"Syracuse",17.7916666666667,281,53.5833333333333,54,28.625,244,18.9393939393939,234,51.5151515151515,73,29.5454545454545,255
2026,"TCU",21.2074303405573,105,50.4643962848297,136,28.328173374613,250,17.6198486122792,294,51.219512195122,84,31.1606391925988,185
2026,"Tarleton St.",24.3469689502218,18,57.1710202069985,12,18.4820108427797,365,24.5638849599246,13,45.4502593116455,305,29.98585572843,235
2026,"Temple",23.1992929739284,37,49.2266902342024,170,27.5740167918692,272,20.1178069777979,161,52.0163117353874,66,27.8658812868147,298
2026,"Tennessee",20.6712433257056,135,54.8436308161709,37,24.4851258581236,334,21.0572302315422,110,45.2599388379205,313,33.6828309305373,94
2026,"Tennessee Martin",20.6388206388206,138,44.4226044226044,300,34.9385749385749,88,21.0716125708398,107,48.3256053580629,211,30.6027820710974,208
2026,"Tennessee St.",20.3180212014134,156,55.0353356890459,34,24.6466431095406,331,22.714552238806,50,50,137,27.285447761194,316
2026,"Tennessee Tech",21.6573462125064,84,51.0421962379258,127,27.3004575495679,278,18.3278223901748,261,50.9211147850732,94,30.751062824752,203
2026,"Texas",24.4486692015209,16,49.2015209125475,172,26.3498098859316,303,22.6901062959935,51,50.204415372036,123,27.1054783319706,319
2026,"Texas A&M",20.2707516921981,159,42.7502671891699,334,36.978981118632,49,20.7776904948939,123,48.4681853888452,205,30.7541241162608,202
2026,"Texas A&M Corpus Chris",21.8922999496729,77,52.1389028686462,94,25.9687971816809,314,24.7017892644135,12,50.3976143141153,116,24.9005964214712,351
2026,"Texas Southern",21.6529724504592,85,52.972450459159,66,25.3745770903818,323,22.9120142920947,43,44.6627958910228,324,32.4251898168825,137
2026,"Texas St.",20.5746061167748,144,60.5189990732159,2,18.9063948100093,364,21.1494252873563,104,48.367816091954,209,30.4827586206897,217
2026,"Texas Tech",14.6910221531286,362,42.2852701127089,338,43.0237077341625,3,18.15834767642,273,54.4750430292599,17,27.3666092943201,314
2026,"The Citadel",16.7886774036115,319,44.7047340165935,292,38.506588579795,28,16.561047739755,331,48.3312209547951,210,35.1077313054499,56
2026,"Toledo",17.3913043478261,296,55.2291421856639,32,27.37955346651,275,14.3260694108152,363,53.1073446327684,38,32.5665859564165,132
2026,"Towson",18.4063373718546,257,54.6132339235788,40,26.9804287045666,286,17.3095014111007,307,49.9529633113829,143,32.7375352775165,123
2026,"Troy",20.5191594561187,147,44.7466007416564,290,34.734239802225,92,18.492854049372,254,52.1437851883932,60,29.3633607622347,263
2026,"Tulane",25.2494577006508,8,42.0824295010846,344,32.6681127982646,150,21.0656753407683,108,46.3444857496902,284,32.5898389095415,131
2026,"Tulsa",22.5388601036269,57,39.8223538119911,358,37.6387860843819,35,18.6026936026936,251,48.5690235690236,203,32.8282828282828,119
2026,"UAB",21.0070160957491,116,58.1923235658275,8,20.8006603384234,357,17.1366594360087,314,51.1062906724512,86,31.7570498915401,165
2026,"UC Davis",22.7735368956743,52,43.765903307888,314,33.4605597964377,127,21.8922358930844,77,48.960543063216,183,29.1472210436996,268
2026,"UC Irvine",20.2123315639036,161,57.0028583095141,13,22.7848101265823,351,16.9868995633188,318,48.296943231441,215,34.7161572052402,68
2026,"UC Riverside",20.9865053513262,117,49.6975337366217,157,29.3159609120521,228,21.5339233038348,90,54.6986936367467,15,23.7673830594185,358
2026,"UC San Diego",17.0373478808225,311,50.1049097775913,145,32.8577423415862,140,17.8270509977827,286,46.9179600886918,267,35.2549889135255,49
2026,"UC Santa Barbara",20.6866579747936,132,43.4593654932638,320,35.8539765319426,73,22.6491862567812,52,50.6329113924051,105,26.7179023508137,329
2026,"UCF",17.7537630258587,283,53.1840988035508,62,29.0621381705905,233,19.9920350457985,168,49.0641178813222,179,30.9438470728793,192
2026,"UCLA",19.0314037079077,227,50.0945894816496,146,30.8740068104427,198,20.5468102734051,136,45.8989229494615,293,33.5542667771334,98
2026,"UMBC",19.309462915601,210,49.3606138107417,166,31.3299232736573,184,14.9647058823529,357,53.2705882352941,32,31.7647058823529,163
2026,"UMass Lowell",18.7267657992565,247,56.5985130111524,15,24.6747211895911,329,15.9276797244942,346,55.5316401205338,12,28.540680154972,280
2026,"UNC Asheville",21.1510791366906,108,51.5107913669065,115,27.3381294964029,277,20.3626220362622,144,50.4881450488145,113,29.1492329149233,267
2026,"UNC Greensboro",22.1451876019576,67,45.6769983686786,274,32.1778140293638,161,16.1388782907287,341,44.2579168256391,333,39.6032048836322,5
2026,"UNC Wilmington",21.7447357112162,80,46.1538461538462,264,32.1014181349377,164,19.9047619047619,176,48.0952380952381,220,32,152
2026,"UNLV",20.7214121258634,129,50.729086722947,131,28.5495011511896,246,23.9495798319328,22,48.2047364400306,218,27.8456837280367,299
2026,"USC",24.1607956900124,21,51.4711976792375,117,24.3680066307501,337,20.6910736322501,126,49.4446729740847,165,29.8642533936652,242
2026,"USC Upstate",18.795531811559,244,52.9383195726081,68,28.2661486158329,252,19.9088838268793,174,49.749430523918,150,30.3416856492027,221
2026,"UT Arlington",24.5570866141732,14,54.0354330708661,47,21.4074803149606,355,23.2169208066896,33,55.6812592228234,10,21.101819970487,365
2026,"UT Rio Grande Valley",16.7541557305337,321,46.6316710411199,247,36.6141732283465,59,21.9278209227958,76,49.7030607583371,152,28.3691183188671,286
2026,"UTEP",19.5698924731183,192,46.2365591397849,262,34.1935483870968,112,22.4078624078624,65,48.8452088452088,188,28.7469287469287,277
2026,"UTSA",18.6836518046709,250,48.5138004246284,197,32.8025477707006,142,18.3462532299742,259,46.7700258397933,275,34.8837209302326,63
2026,"Utah",18.3270281630937,260,50.5254308532997,134,31.1475409836066,192,16.5547214539708,332,55.946266297906,8,27.4990122481233,310
2026,"Utah St.",19.4362017804154,203,50,150,30.4896142433234,211,22.3267750213858,71,45.0812660393499,317,32.5919589392643,130
2026,"Utah Tech",17.2637030643073,300,51.5321536469573,114,31.2041432887354,190,19.0615835777126,230,55.8022622538752,9,25.1361541684122,347
2026,"Utah Valley",19.2691029900332,212,56.063122923588,22,24.6677740863787,330,22.4601366742597,63,49.9316628701595,144,27.6082004555809,308
2026,"VCU",23.007573025604,44,42.6974395961053,335,34.2949873782907,106,19.4238683127572,206,52.1810699588477,59,28.3950617283951,285
2026,"VMI",18.8318227593152,241,37.9657603222558,364,43.202416918429,2,18.1592039800995,272,45.273631840796,312,36.5671641791045,29
2026,"Valparaiso",22.5197541703248,59,47.0588235294118,234,30.4214223002634,213,19.7826086956522,181,51.9130434782609,67,28.304347826087,291
2026,"Vanderbilt",21.491825613079,89,45.5040871934605,276,33.0040871934605,136,24.0125146656238,20,47.4775127102073,240,28.5099726241689,282
2026,"Vermont",17.3743500866551,297,47.9202772963605,216,34.7053726169844,94,20.9545454545455,115,44.8181818181818,322,34.2272727272727,77
2026,"Villanova",16.8084244633455,318,45.7675172134467,271,37.4240583232078,40,16.8211920529801,323,52.7152317880795,46,30.4635761589404,219
2026,"Virginia",18.0160466812546,273,44.3471918307805,303,37.636761487965,36,21.6251074806535,87,48.323301805675,212,30.0515907136715,232
2026,"Virginia Tech",19.4763982546609,201,47.9174930583102,217,32.606108687029,151,17.3622704507513,305,53.0884808013356,39,29.5492487479132,254
2026,"Wagner",19.138019497178,219,48.5377116469985,195,32.3242688558235,157,22.4950884086444,62,49.2141453831041,173,28.2907662082515,292
2026,"Wake Forest",20.6408345752608,137,45.3800298062593,280,33.9791356184799,119,20.2294455066922,152,44.4359464627151,330,35.3346080305927,47
2026,"Washington",18.3104125736739,262,55.6385068762279,25,26.0510805500982,309,18.2716049382716,263,50.3703703703704,117,31.358024691358,183
2026,"Washington St.",17.0575692963753,308,45.7142857142857,273,37.228144989339,44,19.1231732776618,225,50.9394572025052,92,29.937369519833,239
2026,"Weber St.",21.6490486257928,86,52.600422832981,78,25.7505285412262,316,19.5615514333895,197,51.602023608769,71,28.8364249578415,275
2026,"West Georgia",17.1681415929204,304,55.4867256637168,28,27.3451327433628,276,20.2070393374741,153,52.0910973084886,64,27.7018633540373,306
2026,"West Virginia",19.0153568202349,230,47.5158084914182,225,33.4688346883469,125,17.9054054054054,285,48.0694980694981,222,34.0250965250965,83
2026,"Western Carolina",18.1201988251243,267,48.5314053321283,196,33.3483958427474,129,20.0785683107813,164,44.9585333915321,319,34.9628982976866,60
2026,"Western Illinois",21.9209039548023,76,50.9604519774011,129,27.1186440677966,280,18.4713375796178,255,53.6851683348499,25,27.8434940855323,300
2026,"Western Kentucky",24.7219846022241,13,43.9692044482464,310,31.3088109495295,186,24.025974025974,19,43.6363636363636,339,32.3376623376623,140
2026,"Western Michigan",19.6453569762016,187,49.556696220252,159,30.7979468035464,203,19.3798449612403,209,45.4780361757106,301,35.1421188630491,53
2026,"Wichita St.",19.9921290830382,170,52.4990161353798,81,27.5088547815821,274,20.3440860215054,146,52.8172043010753,44,26.8387096774194,324
2026,"William & Mary",23.3033524121014,36,46.7702371218316,240,29.926410466067,220,19.5606252640473,198,45.4583861427968,302,34.9809885931559,59
2026,"Winthrop",24.3960396039604,17,42.2178217821782,340,33.3861386138614,128,21.6777408637874,84,46.1794019933555,288,32.1428571428571,145
2026,"Wisconsin",18.7101346562721,248,38.7668320340184,360,42.5230333097094,4,17.7838047268501,290,50.1356063541263,129,32.0805889190236,150
2026,"Wofford",19.6512122501063,185,45.7677584006806,270,34.5810293492131,99,20.6618582944421,127,48.7908358082308,191,30.5473058973271,214
2026,"Wright St.",20.6330597889801,139,52.7549824150059,72,26.6119577960141,294,19.2291753004559,221,54.0406133443846,22,26.7302113551596,328
2026,"Wyoming",20.2625102543068,160,47.005742411813,235,32.7317473338802,147,24.3359040274207,14,49.9571550985433,140,25.706940874036,342
2026,"Xavier",16.5119876256767,331,47.6411446249033,221,35.84686774942,74,17.4746335963923,301,53.2130777903044,33,29.3122886133033,265
2026,"Yale",19.0619621342513,226,49.8278829604131,154,31.1101549053356,193,15.9385501680269,345,45.6072971675468,298,38.4541526644263,10
2026,"Youngstown St.",17.6767676767677,284,43.8934802571166,312,38.4297520661157,29,20.48802946593,139,51.7495395948435,69,27.7624309392265,303
