"Season","TeamName","Size","SizeRank","Hgt5","Hgt5Rank","Hgt4","Hgt4Rank","Hgt3","Hgt3Rank","Hgt2","Hgt2Rank","Hgt1","Hgt1Rank","HgtEff","HgtEffRank","Exp","ExpRank","Bench","BenchRank","Pts5","Pts5Rank","Pts4","Pts4Rank","Pts3","Pts3Rank","Pts2","Pts2Rank","Pts1","Pts1Rank","OR5","OR5Rank","OR4","OR4Rank","OR3","OR3Rank","OR2","OR2Rank","OR1","OR1Rank","DR5","DR5Rank","DR4","DR4Rank","DR3","DR3Rank","DR2","DR2Rank","DR1","DR1Rank","Continuity","RankContinuity"
"2026","Abilene Christian",76.65,291,0.23,146,-1.92,352,-1.74,348,-0.95,295,0.79,110,-0.85,293,1.27022,227,34.3,117,17.45,226,25.78,25,22.73,83,16.81,308,17.22,290,31.66,250,19.61,308,9.81,342,15.67,64,23.25,5,29.52,67,22.41,228,15.6,308,14.85,250,17.61,66,39.0987247228622,69
"2026","Air Force",78.22,63,1.06,67,0.56,113,0.24,146,0.62,99,1.79,33,0.81,73,0.355848,359,30.37,210,21.6,79,25.07,34,14.88,332,15.21,338,23.19,104,34.39,196,14.71,351,27.55,23,13.72,91,9.55,142,22.18,295,15.42,360,23.24,49,15.34,222,23.76,2,20.004004240036,202
"2026","Akron",75.93,350,-1.49,322,-1.29,321,-1.13,307,-2.07,358,-1.21,301,-1.39,334,1.65732,122,29.22,249,21.05,99,16.1,312,15.87,312,20.06,204,26.87,23,38.43,114,33.01,78,13.37,277,6.17,335,8.97,171,30.83,46,24.33,156,17.24,260,15,240,12.54,276,52.1833121776581,19
"2026","Alabama",78.17,69,1.46,43,1.17,44,0.5,117,0.43,134,0.47,143,1.32,39,2.03223,54,33.79,127,16.09,277,16.94,290,15.39,322,27.82,11,23.76,89,35.64,169,25.4,187,26.17,32,7.93,293,4.87,318,22.91,273,26.67,85,22.35,74,14.19,280,13.88,208,30.3705930709839,125
"2026","Alabama A&M",77.47,164,-0.36,213,0.31,143,1.66,20,-0.33,217,-0.78,252,-0.02,177,1.37491,202,27.55,284,14.77,301,17.04,285,23.01,78,21.13,160,24,78,40.11,82,21.87,261,17.21,179,10.23,210,10.51,109,27.13,127,19.32,319,20.59,125,16.84,150,16.05,112,8.22142586112022,294
"2026","Alabama St.",77.06,236,-0.35,212,-0.73,276,-0.39,248,-0.87,288,0.79,110,-0.54,244,0.982868,285,32.55,161,19.45,153,18.03,251,12.81,359,25.7,35,23.96,84,34.25,200,35.24,44,17.25,178,7.28,315,5.91,280,23.82,241,23.77,172,17.97,242,17.14,134,17.23,73,19.7051525115967,206
"2026","Albany",77.12,220,0.24,144,1.01,58,0.3,135,-0.58,260,-2.19,342,0.63,96,0.708398,340,29.38,243,19.63,145,18.8,220,16.32,306,18.18,267,27.07,20,37.28,137,16.48,332,29.23,13,11.27,171,5.74,292,27.21,122,19.29,320,19.89,156,18.84,75,14.78,174,12.9054844379425,258
"2026","Alcorn St.",76.45,318,-1.76,342,-0.29,213,-0.01,181,-1.36,330,-1.15,293,-1.02,313,0.838466,316,29.75,235,23.62,44,19.22,201,16.98,289,22.55,105,17.62,279,35.17,180,23.89,222,20.03,114,9.09,247,11.82,77,29.68,65,25.06,133,16.04,295,13.51,311,15.7,126,17.8442761301994,216
"2026","American",77.08,231,-2.28,359,-0.6,261,0.15,161,0.61,100,0.67,128,-1.44,341,1.39832,196,30.09,222,20.3,122,17.7,262,27.71,7,15.42,336,18.85,231,22.03,355,18.91,310,33.06,4,20.53,20,5.44,304,24.8,198,20.88,268,26.03,15,14.27,275,14.01,203,40.0759994983673,60
"2026","Appalachian St.",76.66,288,-0.56,232,0.24,150,-0.93,297,-1.81,350,-0.45,222,-0.16,193,2.0245,55,26.84,296,18.38,194,16.59,302,22.48,89,19.89,208,22.63,121,42.87,54,31.86,93,10.23,336,4.71,357,10.3,112,25.87,159,23.68,175,16.43,280,12.47,341,21.51,7,22.4347025156021,186
"2026","Arizona",79.01,8,2.32,20,0.71,80,1.72,17,1.46,43,2,23,1.52,31,1.58006,142,28.85,255,17.24,234,21.48,112,18.07,251,22.13,121,21.07,168,32.7,230,42.9,5,13.69,272,4.6,358,6.07,274,23.49,251,28.65,39,15.59,309,16.8,154,15.44,138,35.8284384012222,94
"2026","Arizona St.",79.01,7,2.95,9,3.33,1,0.91,76,0.12,158,0.93,102,3.14,1,1.49871,164,30.26,214,22.35,61,16.76,294,13.78,353,21.44,146,25.63,42,27.89,317,34.15,57,21.94,79,9.05,249,6.92,244,23.38,257,25.43,119,20.37,138,15.55,211,15.23,152,1.59388072788715,330
"2026","Arkansas",78.51,34,0.44,120,1.75,16,0.47,120,1.14,59,1.92,28,1.1,50,1.58959,140,26.97,292,16.42,267,18.2,240,18.87,228,19.23,231,27.25,18,46.18,23,21.96,260,19.93,115,7.13,320,4.75,324,22.91,272,30.92,15,18.38,226,14.55,263,13.19,244,36.5600436925888,90
"2026","Arkansas Pine Bluff",76.84,264,-1.44,319,-0.53,255,-0.21,208,1.51,42,-1.97,332,-0.98,309,0.952488,292,17.56,360,24.09,34,18.39,231,14.88,333,24.54,58,18.11,259,39.81,85,15.73,343,8.24,351,28.93,1,7.29,226,28.78,79,18.27,341,15.62,307,27.54,2,9.78,353,4.93456609547138,313
"2026","Arkansas St.",78.37,45,1.48,42,0.37,133,0.58,109,1.56,26,0.99,97,0.93,61,1.55813,150,26.28,305,13.51,335,19.19,204,21.06,129,21.37,151,24.84,58,31.68,249,23.9,221,20.15,110,12.43,128,11.77,79,25.45,173,25.19,124,23.67,42,12.48,340,13.14,247,0,347
"2026","Army",75.98,347,-1,282,-2.4,364,-1.9,352,-1.44,337,-0.21,199,-1.7,351,0.947845,294,30.19,218,17.78,215,16.69,297,20.65,148,24.4,59,20.41,192,27.56,320,28.56,141,18.51,149,16.91,45,8.39,192,22.84,275,16.7,358,15.69,302,25.13,5,19.57,19,32.7014207839966,109
"2026","Auburn",78.25,59,-0.42,224,0.71,80,2.06,7,2.02,13,0.07,179,0.15,155,1.50389,161,22.86,343,18.54,186,14.94,337,21.57,118,22.62,102,22.33,131,39.86,84,23.97,216,19.28,129,11.11,176,5.79,288,26.49,144,19.6,307,21.32,110,18.07,95,14.52,184,11.7930300533772,265
"2026","Austin Peay",77.39,174,-1.12,294,0.71,80,2.01,8,-0.76,280,-0.74,243,-0.21,203,0.844257,315,25.77,315,20.28,124,18.76,221,25.56,24,14.09,353,21.24,163,43.14,49,14.52,353,16.83,192,8.39,271,17.01,12,23.83,240,24.03,162,26.23,13,14.67,258,11.16,323,27.9011994600296,147
"2026","Ball St.",76.3,330,-1.61,334,-0.72,275,-1.53,336,-1.02,300,-0.45,221,-1.17,325,1.81116,95,30.49,208,11.31,357,14.04,352,22.35,99,26.7,22,25.56,43,35.49,173,27.82,151,15.95,214,14.85,75,5.81,286,23.95,231,19.4,316,21.01,111,19.42,62,16.17,106,6.49296045303345,306
"2026","Baylor",77.28,195,-0.49,228,-0.77,283,-0.34,228,0.63,97,0.54,139,-0.63,258,1.71875,111,25.23,327,13.73,329,18.12,245,27.2,12,22.41,110,18.54,238,37.75,127,29.74,129,20.6,103,6.12,336,5.77,290,23.91,233,22.82,215,21.34,108,19.31,65,12.6,271,0,347
"2026","Bellarmine",77.85,101,-0.95,276,-0.15,195,1.34,43,0.86,81,1.33,69,-0.55,246,0.918276,303,28.33,264,13.75,328,32.21,2,22.56,87,16.45,319,15.02,345,22.91,353,23.81,224,22.62,68,20.28,21,10.38,110,23.12,264,25.51,116,20.94,113,15.64,208,14.79,173,37.9257887601852,76
"2026","Belmont",77.82,107,-0.56,232,1.69,20,-0.02,182,0.25,146,0.92,104,0.57,104,1.01508,280,38.61,37,20.93,106,23.58,59,21.63,116,17.43,293,16.4,316,34.94,186,31.3,106,2.48,365,21.14,16,10.12,122,20.82,324,27.32,65,13.04,354,19.8,51,18.99,31,40.7924741506577,55
"2026","Bethune Cookman",77.56,145,-1.82,344,-1.05,305,0.66,94,0.98,72,2.22,16,-1.44,338,2.01936,57,32.65,157,23.23,49,17.91,256,25.58,23,19.08,241,14.16,352,34.33,198,23.91,219,19.7,123,11.88,149,10.14,121,29.27,72,19.92,301,17.13,264,14.85,252,18.79,34,23.8624304533005,172
"2026","Binghamton",76.38,326,-0.7,254,-0.75,280,-0.25,214,-1.16,314,-2.06,340,-0.73,278,1.15729,250,25.68,318,24.89,25,15.84,318,15.45,321,20.35,185,23.45,96,42.45,57,15.29,346,15.86,217,16.27,49,10.08,126,27.21,123,19.49,313,16.04,296,16.15,188,21.09,10,13.8332962989807,245
"2026","Boise St.",78.87,15,0.95,74,0.4,131,1.66,20,2.71,1,1.79,33,0.68,89,1.84581,85,34.11,120,26.58,7,16.93,291,17.63,260,19.21,233,19.65,213,31.55,259,26.63,167,27.3,26,11.73,156,2.78,361,24.77,202,25.67,112,22.68,66,13.75,299,13.13,248,39.6704465150833,65
"2026","Boston College",77.82,106,0.77,88,1.51,31,-0.23,210,-0.07,184,0.29,154,1.14,47,1.47924,170,31.95,179,21.78,74,14.03,353,21.18,125,20.39,182,22.56,123,37.25,138,35.07,45,9.92,341,9.7,221,7.95,203,24.18,225,28.38,48,18.84,203,15.23,225,13.3,235,32.9831302165985,108
"2026","Boston University",77.59,135,1.81,35,-1.28,320,-0.61,269,0.1,163,1.1,82,0.27,140,0.987721,284,22.26,346,22.87,52,17.79,260,24.79,40,19.86,209,14.65,348,43.37,44,22.06,257,14.69,247,11.59,159,8.25,196,31.33,38,17.74,350,18.97,198,16.17,186,15.74,124,37.85600066185,77
"2026","Bowling Green",78.23,62,0.05,167,1.33,41,1.31,45,0.84,86,0.79,110,0.69,87,1.51664,158,28.24,266,17.36,231,21.65,106,13.11,358,20.85,163,27.03,21,41.27,67,20.83,288,7.54,358,14.86,73,15.5,22,23.32,259,25.73,110,18.2,234,17.44,122,15.31,146,17.8728595376015,215
"2026","Bradley",77.36,178,2.66,12,1.04,55,0.07,171,-1.01,297,-2.77,353,1.85,17,1.77986,100,32.51,162,16.81,247,15.65,324,19.29,208,24.15,63,24.07,76,29.55,287,32.58,81,18.63,145,9.05,248,10.14,120,27.76,107,24.6,145,19.51,177,16.3,179,11.78,299,27.5493234395981,150
"2026","Brown",76.83,265,-1.16,297,0.31,141,-0.73,275,-0.31,214,-0.78,250,-0.43,232,0.81549,321,35.61,86,16.49,262,26.62,14,23.89,62,15.65,332,17.31,287,29.69,284,35.78,37,11.88,309,10.73,193,11.85,76,22,299,26.89,76,12.84,355,20.88,31,17.31,72,42.7759557962418,45
"2026","Bryant",79.24,4,1.02,70,1.45,35,2.65,1,2.67,2,1.57,56,1.24,42,0.368089,358,29.53,240,22.26,63,24.05,48,16.37,304,20.07,203,17.2,291,28.97,300,17.07,329,20.84,98,18.35,32,14.73,30,22.8,279,23.28,191,22.75,61,20.11,44,11.03,326,9.28618535399437,284
"2026","Bucknell",76.3,331,1.26,57,-0.5,252,-1.34,324,-1.08,304,-3.69,365,0.38,128,1.02536,279,28.82,256,27.06,5,18.26,236,20.34,162,21.72,134,12.59,361,35.25,177,24.15,211,20.2,108,15.73,61,4.64,329,19.01,350,21.15,265,25.21,20,20.71,33,13.91,207,31.5121412277222,116
"2026","Buffalo",76.63,293,0.86,80,0.08,169,-2.15,358,-0.67,272,-1.81,327,0.47,118,1.49379,167,26.45,304,18.37,195,12.1,362,23.94,58,27.74,12,17.85,268,28.19,312,34.59,49,14.06,263,9.6,227,13.55,43,30.97,42,22.99,209,14.33,337,16,193,15.72,125,37.183153629303,82
"2026","Butler",78.2,67,1.34,52,-0.47,248,0.48,118,0.88,79,1.95,26,0.43,120,1.84389,87,33.66,130,19.19,164,23.15,64,15.66,317,19.46,223,22.49,125,31.64,252,31.81,96,18.2,154,8.77,261,9.52,145,20.89,322,37.35,2,19.18,193,11.5,357,11.03,325,15.2536600828171,238
"2026","BYU",78.33,47,-0.08,183,1.46,34,1.57,27,1.75,19,0.12,173,0.69,86,1.6107,137,28.18,267,11.81,353,29.3,7,12.77,361,22.14,119,23.97,83,27.68,319,23.71,228,22.1,74,17.13,43,9.36,153,26.81,138,26.61,87,18.48,221,16.15,187,11.93,298,27.8777092695236,148
"2026","Cal Baptist",76.52,312,1.94,32,0.55,118,-1.78,349,-1.94,353,-3.01,358,1.24,41,1.41366,193,31.75,182,14.15,316,18.23,237,19.13,219,15.48,334,32.99,4,37.8,126,36.29,34,10.95,328,8.13,285,6.8,249,26.18,151,31.91,10,15.64,304,13.19,318,13.06,251,31.3418507575989,119
"2026","Cal Poly",77.68,128,-1.05,286,-0.4,238,0.66,94,0.58,106,1.76,45,-0.73,277,0.629486,346,32.81,151,25.53,14,17.37,275,22.44,93,14.45,347,20.13,203,23.85,346,22.11,256,26.44,31,14.7,78,12.83,58,26.61,141,18.84,330,24.31,36,15.48,215,14.69,177,31.7246347665787,113
"2026","Cal St. Bakersfield",77.12,223,-0.41,222,-0.64,267,0.01,179,0.11,161,-0.33,216,-0.52,241,1.9888,59,36.57,60,20.12,127,21.59,107,21.53,119,21.36,152,15.39,339,43.1,50,17.94,324,15.52,229,14.15,85,9.23,162,37.11,2,18.21,342,13.86,346,14.3,273,16.48,97,28.3065289258957,142
"2026","Cal St. Fullerton",75.81,356,-0.74,258,-1.78,350,-2.11,357,-1.97,354,-1.19,298,-1.26,327,1.07774,266,35.38,91,20.99,103,20.1,163,20.23,166,22.28,114,16.38,317,36.18,159,22.75,242,18.59,146,13.46,102,9,170,14.46,365,25.13,129,20.86,119,21.13,26,18.41,45,8.77618044614792,287
"2026","California",77.62,133,0.56,108,0.61,106,0.35,129,-0.65,268,0.39,147,0.59,102,2.15666,41,29.11,252,14.07,320,22.59,83,18.72,230,23.62,75,20.95,173,49.98,4,16.37,333,11.95,308,10.79,191,10.82,103,34.83,6,20.19,289,15.36,313,16.55,163,13,254,13.7705832719803,247
"2026","Campbell",76.32,328,-0.93,274,-1.92,351,-0.76,278,-0.56,257,-1.04,284,-1.42,335,2.41706,21,17.5,361,21.36,90,16.65,300,16.87,293,18.6,252,26.49,28,38.55,111,33.88,62,9.28,343,8.24,276,10.01,128,31.9,32,25.86,103,14.34,336,13.57,307,14.29,195,25.4670083522797,164
"2026","Canisius",77.29,193,0.03,172,0.62,105,-1,301,-0.11,191,0.08,178,0.33,134,1.39228,198,28.06,271,19.68,144,20.01,168,17.59,262,22.81,97,19.9,208,25.39,338,23.11,235,28.12,20,15.61,66,7.77,207,25.24,182,21.09,266,21.48,103,17.76,106,14.43,188,6.55626207590103,305
"2026","Central Arkansas",77.12,222,-0.64,250,-1.18,315,-0.47,254,0.01,170,1.03,93,-0.91,303,0.96212,291,33.27,140,10.55,361,20.67,142,17.99,254,30.27,4,20.46,188,27.74,318,20.45,296,17.73,167,22.35,11,11.66,81,23.68,247,22.52,224,18.29,230,21.01,27,14.42,189,11.7426671087742,266
"2026","Central Connecticut",77.49,160,-0.81,266,-0.23,205,0.16,158,0.11,160,1.38,66,-0.52,242,0.77526,329,26.5,302,20.81,108,30.67,4,12.47,363,15.87,324,20.12,204,33.55,219,24.02,215,28.91,14,9.65,224,3.81,344,32.24,28,20.43,280,21.65,94,14.76,256,10.87,331,16.4117023348808,226
"2026","Central Michigan",77.49,157,1.96,30,-0.52,254,-0.5,256,-0.37,224,0.04,182,0.72,82,0.313156,360,30.72,202,20.3,121,17.48,273,19.33,206,19.01,243,23.83,88,25.61,336,35.7,40,8.08,352,9.23,238,21.33,7,24.94,191,27.24,66,15.47,311,13.82,297,18.47,41,0,347
"2026","Charleston",78.26,58,3.53,3,-0.47,247,-0.05,188,-0.33,219,1.79,33,1.53,29,1.66173,121,35.67,83,25.21,20,15.61,325,18.58,233,15.62,333,24.91,56,53.53,2,14.7,352,16.66,197,7,324,8,200,33.85,14,13.61,364,18.79,209,12.34,347,21.34,8,2.435452491045,323
"2026","Charleston Southern",77.12,221,0.72,93,-0.46,246,-0.56,259,0.03,168,-0.96,274,0.13,159,0.825201,319,41.67,15,16.03,280,21.74,101,25.48,30,21.45,145,15.26,340,35.19,179,23.53,231,21.62,84,14.25,83,5.36,306,27.4,115,25.11,131,21.75,90,14.18,283,11.51,313,13.3213356137276,252
"2026","Charlotte",78.9,14,3.08,7,1.53,29,0.32,132,0.59,103,2.14,17,2.3,11,1.115,257,42.28,11,18.56,183,13.83,355,24.87,39,22.1,122,20.6,181,39.78,86,20.97,284,14.55,252,12.6,123,12.06,73,32.43,27,18.39,338,15.87,297,15.35,221,17.92,50,8.47725570201874,290
"2026","Chattanooga",75.91,351,0.24,143,-1.59,344,-1.96,354,-2.75,361,-1.21,301,-0.68,263,1.40876,194,34.32,115,17.37,230,20.72,141,17.15,286,18.11,269,26.63,25,32.34,235,24.19,209,23.51,54,11.29,168,8.65,184,24.95,190,18.38,339,20.48,131,19.31,66,16.85,85,12.9918187856674,255
"2026","Chicago St.",75.65,360,-2.33,361,-1.3,330,-0.61,270,-1.05,303,-3.28,363,-1.82,355,1.30731,217,38.93,34,18.88,172,23.69,55,20.44,154,20.78,165,16.15,324,36.13,161,37.1,26,12.53,301,11.08,177,3.07,358,26.31,147,18.41,337,19.56,173,18.21,93,17.43,68,6.95101395249367,303
"2026","Cincinnati",78.57,31,3.38,4,2.5,6,0.84,80,-0.48,250,-0.21,199,2.94,2,2.27685,33,34.02,121,24.55,27,17.83,259,19.72,189,18.09,270,19.77,210,32.88,227,33.46,69,17.91,160,7.71,300,7.98,201,33.21,19,27.03,73,16.39,285,10,363,13.31,233,22.5302144885063,184
"2026","Clemson",77.78,111,0.44,120,1.61,23,-0.09,195,-0.33,218,0.43,146,1.03,54,2.34699,28,37.89,46,20.48,117,21.55,110,20.93,137,19.11,238,17.88,267,29.01,299,28.19,145,20.63,102,12.31,131,9.81,132,28.62,86,21.16,264,19.57,172,18.87,74,11.72,304,9.73731726408005,280
"2026","Cleveland St.",76.13,342,-2.17,356,-0.7,272,-0.19,207,-0.38,227,-2.75,350,-1.44,339,0.927707,299,35.71,81,14.48,309,22.58,84,15.71,314,24.88,50,22.35,130,30.37,279,40,11,11.22,319,7.06,323,11.35,90,27.08,129,27.7,57,16.7,275,14.66,259,13.85,210,0,347
"2026","Coastal Carolina",77.43,168,0.41,131,-0.41,240,0.26,144,-0.42,232,0.48,141,0,173,1.31656,214,26.06,309,11.31,356,16.8,293,18.22,247,29.06,8,24.57,62,41.8,62,23.9,220,13.08,284,11.03,180,10.15,119,23.46,254,22.39,229,19.17,194,16.41,173,18.54,39,15.6703427433968,233
"2026","Colgate",77.21,205,-0.36,215,0.01,178,-1.19,311,-0.44,234,1.17,77,-0.17,196,1.14728,252,27.87,278,21.33,91,21.83,99,14.12,348,21.2,157,21.52,153,36.25,155,27.92,148,16.6,201,9.63,225,9.57,140,22.08,298,22.72,219,14.44,333,22.83,12,17.92,51,36.1259996891022,93
"2026","Colorado",78.3,52,2.2,24,2.81,3,0.57,110,-0.7,275,-0.21,199,2.5,6,1.101,261,34.41,112,20.39,119,19.52,188,15.54,319,21.2,156,23.34,100,26.96,325,27.19,160,19.84,116,20.13,22,5.85,283,33.14,20,28.02,54,15.51,310,12.8,333,10.51,338,28.7826359272003,136
"2026","Colorado St.",77.62,132,0.32,137,0.59,109,0.08,167,-0.07,186,0.38,148,0.46,119,1.927,67,33.84,124,21.78,73,22.99,72,17.35,272,15.75,329,22.12,136,25.77,335,31.74,99,15.49,231,16.25,50,10.74,105,29.49,68,23.05,206,18.29,229,17.03,142,12.15,288,13.9361321926117,244
"2026","Columbia",77.73,119,0.03,173,0.92,61,1.02,66,-0.2,201,0.05,181,0.47,116,1.65259,125,32.19,170,16.46,266,18.4,230,20.09,175,21.83,130,23.13,108,31.08,266,19.83,302,32.33,5,9.46,234,7.2,230,25.28,180,19.48,315,25.34,19,14.58,262,15.22,153,43.7684923410416,42
"2026","Connecticut",78.64,29,2.07,28,0.53,119,1.26,52,0.88,80,1.65,49,1.3,40,2.41306,22,30.84,199,25.14,21,18.04,248,17.21,280,23,91,16.59,312,39.61,90,19.81,303,15.56,228,11.9,146,13.09,52,31.28,39,18.17,344,17.08,267,15.65,207,17.8,57,53.0548512935638,14
"2026","Coppin St.",77.57,141,-0.32,209,0.15,161,0.03,174,0.7,95,0.47,144,-0.09,187,0.569353,350,49.8,1,20.23,125,23.06,69,24.12,54,15.3,337,17.25,289,33.81,213,22.29,252,19.7,122,17.75,35,6.37,265,24.37,218,26.81,79,20.13,145,17.13,135,11.51,312,14.6662667393684,241
"2026","Cornell",75.7,358,-3.29,365,-2.64,365,-1.34,324,-0.3,213,-0.79,253,-2.96,365,1.38899,200,38.38,39,11.65,354,15.94,315,27.36,10,19.49,221,25.52,45,26.44,329,24.68,200,23.01,63,18.83,26,6.96,243,29.31,70,21.24,262,20.34,139,12.91,327,16.13,110,51.1811673641205,22
"2026","Creighton",78.24,60,0.07,164,0.32,140,0.94,74,1.6,23,1.43,65,0.2,148,1.85351,81,35.84,77,19.31,159,19.56,186,20.23,167,17.97,275,22.86,114,34.14,203,30.57,121,15.08,240,11.56,160,8.55,185,23.13,263,23.82,169,18.81,206,17.33,124,16.83,86,26.5649110078812,158
"2026","CSUN",77.02,243,-1.93,348,-1.29,321,0.1,165,0.06,165,1.34,68,-1.61,349,1.80157,98,26.9,294,16.65,256,18.89,215,23.46,67,23.88,69,17.09,295,28,314,34.67,47,17.01,186,7.72,299,12.55,64,16.24,363,24.91,137,26.82,10,14.32,272,17.66,63,23.5368326306343,174
"2026","Dartmouth",77.03,241,-1.56,324,-0.5,251,0.3,134,1.31,48,-1.24,309,-1.03,314,1.65505,123,27.95,275,19.35,158,19.36,193,21.01,132,24.78,54,15.43,338,35.98,164,29.22,133,23.25,57,7.06,322,4.38,335,27.44,114,30.35,17,17.84,244,14.43,269,9.85,352,54.0239989757538,12
"2026","Davidson",77.71,124,0.48,118,-0.75,279,0.17,156,0.51,124,1.31,72,-0.14,192,1.44722,179,40.29,22,13.42,338,16.06,313,25.56,26,26.18,27,18.72,235,44.78,28,14.26,357,25.19,40,10.88,188,4.82,319,24.07,227,24.38,155,20.76,121,17.45,121,13.26,238,22.3074153065681,187
"2026","Dayton",77.36,181,2.12,26,-1.01,301,0.48,119,0.92,77,-2.55,347,0.56,105,2.36106,24,29.72,237,19.13,165,18.36,232,15.3,324,22.19,118,24.99,51,29.11,296,22,259,24.71,44,16.97,44,7.17,232,24.79,200,20.77,271,22.91,60,21.14,25,10.36,341,31.5698981285095,115
"2026","Delaware",78.52,32,-0.61,248,0.71,80,1.28,49,1.59,25,2.79,6,0.05,171,0.865988,312,12.5,365,21.02,100,15.79,322,12.72,362,25.37,43,25.07,50,37.1,141,30.27,126,11.62,311,7.4,310,13.53,45,20.19,336,23.21,195,15.69,303,20.28,38,20.57,12,9.41661819815636,282
"2026","Delaware St.",76.8,270,0.31,139,0.74,78,-1.2,314,-0.69,273,-1.98,333,0.52,111,1.31585,215,44.89,5,10.14,364,23.76,52,22.46,92,17.87,278,25.73,39,40.89,73,18.67,315,19.64,124,10.79,190,9.92,130,25.43,174,27.59,61,19.6,167,14.89,249,12.42,279,15.767377614975,232
"2026","Denver",77.43,171,-1.62,335,-0.29,213,1.19,61,1.04,68,-0.04,190,-0.95,307,0.542351,354,24.7,329,11.23,358,18.73,222,20.32,163,23.55,77,26.11,30,43.04,52,16.18,335,23.87,51,14.35,81,2.48,364,27.31,118,22.82,214,19.07,195,20.6,35,10.13,343,3.62388454377651,316
"2026","DePaul",77.84,105,0.65,99,0.42,127,0.69,92,-0.44,234,1.03,94,0.54,110,1.58299,141,29.16,250,16.51,261,25.46,29,20.96,136,17.54,288,19.5,217,26.37,330,37.63,24,12.45,302,14.08,87,9.42,151,24.37,217,29.69,28,16.08,294,17.76,105,12.06,295,34.6533477306366,96
"2026","Detroit Mercy",77.15,216,-0.5,229,0.26,147,-0.05,187,0.97,73,-1.79,325,-0.12,190,1.50182,162,36.53,61,15.13,299,16.74,295,20.22,168,26.08,30,21.8,141,37.91,125,29.61,131,18.77,137,8.88,256,4.79,322,22.87,274,26.73,82,21.5,101,16.23,184,12.61,270,54.4470429420471,10
"2026","Drake",77.1,227,0.57,107,-0.82,288,-1.33,322,-0.44,234,0.67,129,-0.13,191,1.14732,251,31.49,187,17.04,239,18.82,217,19.1,220,20.23,194,24.78,59,39.31,95,17.3,327,13.16,282,21.06,18,9.13,166,25.32,178,23.1,203,17.19,263,17.03,143,17.32,71,0.579582713544369,340
"2026","Drexel",77.04,239,0.59,105,0.04,175,0.12,163,-1.16,312,-1.23,308,0.32,135,0.930459,298,30.9,197,14.03,322,20.57,147,23.93,59,21.82,131,19.63,215,34.21,201,31.71,100,15.09,239,12.6,122,6.38,264,25.61,168,23.38,188,20.9,117,17.49,119,12.6,272,36.7394775152206,86
"2026","Duke",79.34,2,0.41,130,1.55,28,2.48,3,2.18,9,3.23,2,0.98,58,0.871844,308,34.64,105,17.28,233,29.72,6,14.74,338,22.4,111,15.86,331,36.34,151,34.22,56,13.54,275,7.57,306,8.33,195,24.11,226,29.14,32,18.82,205,13.49,312,14.44,187,24.4125247001648,169
"2026","Duquesne",77.77,112,0.39,132,-0.18,198,-0.34,228,1.05,64,1.1,84,0.11,163,1.81468,93,34.57,107,18.21,198,20.74,139,19.59,196,18.07,271,23.35,99,32.99,224,33.58,66,16.63,200,10.98,184,5.78,289,25.71,163,25.76,107,18.49,219,15.67,205,14.33,193,36.6298615932465,88
"2026","East Carolina",77.12,219,0.44,120,1.12,49,-0.5,255,-1.28,325,-1,280,0.78,75,1.49544,166,28.17,268,17.79,213,19.65,183,33.07,1,15.84,325,13.62,359,34.58,192,37.97,22,15.95,215,8.3,273,3.18,356,25.49,171,27.6,60,20.23,143,13.16,321,13.51,227,20.0468301773071,201
"2026","East Tennessee St.",76.75,275,-1.56,324,0.71,96,-0.7,274,-0.06,183,-1.44,315,-0.43,231,1.8037,97,32.64,158,21.59,81,26.56,15,15.89,311,20.1,202,15.82,333,31.47,260,28.86,137,21.19,90,10.33,205,8.07,199,21.91,300,26.95,74,19.46,178,16.95,147,14.69,176,20.2356427907944,200
"2026","East Texas A&M",77.37,177,-1.16,298,0.71,94,0.36,128,0.85,83,-0.74,244,-0.23,207,1.27677,225,34.51,109,19.96,134,26.49,17,17.35,273,21.68,135,14.51,351,43.86,38,23.23,234,13.39,276,12.29,133,7.18,231,24.86,196,29.92,25,16.32,287,19.79,52,9.09,361,22.1447885036469,189
"2026","Eastern Illinois",76.59,298,-1.27,308,-0.29,213,-0.14,204,-1.45,338,-0.71,237,-0.78,284,1.0949,263,30.51,207,14.32,313,19.46,190,19.25,211,25.29,45,21.64,146,38.82,105,31.16,110,12.69,297,5.04,351,12.21,70,24.2,223,27.52,63,16.25,290,15.1,230,16.88,84,36.8022441864014,85
"2026","Eastern Kentucky",76.06,344,-1.84,345,-0.29,213,-0.31,224,-1.28,326,-2.81,354,-1.06,318,1.14253,253,37.09,51,21.21,95,15.84,319,19.59,197,22.87,94,20.44,189,34.01,206,34.37,54,11.16,322,10.03,213,10.35,111,25.59,169,28.62,42,14.55,329,13.38,315,17.8,56,39.3370062112808,67
"2026","Eastern Michigan",77.88,97,-0.14,188,0.86,69,1.07,65,0.21,153,0.58,136,0.36,130,1.04756,273,39.14,33,15.51,292,20.13,161,25.39,33,22.14,120,16.83,305,36.67,146,26.34,173,22.39,69,8.58,265,6.03,278,28.36,92,25.75,109,21.83,88,12.42,344,11.64,309,7.24843740463257,302
"2026","Eastern Washington",76.7,282,-0.18,197,0.62,104,-0.92,294,-1.77,348,-1.06,287,0.22,142,1.19355,241,33.84,123,22.86,53,20.53,150,13.96,350,17,304,25.66,41,30.94,269,33.12,74,24.26,49,4.71,356,6.96,241,24.92,192,22.32,231,21.65,95,16.12,191,14.99,159,21.3104918599129,193
"2026","Elon",77.71,123,-0.8,265,0.71,80,0.88,78,-0.2,203,1.15,79,-0.04,180,1.33429,209,32.84,149,17.44,227,25.96,22,24.9,37,14.65,345,17.03,298,32.93,226,24.82,198,17,187,10.92,187,14.27,34,25.04,187,23.11,202,22.25,76,15.82,199,13.76,216,10.2815888822079,277
"2026","Evansville",78.74,23,0.65,100,1.63,22,1.37,41,1.12,60,2.11,19,1.14,48,1.22072,235,27.88,277,21.49,85,26.25,19,19.62,195,14.88,343,17.74,272,42.77,55,36.3,32,5.39,363,9.62,226,5.86,282,29.01,76,24.91,136,18.63,215,14.85,253,12.55,275,24.9027788639069,166
"2026","Fairfield",76.32,327,-1.12,293,-0.49,250,-0.91,292,-1.63,344,-1.07,288,-0.8,288,1.02616,278,31.43,190,22.79,55,17.63,263,13.99,349,19.57,217,25.98,33,43.62,41,29.19,134,16.47,204,5.09,348,5.58,301,33.45,17,27.6,59,14.82,324,10.88,361,13.18,245,18.3724507689476,212
"2026","Fairleigh Dickinson",77.34,184,1.08,65,0.04,176,-0.06,190,-1.01,298,-0.18,195,0.56,106,0.868477,310,29.92,228,20.77,110,19.3,197,21.98,106,23.39,81,14.56,349,31.29,264,16.26,334,27.39,25,11.24,173,13.83,39,23.71,246,18.96,326,32.23,1,13.72,300,11.39,318,1.4079718850553,331
"2026","FIU",76.97,248,0.44,120,0.75,76,-0.06,189,-1.23,321,-1.88,328,0.6,99,1.35945,204,31.97,177,15.65,289,22.87,76,20.86,139,22.62,101,17.96,264,37.34,136,36.9,28,12.73,293,5.99,339,6.99,238,24.98,188,27.04,72,22.19,78,14.21,276,11.55,311,9.08090621232986,285
"2026","Florida",78.9,13,2.19,25,2.66,5,1.89,10,0.23,149,0.7,127,2.43,7,1.93506,65,24.63,330,18.57,182,21.3,119,22.04,105,18.6,254,19.47,218,34.5,193,36.63,31,18.22,152,5.08,349,5.5,303,25.66,165,34.4,4,17.25,259,14.46,267,8.19,364,40.2157813310623,58
"2026","Florida A&M",77.47,162,-0.15,189,-0.19,199,-1.01,303,0.56,109,1.31,73,-0.17,194,1.47195,172,30.44,209,21.18,97,21.57,109,18.2,248,20.83,164,18.16,258,27.04,324,21.46,274,25.03,41,12.65,120,13.76,40,20.7,326,25.69,111,21.57,99,14.27,274,17.72,60,23.1796428561211,177
"2026","Florida Atlantic",77.75,117,0.91,77,0.45,125,-0.09,197,0.24,148,0.43,145,0.68,88,0.645117,344,34.47,110,16.55,258,22.65,81,20.4,157,24.71,56,15.66,337,30.47,276,39.76,12,15.83,221,8.9,255,4.99,314,21.19,316,23.02,208,20.42,136,22.76,14,12.57,274,14.7604733705521,240
"2026","Florida Gulf Coast",76.78,274,-1,281,0.07,171,-0.39,247,-0.75,279,-0.86,263,-0.46,235,1.42099,190,29.77,234,16.76,248,25.22,32,17.51,267,20.24,192,20.22,200,32.31,236,26.78,164,21.95,78,12.57,124,6.32,267,17.47,359,28.43,46,23.18,52,17.1,136,13.77,214,39.9439334869385,62
"2026","Florida St.",78.29,53,0.34,134,0.76,75,1.02,67,0.9,78,1.59,55,0.55,108,1.76742,102,33.4,135,21.19,96,17.12,282,18.97,224,25.4,41,17.32,286,26.3,332,33.46,70,15.32,234,13.52,98,11.39,89,21.6,305,23.92,166,22.21,77,18.5,83,13.77,213,6.74615874886513,304
"2026","Fordham",77.84,104,0.67,97,2.09,12,1.36,42,-0.8,281,-0.96,273,1.38,37,1.85888,79,29.78,233,18.75,179,18,252,14.66,340,19.58,216,28.97,9,31.58,257,33.28,73,20.21,107,5.49,345,9.35,154,26.74,139,26.91,75,18.19,235,12.83,331,15.29,147,0.878263451159,338
"2026","Fresno St.",77.88,96,1.83,34,-0.14,192,0.13,162,0.6,101,0.15,167,0.85,68,1.46084,177,30.68,205,16.71,251,20.55,148,24.46,45,20.31,188,17.97,263,49.02,10,18.21,322,12.17,306,9.42,236,11.18,94,30.85,45,23.07,205,20.33,140,13.18,319,12.57,273,13.9408260583878,243
"2026","Furman",79.18,5,1.44,45,0.67,100,1.66,20,2.13,10,3.19,3,1.06,53,1.17081,244,32.82,150,21.38,89,20.66,143,14.69,339,20.72,169,22.5,124,29.97,281,12.45,364,25.5,35,22.86,8,9.14,165,30.79,49,23.19,196,17.29,257,17.84,103,10.83,332,45.9690004587173,30
"2026","Gardner Webb",76.16,340,-0.79,264,-0.99,300,-1.78,350,-1.59,342,-0.86,262,-0.89,301,0.551934,353,35.65,84,19.71,142,18.71,223,20.39,158,22.65,99,18.52,242,38.02,122,22.39,249,16.02,212,21.07,17,2.46,365,30.8,48,22.85,213,16.81,274,15.53,212,13.97,206,9.71130207180977,281
"2026","George Mason",78.08,77,0.9,78,0.29,145,-0.24,212,1.56,38,1.08,86,0.59,100,1.89294,73,32.76,155,23.63,43,16.46,305,19.83,187,18.94,245,21.07,167,39,101,39.23,18,10.1,339,6.77,326,4.79,321,27.02,130,22.18,234,19.94,155,15.39,218,15.39,143,1.04757137596607,337
"2026","George Washington",78.12,73,1.01,71,0.77,74,0.31,133,0.44,132,1.27,75,0.89,64,2.35753,25,38.16,42,25.03,23,21.68,104,16.43,302,18.47,258,18.38,248,37.47,130,20.17,298,14.84,244,12.3,132,15.22,24,32.69,24,20.62,274,15.78,299,16.77,155,14.14,201,37.003481388092,83
"2026","Georgetown",78.29,54,2.51,16,0.16,158,0.21,151,0.56,109,1.15,78,1.33,38,1.8139,94,36.57,59,25.12,22,14.1,351,16,310,20.99,161,23.76,90,36.18,158,27.38,158,15.47,232,13.65,94,7.27,227,26.93,135,19.07,324,20.62,124,17.51,116,15.82,119,28.5365462303162,137
"2026","Georgia",77.4,172,0.5,115,1.67,21,0.43,122,-0.91,291,-1.5,316,1.09,51,1.88379,76,39.72,26,18.76,177,18.99,211,20.02,178,18.19,266,24,79,38.22,118,26.98,162,19.79,120,7.3,314,7.64,219,25.11,183,25.56,115,21.55,100,14.98,243,12.74,267,31.3462108373642,117
"2026","Georgia Southern",76.87,260,-0.56,232,-0.19,201,0.3,137,-0.32,215,-1.71,322,-0.37,223,1.44382,183,33.79,126,12.71,342,22.62,82,20.74,144,18.26,263,25.67,40,36.82,144,22.81,240,17.74,166,17.32,40,5.3,307,20.99,320,22.96,211,21.74,91,17.63,113,16.67,92,10.0887715816498,278
"2026","Georgia St.",77.67,130,1.38,48,0.05,173,-0.29,219,0.15,156,0.22,162,0.71,84,0.631274,345,33.76,128,13.4,339,14.41,347,24.31,49,25.23,46,22.65,120,29.52,289,34.44,52,11.54,314,13.1,110,11.41,88,24.18,224,25.9,101,18.41,225,16.5,166,15.01,158,28.2541453838348,144
"2026","Georgia Tech",78.2,68,0.83,83,0.19,155,0.66,94,0.84,84,1.64,51,0.51,112,1.80468,96,34.33,114,19.21,162,25.76,26,19.26,210,20.71,170,15.06,343,39.67,87,21.54,271,15.68,225,14.3,82,8.8,178,32.17,29,19.61,305,15.1,320,17.32,125,15.79,121,23.0684399604797,179
"2026","Gonzaga",78.02,83,0.23,145,0.07,172,1.44,34,1.04,65,0.48,142,0.15,153,2.72273,6,42.16,13,27.77,4,21.14,123,19.79,188,15.01,341,16.25,322,32.23,239,19.79,304,26.8,30,15.31,69,5.8,287,27.94,102,19.17,323,23.06,56,15.78,200,13.97,205,24.8223975300789,167
"2026","Grambling St.",78.16,70,-2.06,352,-0.29,213,0.69,91,2.56,3,3.07,4,-1.18,326,1.14062,254,28.53,261,15.4,294,18.05,247,26.66,18,21.41,149,18.44,246,33.43,222,21.16,279,17.86,161,13.58,95,13.9,38,26.16,152,20.71,272,18.02,241,15.72,203,19.34,24,1.30767384544015,335
"2026","Grand Canyon",78.83,17,2.79,10,0.99,59,1.43,35,1.31,49,0.79,110,1.89,15,2.54706,12,29.99,226,16.85,244,14.88,339,27.36,9,16.46,318,24.41,70,34.45,195,30.06,127,10.68,332,11.73,155,13.02,53,21.57,308,28.64,40,25,23,14.18,282,10.56,337,18.9969599246979,208
"2026","Green Bay",76.8,269,-1.41,317,-1.33,333,-1.19,312,0.21,152,0.88,105,-1.37,333,1.44077,185,24.46,332,15.48,293,20.75,138,25.55,28,20.76,166,17.4,284,33.93,208,13.38,359,19.21,131,23.29,7,10.11,124,19.16,348,23.47,185,20.54,127,18.31,90,18.47,42,40.3028964996338,57
"2026","Hampton",77.16,213,0.49,117,-0.29,213,0.68,93,-0.7,274,-1.19,296,0.1,164,1.72167,109,39.33,31,16.05,279,19.96,170,17.67,259,26.49,25,19.81,209,31.56,258,28.51,142,24.45,47,12.08,143,3.37,354,17.3,360,31.82,11,24.38,34,16.63,159,9.86,351,33.9076310396194,103
"2026","Harvard",76.61,295,-2.31,360,-2.29,361,-0.38,246,0.56,109,0.63,131,-2.3,363,1.71696,113,14.94,363,19.29,160,25.5,28,22.32,100,21.56,140,11.33,363,31.03,268,20.56,292,24.5,46,14.38,80,9.48,148,22.72,282,19.97,298,20.22,144,23.7,10,13.36,229,70.4387664794922,2
"2026","Hawaii",78.69,26,1.32,55,1.1,53,1.87,11,0.57,107,1.79,33,1.21,45,1.75348,106,32.79,153,27.91,3,20.51,151,21.1,128,16.54,315,13.93,354,37.98,124,22.82,239,20.82,100,12.68,119,5.7,295,24.34,222,18.62,333,22.96,58,17.09,137,17,79,27.6401937007904,149
"2026","High Point",76.32,329,-1.1,290,-0.37,235,-0.07,191,-1.12,307,-2.58,348,-0.74,281,2.23193,36,35.47,89,14.29,314,19.66,182,24.3,51,17.77,282,23.99,81,35.07,185,24.11,212,26.81,29,8.23,278,5.76,291,26.12,153,28.63,41,23.73,41,11.92,353,9.58,356,12.6502528786659,260
"2026","Hofstra",77.38,175,1.35,51,0.23,151,-0.8,280,-0.44,234,-0.28,213,0.79,74,1.53254,155,26.27,306,14.07,319,18.35,233,16.04,309,27.36,16,24.17,75,50.96,3,22.04,258,12.98,287,5.07,350,8.91,173,37.55,1,22.75,218,12.75,357,14.51,264,12.42,280,38.5948032140732,71
"2026","Holy Cross",76.61,294,-1.87,347,-1.23,318,0.66,94,-0.33,220,-1.02,282,-1.55,346,1.16857,245,29.14,251,21.14,98,17.77,261,18.4,241,18.66,249,24,80,32.27,238,28.11,147,22.02,75,11.83,150,5.73,293,24.73,205,17.97,348,20.91,115,18.73,77,17.63,65,43.7269955873489,43
"2026","Houston",77.85,100,1.23,59,-0.41,239,-0.99,300,0.56,109,2.04,22,0.41,124,1.81853,91,28.09,270,16.66,254,15.86,316,21.77,112,21.3,154,24.4,71,33.6,215,34.31,55,18.13,157,4.82,355,9.1,167,32.02,31,18.9,328,20.45,134,15.69,204,12.91,258,43.3793067932129,44
"2026","Houston Christian",76.51,313,-2.73,363,-1.29,321,0.55,114,-0.01,173,-0.82,259,-2.01,361,1.07118,269,27.39,288,20.97,104,17.95,255,16.58,299,24.55,57,19.91,207,36.55,147,15.25,347,14.71,245,18.51,30,14.9,28,23.89,234,18.72,332,16.12,292,22.1,17,19.11,28,30.1372885704041,128
"2026","Howard",76.22,337,-1.46,321,-2.14,357,-0.34,228,0.18,154,-1.94,331,-1.8,354,1.33772,208,27.1,289,21.53,83,18.17,242,19.44,202,24.88,52,15.98,326,20.61,361,17.57,326,23.18,59,27.16,2,11.48,85,23.48,253,20.82,270,13.66,348,24.3,8,17.74,59,6.22375942766666,307
"2026","Idaho",77.24,200,0.72,92,-0.29,225,-0.57,261,-0.57,258,0.07,180,0.22,145,1.57575,144,32,174,16.34,271,20.59,146,17.16,285,23.09,85,22.83,117,32.19,241,21.64,266,21.16,91,16.31,48,8.71,183,23.19,260,18.59,334,20.91,116,20.8,32,16.51,96,33.2366347312927,106
"2026","Idaho St.",77.53,151,-0.08,185,-0.27,212,0.96,70,1.59,24,-1.38,313,-0.18,199,0.780449,327,33.82,125,25.27,19,15.51,326,17.45,269,17.29,297,24.41,68,43.34,45,23.68,230,20.09,112,5.03,352,7.77,208,34.11,10,19.95,299,15.19,318,16.29,181,14.38,191,25.6549745798111,162
"2026","Illinois",79.99,1,3.9,2,1.9,15,2.43,4,2.56,3,2.35,14,2.9,3,1.63268,130,31.27,192,18.77,176,16.36,307,23.26,72,19.19,234,22.4,128,21.87,356,21.53,272,21.47,88,17.18,42,17.93,10,28.23,96,23.67,177,23.2,51,11.56,356,13.32,232,38.7890666723251,70
"2026","Illinois Chicago",77.15,214,-1.32,313,-0.25,208,0.66,94,1.01,70,-1.2,300,-0.78,285,1.69704,116,38.77,36,17.51,225,15.08,334,15.59,318,23.8,71,28.01,13,33.52,220,25.7,183,15.34,233,19.81,24,5.62,299,18.72,353,25.14,127,21,112,22.8,13,12.33,283,10.5190381407738,274
"2026","Illinois St.",76.49,315,0.55,109,-1.51,340,-0.57,262,-1.19,320,-1.67,321,-0.48,237,2.11687,45,36.04,72,22.81,54,19.24,199,18.6,232,19.67,213,19.68,212,37.45,131,27.56,154,18.73,140,9.67,222,6.56,255,26.89,137,22.96,212,20.79,120,17.34,123,11.98,297,53.778338432312,13
"2026","Incarnate Word",76.42,323,-0.87,271,-0.89,294,-0.83,284,-1.09,305,-1.07,289,-0.88,299,2.27865,32,25.92,310,10.24,362,20.85,133,21.93,108,26.01,32,20.95,174,40.74,74,25.78,182,16.69,196,8.23,277,8.51,186,21.14,317,30.2,20,23.24,50,14.43,268,10.93,329,42.0587301254272,49
"2026","Indiana",78.07,78,-0.08,184,0.04,174,1.39,39,1.87,17,0.29,155,-0.02,174,3.17523,1,29.22,248,21.73,75,17.84,258,19.04,222,29.66,6,11.69,362,43.75,40,21,283,13.36,278,9.97,214,11.88,75,23.07,269,19.6,308,24.63,30,16.76,156,15.9,115,0,347
"2026","Indiana St.",76.95,252,-0.39,217,-0.78,284,0.66,94,-0.65,270,-0.93,268,-0.58,249,0.906197,304,32.37,166,21.44,87,21.12,125,19.63,193,20.34,187,17.45,282,29.61,286,39.27,17,12.08,307,9.84,218,9.16,164,22.69,283,31.45,13,20.88,118,14.92,247,10.03,350,34.6247881650925,97
"2026","Iona",77.08,232,-0.27,203,0.71,80,0.34,131,-1.25,322,-0.99,275,0.22,143,1.13886,255,31.95,178,15.16,298,21.87,98,22.46,91,17.39,294,23.07,109,27.94,316,25.64,185,37.03,1,4.56,359,4.75,323,18.89,352,25.44,118,27.2,8,14.69,257,13.73,217,7.44785070419312,301
"2026","Iowa",78.49,37,0.17,152,0.61,107,1.22,59,0.81,89,2.79,6,0.39,127,1.4472,180,32.24,169,20.63,112,16.28,310,21.12,127,14.41,348,27.55,17,32.57,231,21.69,264,30.25,12,12.08,142,3.41,350,27.88,104,17.55,353,24.54,32,17.06,140,12.96,257,2.20766477286816,326
"2026","Iowa St.",78.06,79,0.61,103,1.42,38,1.1,62,0.03,167,0.31,153,1.01,57,2.56022,11,28.31,265,18.47,191,26.23,20,19.58,199,16.57,312,19.12,226,44.47,33,18.04,323,8.35,350,11.44,163,17.66,11,20.93,321,28.14,51,19.6,168,16.34,177,14.98,160,51.5109598636627,20
"2026","IU Indy",76.53,311,-1.95,349,-1.08,307,-0.34,228,-0.66,271,-0.18,197,-1.51,345,0.268377,361,30.28,213,13,341,18.69,224,22.54,88,19.93,206,25.82,36,27.08,323,20.48,295,21.79,80,15.71,63,14.93,26,29.25,73,26.23,95,19.74,160,10.74,362,14.02,202,0.282107200473547,341
"2026","Jackson St.",76.48,316,-0.41,221,-0.74,278,-0.94,299,-0.35,222,-1.99,335,-0.57,248,1.27524,226,36.17,68,11.56,355,18.21,239,19.87,184,16.59,311,33.76,2,26.26,333,31.31,105,17.85,162,15.71,62,8.84,176,20.2,335,24.82,138,19.44,180,20.9,30,14.62,181,44.8606193065643,35
"2026","Jacksonville",77.31,190,0.26,140,-0.04,185,0.66,94,-0.29,210,-0.89,266,0.11,162,0.963976,290,35.33,92,21.41,88,17.56,268,23.29,70,19.19,235,18.54,239,36.24,156,26.2,176,14.71,246,12.2,137,10.65,106,24.34,221,27.15,69,16.46,279,15.05,237,17.01,78,18.3073505759239,214
"2026","Jacksonville St.",77.2,206,1.06,66,-1.17,314,-1.63,343,-0.44,234,1.34,67,-0.05,183,1.38975,199,28.94,254,16.47,265,32.59,1,17.1,287,14.5,346,19.34,221,29.51,290,22.65,246,25.38,36,14.1,86,8.34,194,26.49,143,29.4,30,12,363,14.85,251,17.23,74,10.3444136679173,276
"2026","James Madison",77.3,192,-1.09,289,0.3,144,1.49,29,-1.16,315,0.11,175,-0.4,227,1.73003,108,33.3,138,17.15,236,21.24,121,17.34,274,19.26,230,24.97,52,46.56,21,22.37,250,19.59,127,6.71,327,4.73,326,24.72,206,24.69,139,24.71,27,14.17,284,11.67,307,14.9668186903,239
"2026","Kansas",78.72,24,1.11,63,1.14,46,0.95,73,1.24,52,2.34,15,1.13,49,1.75827,103,26.71,298,18.55,185,22.76,79,27.34,11,14.25,351,17.02,300,32.53,233,35.44,41,19.84,117,6.26,333,5.85,284,26.98,133,25.66,113,17.41,252,13.66,304,16.21,103,8.46452713012695,292
"2026","Kansas City",76.9,256,0.46,119,-0.95,298,-0.85,287,0.48,128,-1.5,317,-0.25,210,0.866231,311,30,225,15.25,296,20.81,134,22.78,81,20.5,175,20.63,180,30.54,274,33.04,76,11.08,325,16.82,46,8.49,188,29.16,74,28.29,50,15.62,306,16.44,170,10.45,339,19.9731901288033,203
"2026","Kansas St.",77.36,179,0.8,86,-0.44,243,-0.7,272,-0.01,174,0.33,152,0.18,150,2.09308,50,31.51,186,17.75,216,17.04,286,21.59,117,25.08,47,18.48,244,39.58,91,27.54,155,12.96,288,13.13,109,6.73,250,23.84,239,21.21,263,18.21,233,22.48,15,14.2,198,15.5750021338463,235
"2026","Kennesaw St.",78.34,46,-0.56,232,0.69,98,1.22,56,1.45,45,2.06,21,0.07,167,1.22685,234,37.27,47,20.96,105,15.83,320,19.56,200,15.8,326,27.8,15,26.78,326,21.02,282,33.94,2,12.15,140,6.06,276,20.36,329,23.46,186,29.58,3,12.99,325,13.55,225,30.2379190921783,127
"2026","Kent St.",76.05,346,-1.27,310,0.32,139,-0.94,298,-2.69,360,-2.03,338,-0.48,236,1.91685,69,27.96,274,14.63,304,26.12,21,21.71,114,20.3,189,17.18,293,31.65,251,32.61,80,22.81,66,9.2,240,3.66,346,24.81,197,32.68,6,18.53,218,11.8,354,12.11,292,29.190120100975,133
"2026","Kentucky",78.79,18,1.95,31,1.02,57,-0.14,202,1.56,26,2.72,9,1.48,32,1.48948,168,34.13,119,17.37,229,17.08,284,18.24,245,20.7,171,26.6,26,38.26,117,31.76,98,11.55,313,7.79,294,10.61,107,28.2,98,22.31,232,18.83,204,12.12,351,18.52,40,30.0886183977127,129
"2026","La Salle",77.49,158,-0.39,219,0.01,180,-0.08,193,0.29,142,0.79,110,-0.19,201,1.52932,156,42.33,9,19.08,166,24.77,38,24.45,46,17.12,301,14.53,350,36.31,152,38.81,19,11.47,316,8.63,264,4.68,328,23.85,237,28.1,53,19.39,183,15.74,201,12.86,262,3.95534485578537,315
"2026","Lafayette",75.95,348,0.25,141,0.25,148,-1.72,347,-2.87,362,-2.99,357,0.25,141,1.4235,187,21.7,349,13.44,337,21.41,114,21.81,111,24.19,62,19.15,225,25.6,337,30.3,125,25,42,12.62,121,6.45,260,28.67,85,26.39,92,17.05,268,17.75,108,10.12,344,54.6141386032104,9
"2026","Lamar",77.2,207,0.44,120,1.05,54,0.23,149,-1.02,299,-1.55,319,0.75,79,1.33394,210,32.8,152,17.93,205,23.98,50,14.64,342,27.71,13,15.74,335,23.51,349,39.41,13,23.59,52,5.89,340,7.56,221,21.44,311,37.25,3,16.97,269,15.2,226,9.12,360,44.9139147996902,34
"2026","Le Moyne",77.29,194,-0.95,279,-1.29,321,0.35,130,0.95,75,0.54,137,-1.12,323,0.673332,342,26.72,297,23.72,42,20.37,157,20.5,153,17.94,277,17.46,281,41.35,66,18.43,317,18.29,151,12.27,134,9.62,138,24.76,203,21.38,256,22.65,68,18.79,76,12.4,281,10.9387822449207,271
"2026","Lehigh",76.67,287,-0.4,220,-0.56,257,-1.35,331,-0.64,266,-0.52,225,-0.48,238,1.27901,224,29.49,242,24.27,31,15.03,336,16.76,295,17.8,280,26.1,31,44.71,29,22.76,241,16.56,202,8.22,279,7.68,214,27.15,125,23.18,198,20.49,130,16.12,192,13.01,252,51.4665842056274,21
"2026","Liberty",75.2,364,-1.67,338,-1.19,316,-1.54,337,-3.34,365,-3.07,359,-1.43,336,2.83475,3,16.13,362,19.71,143,16.97,289,23.54,66,22.01,125,17.73,274,47.67,14,26.77,165,16.03,211,4.82,354,4.6,330,31.7,33,24.48,150,13.12,351,15.03,239,15.64,131,52.6070356369019,16
"2026","Lindenwood",76.9,255,0.19,150,-1.64,347,-0.34,228,0.22,151,-0.79,254,-0.72,276,1.4986,165,21.52,350,19.85,135,21.95,96,25.45,31,21.64,137,11.09,365,35.5,172,34.89,46,13.9,267,10.62,196,5.06,312,19.88,341,24.46,152,21.62,96,20.38,36,13.64,222,37.3359471559525,81
"2026","Lipscomb",77.44,166,1.15,62,0.27,146,-0.22,209,-0.13,192,-0.72,239,0.71,83,0.868928,309,37.13,50,24.83,26,18.16,243,15.15,327,20.3,190,21.55,149,20.83,360,31.83,95,22.68,67,12.69,118,11.96,74,24.45,216,23.48,184,21.98,83,15.11,229,14.95,163,18.6836510896683,210
"2026","Little Rock",78.5,35,-0.56,232,0.73,79,2.17,6,2.42,5,0.92,103,0.09,165,1.61937,133,19.83,355,14.66,303,23.75,53,23.68,64,21.42,147,16.45,314,25.38,339,41.1,8,13.73,270,7.06,321,12.67,60,25.64,166,22.97,210,19.79,159,15.31,224,16.23,102,38.0931377410889,74
"2026","LIU",77.43,167,-2.24,358,-1.62,346,-0.34,228,1.56,26,2.98,5,-1.93,358,1.11348,258,21.99,348,11.86,352,18.09,246,22.14,103,23.55,78,24.36,72,33.75,214,17.08,328,12.65,298,22.46,10,14.07,36,24.92,193,18.03,346,22.41,73,19.12,70,15.52,132,46.2392032146454,29
"2026","Long Beach St.",77.51,155,0.15,155,0.78,73,-0.85,288,-0.16,197,0.79,110,0.47,117,0.976142,288,36.45,63,10.79,360,22.42,88,22.13,104,21.67,136,22.98,112,38.08,120,31.6,101,16.37,207,8.93,253,5.02,313,21.27,314,28.54,44,14.24,339,13.7,301,22.26,5,2.14141327887774,327
"2026","Longwood",76.84,262,-1.74,341,-0.29,213,-0.1,199,-0.2,200,-0.29,214,-1.01,311,1.46505,175,35.91,75,19.55,150,15.07,335,20.78,143,21.59,138,22.99,111,33.84,212,15.93,339,23.59,53,12.01,144,14.6,31,25.71,162,19.61,306,22.74,63,16.54,164,15.37,145,33.8138997554779,104
"2026","Louisiana",77.13,218,-0.72,256,-0.93,297,-0.34,228,-0.07,185,0.85,106,-0.83,291,0.771049,330,35.2,95,13.47,336,23.34,62,29.26,2,20.85,162,13,360,39.12,98,18.33,319,19.8,119,13.3,104,9.38,152,25.97,157,22.68,221,21.95,84,17.21,130,12.12,289,8.20623710751534,295
"2026","Louisiana Monroe",76.5,314,-0.95,278,-2.17,359,-1.87,351,-0.44,234,1.08,87,-1.56,348,0.154648,364,27.47,287,17.54,223,18.18,241,19.14,218,26.81,20,18.32,252,24.82,342,33.32,72,22.32,71,10.66,194,8.86,175,20.36,330,24.43,153,19.54,174,19.99,47,15.67,127,5.55288940668106,310
"2026","Louisiana Tech",77.96,90,0.81,85,-0.03,184,0.46,121,-0.09,187,1.79,33,0.39,126,0.903478,305,33.12,143,16.88,242,15.25,331,18.52,236,27.41,15,21.94,138,28.26,311,32.04,90,22.99,64,10.65,195,6.04,277,22.39,290,23.65,178,28.15,5,14.43,270,11.36,320,22.7078959345818,181
"2026","Louisville",78.39,43,1.59,39,0.87,67,-0.36,244,0.56,109,2.45,11,1.23,44,2.48084,17,34.85,102,17.1,237,17.41,274,23.9,61,18.57,255,23,110,35.08,184,26.24,175,12.7,296,11.07,179,14.88,29,23.43,255,24.68,140,18.22,232,14.49,265,19.15,26,22.5946113467216,183
"2026","Loyola Chicago",77.43,170,0.2,149,0.2,153,0.82,81,-0.6,262,-0.32,215,0.2,147,1.7157,114,42.2,12,20.76,111,19.22,202,17.75,257,21.59,139,20.66,179,35.37,174,23.75,227,27.1,27,6.77,325,6.96,242,31.43,37,19.24,321,18.8,208,14.33,271,16.17,107,25.8397728204727,160
"2026","Loyola Marymount",78.4,42,1.59,40,-0.06,188,0.66,94,1.96,15,1.03,89,0.76,77,1.61565,135,30.22,215,12.28,349,23.64,57,17.56,264,22.5,107,23.95,85,38.3,116,12.45,363,32.33,6,7.95,292,8.9,174,24.36,219,26.13,99,19.29,188,12.46,342,17.69,61,34.3656837940216,98
"2026","Loyola MD",77.26,197,-0.32,208,-1.14,309,-0.89,290,0.39,136,1.45,62,-0.73,279,1.3212,212,37.26,48,23.33,47,14.62,343,20.12,172,17.48,292,24.41,69,34.26,199,22.56,248,13.88,268,16.25,51,13.01,54,21.86,301,19.71,303,20.38,137,16.91,149,21.11,9,52.2640407085419,18
"2026","LSU",78.27,57,0.44,120,1.39,40,1.22,58,2.18,8,-0.74,245,0.92,62,2.60715,9,30.72,203,23.87,37,20.11,162,14.74,337,23.58,76,17.67,277,35.83,166,30.78,117,24.38,48,5.51,343,3.45,349,25.38,177,27.22,67,22.27,75,11.94,352,13.15,246,9.39804390072823,283
"2026","Maine",77.31,189,-0.17,195,0.02,177,-0.16,205,0.06,164,-0.01,189,-0.08,186,1.5616,149,34.34,113,24.38,30,18.66,225,17.19,282,22.56,103,17.19,292,32.85,228,17.76,325,12.18,305,21.59,13,15.58,21,24.69,207,25.89,102,19.68,163,16.83,151,12.89,260,12.5607535243034,261
"2026","Manhattan",75.38,363,-1.04,284,-1.1,308,-1.91,353,-2.97,363,-2.93,356,-1.07,320,1.57798,143,22.19,347,17.38,228,19.9,172,20.43,155,22.27,116,20.02,205,23.67,348,45.07,2,16.41,206,9.03,250,5.82,285,25.52,170,30.29,18,22.74,62,13.51,310,7.93,365,39.1876190900803,68
"2026","Marist",76.26,334,-0.83,268,-1.03,304,-1.1,305,-1.57,341,-0.99,277,-0.93,304,1.50553,160,31.04,195,21.65,77,15.82,321,22.48,90,18.97,244,21.04,169,35.81,167,26.17,177,9.09,344,13.14,108,15.73,20,23.39,256,26.71,83,17.25,258,16.61,161,16,114,52.4187088012695,17
"2026","Marquette",77.58,139,0.76,89,0.41,130,-0.02,183,0.84,85,-0.96,272,0.59,101,1.34538,206,28.05,272,14.59,305,20.99,130,20.21,169,17.74,283,26.41,29,31.64,253,27.39,157,15.66,226,14.97,72,10.27,115,27.61,112,20.38,282,19.35,185,16.45,168,16.14,109,49.6527016162872,23
"2026","Marshall",77.73,120,2.63,13,0.91,63,-1.25,320,-0.45,247,-0.04,191,1.77,21,1.54702,154,34.7,104,18.56,184,20.87,131,18.88,227,18,273,23.62,92,40.68,75,22.26,253,11.18,321,18.78,27,7.01,236,27.88,103,23.4,187,12.14,362,17.58,115,18.91,32,22.0710352063179,190
"2026","Maryland",77.17,212,-0.71,255,0.16,159,0.15,160,0.31,140,-0.88,264,-0.28,215,1.8884,74,33.39,136,16.28,273,15.17,332,20.34,161,23.94,68,24.25,74,32.14,242,29.64,130,18.04,159,15.84,57,4.29,336,23.12,265,23.27,192,21.45,104,19.11,71,13.01,253,0,347
"2026","Maryland Eastern Shore",77.34,185,-0.79,263,0.71,80,1.9,9,-0.91,290,-1.06,286,-0.04,179,0.817229,320,39.33,30,23.79,40,27.9,9,15.18,326,17.22,300,15.92,329,28.38,309,34.41,53,16.97,190,12.83,116,7.41,225,21.03,318,25.8,104,24.66,29,18.46,85,10.05,349,11.3562203943729,269
"2026","Massachusetts",76.78,273,-0.17,192,0.34,136,-1.17,310,-0.65,269,-1.28,310,0.08,166,1.97242,61,28.82,258,24.95,24,18.22,238,14.13,347,26.04,31,16.64,311,38.02,121,28.15,146,26.95,28,3.61,361,3.22,355,30.14,56,27.14,70,18.33,228,12.9,328,11.47,316,24.4714081287384,168
"2026","McNeese",77.09,229,0.02,174,-1.36,335,-0.82,282,0.27,143,0.5,140,-0.67,261,1.87819,77,37.22,49,13.68,331,13.73,356,17.33,275,29.27,7,25.97,34,42.9,53,21.1,281,11.63,310,18.63,29,5.7,296,24.59,211,24.48,149,13.1,352,24.44,7,13.35,230,23.8791644573212,171
"2026","Memphis",77.56,146,2.61,14,0.65,101,-0.4,249,-0.27,208,-1.64,320,1.63,26,2.10819,46,45.33,4,18.63,181,15.27,330,19.21,216,25.49,38,21.4,157,35.37,175,18.86,311,21.59,86,15.82,60,8.34,193,19.81,343,20.59,275,23.14,53,21.48,21,14.96,162,0,347
"2026","Mercer",77.24,201,0.08,163,-0.44,242,-0.42,252,-0.23,206,0.36,150,-0.18,198,1.64518,128,25.81,314,19.6,148,14.26,349,18.76,229,27.22,18,20.15,202,43.44,42,24.26,207,16.98,188,8.65,262,6.67,252,34.55,9,21.26,261,20.69,122,12.57,337,10.93,330,12.9301890730858,257
"2026","Mercyhurst",74.94,365,-2.94,364,-2.29,361,-2.88,364,-2.05,356,-1.99,334,-2.62,364,0.740356,337,31.45,189,16.41,268,20.24,159,13.17,356,22.21,117,27.9,14,29.7,283,35.97,35,18.68,142,6.05,338,9.51,146,24.51,214,26.59,89,20.68,123,13.11,323,15.04,157,41.8118894100189,50
"2026","Merrimack",76.43,321,-2.09,353,-1.43,337,-1.56,339,-0.44,234,0.83,108,-1.76,353,1.13852,256,13.43,364,14.01,323,19.33,196,19.85,186,18.39,260,28.39,12,49.22,9,15.34,345,7.98,355,5.27,347,22.12,6,30.87,44,19.71,304,13.96,345,16.33,178,19.09,30,8.47444087266922,291
"2026","Miami FL",78.41,40,0.95,75,1.22,43,0.55,112,0.59,102,1.93,27,1.08,52,1.75768,104,27.58,283,14.73,302,24.16,44,20.73,146,17.1,302,23.23,103,38.66,108,20.52,294,19.06,133,12.91,114,8.79,181,34.06,11,20.31,286,15.3,315,15.92,196,14.36,192,0,347
"2026","Miami OH",77.52,152,-0.96,280,0.5,121,0.36,127,0.58,105,0.28,157,-0.23,206,1.95799,62,26.47,303,21.27,93,21.06,129,19.87,185,19.22,232,18.53,240,25.86,334,16.02,337,20.85,97,27.01,3,10.2,117,24.9,194,18.13,345,24.9,26,18.67,80,13.35,231,59.6714496612549,7
"2026","Michigan",78.66,28,3.01,8,1.71,17,0.79,82,0.81,90,0.11,174,2.36,9,2.10165,49,35.12,98,23.41,46,22.52,86,16.7,297,18.62,251,18.71,236,38.65,109,31.23,109,13.95,266,11.61,158,4.49,332,30.3,53,25.42,120,15.22,317,15.92,197,13.08,250,31.3127279281616,120
"2026","Michigan St.",78.74,22,1.27,56,2.11,11,1.46,31,1.05,63,0.99,98,1.69,23,1.39552,197,31.99,176,20.36,120,19.9,173,18.01,253,18.57,256,23.15,107,28.88,301,35.74,39,20.82,99,9.6,228,4.95,317,28.34,94,30.03,24,17.64,247,13.86,295,10.1,347,41.7092055082321,51
"2026","Middle Tennessee",78.45,38,1.36,50,1.42,37,0.97,69,-0.11,190,1.79,33,1.39,36,1.79659,99,33.2,141,13.54,334,24.59,40,19.59,198,20.5,177,21.78,143,37.39,135,25.01,197,10.45,335,14.85,74,12.29,68,27.23,120,30.11,21,14.55,330,12.72,335,15.38,144,28.393629193306,140
"2026","Milwaukee",76.68,285,-0.33,210,-0.85,290,-0.56,260,-0.92,293,-0.75,248,-0.59,251,0.758062,335,45.95,2,18.92,171,25.61,27,19.48,201,17.24,299,18.75,234,45.12,27,15.9,340,21.98,77,11.27,170,5.69,297,27.54,113,17.07,355,26.49,12,20.23,40,8.67,363,16.0927817225456,229
"2026","Minnesota",77.84,103,-1.06,287,-0.19,200,1.32,44,0.67,96,1.64,50,-0.62,256,2.24404,35,19.01,358,17.83,211,19.61,185,26.71,16,18.25,264,17.57,280,31.19,265,14.27,356,25.32,38,15.84,58,13.34,49,26.23,150,17.01,356,18.73,210,19.53,60,18.47,43,12.0936930179596,264
"2026","Mississippi",77.55,149,-0.11,186,-0.44,245,-0.34,228,1.56,26,0.23,160,-0.27,214,1.50029,163,38.08,44,22.75,56,13.19,360,23.43,68,23.51,79,17.1,294,38.15,119,34.44,51,13.7,271,9,251,4.68,327,30.32,51,25.15,126,12.36,360,17.23,129,14.91,165,15.3829216957092,236
"2026","Mississippi St.",77.48,161,1.46,44,1.59,26,-0.14,203,-1.44,333,-0.88,265,1.52,30,2.12488,44,36.64,57,13.16,340,17.59,266,13.16,357,22.82,96,33.22,3,36.54,150,41.76,7,14.54,253,3.71,360,3.38,353,28.91,78,31.7,12,14.78,328,13.54,308,11.01,328,28.1276285648346,145
"2026","Mississippi Valley St.",77.08,230,-0.17,193,0.71,80,-0.44,253,-1.37,331,-0.18,196,0.27,139,0.0737506,365,29.53,239,15.71,288,23.61,58,14.77,335,11.22,364,34.63,1,20.25,363,33.02,77,20.88,96,13.67,93,12.07,72,23.11,266,27.52,62,17.35,255,17.96,98,13.98,204,2.28073690086603,325
"2026","Missouri",79.28,3,2.7,11,2.12,10,2.31,5,0.56,109,1.87,29,2.41,8,2.19762,37,35.52,88,16.39,269,23.65,56,21.14,126,20.74,167,18.03,261,31.76,248,19.96,300,23.08,60,13.72,92,11.43,86,27.72,108,17.77,349,19.69,162,19.92,50,14.84,169,42.1323865652084,48
"2026","Missouri St.",77.23,202,-0.39,218,-0.79,286,-1.34,324,0.03,166,1.79,33,-0.59,250,0.805719,324,25.43,323,21.26,94,18.03,250,27.19,13,17.35,296,16.17,323,31.58,256,20.9,286,33.18,3,7.34,312,7.01,237,31.58,35,23.93,165,23.32,46,11.45,358,9.72,355,28.3041149377823,143
"2026","Monmouth",78.22,65,0.7,94,0.57,112,1.65,25,1.2,53,0.12,172,0.63,93,1.8327,90,25.61,321,20.99,102,20.79,136,24.3,50,12.86,361,21,171,25.36,340,29.01,135,30.78,10,10.6,197,4.17,338,22.83,276,20.45,279,27.52,6,17.81,104,11.34,321,43.7711328268051,41
"2026","Montana",77.34,183,-1.42,318,-0.72,274,-0.61,268,0.56,109,2.07,20,-1.07,319,1.01203,281,28.17,269,18.8,175,17.03,287,14.84,334,25.95,33,23.35,98,30.28,280,24.58,204,7.35,359,11.75,154,25.97,2,23.15,262,20.08,294,18.68,212,18.65,81,19.41,22,27.1682322025299,154
"2026","Montana St.",77.38,176,-0.94,275,0.32,138,0.25,145,-0.36,223,0.79,110,-0.31,217,0.729574,338,31.06,194,14.41,311,19.85,176,22.29,101,21.53,141,21.89,140,29.41,293,16.5,331,12.36,303,18.31,33,23.38,4,21.46,310,22.68,220,19.41,181,16.46,167,19.95,16,21.1134701967239,194
"2026","Morehead St.",76.68,286,-1.21,301,-0.25,209,-0.36,245,-0.39,229,-1.21,301,-0.73,280,0.721839,339,33.15,142,16.73,250,21.08,128,19.23,213,23.87,70,19.07,227,33.92,209,37.09,27,13.14,283,12.25,135,3.56,347,19.15,349,30.06,23,19.86,157,20.25,39,10.66,334,19.2754924297333,207
"2026","Morgan St.",76.18,338,-0.29,205,-1.07,306,-1.34,324,-1.33,328,-1.93,330,-0.68,264,1.09779,262,27.71,280,15.26,295,13.43,358,26.03,21,24.88,51,20.35,194,29.41,292,38.33,21,14.51,254,11.37,166,6.28,269,27.13,126,21.86,247,16.49,278,16.19,185,18.26,47,18.3168217539787,213
"2026","Mount St. Mary's",76.99,245,0.43,129,-0.32,229,-1.32,321,-1.44,333,0.79,110,0.05,170,1.71713,112,35.65,85,21.6,80,19.41,191,21.27,124,19.38,225,18.33,251,28.88,302,31.07,112,23.24,58,7.19,317,9.59,139,28.39,91,23.73,173,12.2,361,16.97,145,18.68,36,30.6765884160995,124
"2026","Murray St.",77.93,92,0.05,168,1.71,17,2.51,2,0.3,141,-1.77,324,0.88,65,1.3328,211,40,25,14.53,307,20.5,152,21.96,107,26.6,23,16.38,318,28.15,313,40.52,10,12.72,294,7.63,304,10.95,97,20.85,323,28.35,49,24.38,33,13.88,294,12.5,278,0,347
"2026","N.C. State",77.91,95,-0.24,200,-1.19,317,0.66,94,1.99,14,1.48,59,-0.72,274,2.18696,38,29.29,244,18.96,170,17.08,283,23.17,73,23,90,17.73,273,49.46,7,18.53,316,11.48,315,14,88,6.44,261,25.28,181,21.92,244,19.6,170,18.98,72,14.16,200,3.39223891496658,317
"2026","Navy",75.66,359,0.84,82,-2.23,360,-2.32,360,-2.65,359,-2.17,341,-0.69,269,2.34153,30,21.31,351,23.32,48,16.22,311,17.32,276,16.51,317,26.59,27,47.46,16,32.04,89,13.03,286,3.36,364,4.04,340,34.68,8,23.98,164,13.43,349,14.01,287,13.84,212,81.2887489795685,1
"2026","Nebraska",77.76,115,0.44,120,0.81,71,1.42,37,0.01,171,-0.7,235,0.63,95,2.35552,26,25.47,322,18.27,196,23.99,49,26.35,20,15.44,335,15.93,328,38.55,112,27.42,156,11.02,327,9.44,235,13.52,46,22.51,288,22.43,227,19.97,154,15.05,235,20.01,15,25.2885758876801,165
"2026","Nebraska Omaha",77.18,209,0.21,148,-0.32,228,-0.73,276,-0.24,207,0.15,168,-0.06,184,1.67481,120,35.69,82,17.3,232,22.33,89,21.91,109,20.47,179,17.97,262,36.86,143,35.38,42,10.61,333,12.15,139,4.96,315,19.92,340,25.75,108,18.64,214,19.43,61,16.24,101,47.4635928869247,27
"2026","Nevada",77.04,240,0.15,157,-0.24,206,-0.34,228,-0.1,189,-1.11,292,-0.05,181,1.75452,105,38.26,41,19.38,157,16.4,306,25.21,35,20.37,184,18.58,237,35.09,183,26.62,168,21,94,11.62,157,5.58,300,33.33,18,18.42,335,18.9,200,15.96,195,13.31,234,13.8186618685722,246
"2026","New Hampshire",76.05,345,-1.26,307,-0.96,299,-1.7,346,-0.62,265,-2.02,337,-1.11,321,0.760748,334,32.94,146,20.9,107,20.06,164,18.32,242,23.28,83,17.44,283,35.63,170,40.52,9,10.18,337,6.17,334,7.5,222,37.05,3,23.72,174,12.45,359,15.09,231,11.69,306,16.1579996347427,227
"2026","New Haven",77.18,210,-0.56,232,0.87,66,-1.33,323,-0.47,248,0.54,138,0.16,152,0.230722,363,25.04,328,16.16,275,17.52,270,20.03,177,20.18,198,26.1,32,28.37,310,32.44,84,17.77,164,11.34,167,10.05,127,22.65,284,25,134,17.09,266,15.06,234,20.18,14,NA,NA
"2026","New Mexico",77.59,136,0.74,91,0.94,60,0.08,169,0.26,144,-0.93,269,0.84,69,0.862981,313,30.15,219,18.49,190,20.39,155,15.53,320,24.77,55,20.76,176,18.54,364,48.66,1,11.38,317,8.84,259,12.5,65,19.93,339,32.32,9,17.11,265,16.28,182,14.3,194,0,347
"2026","New Mexico St.",76.72,279,-0.18,196,-0.92,296,-0.92,295,-0.2,205,-1,278,-0.55,245,1.57491,145,37.96,45,17.98,203,15.49,327,19.62,194,30.44,3,16.4,315,37.49,129,37.19,25,9.01,345,12.5,126,3.72,345,29.75,64,21.99,240,15.16,319,18.28,92,14.75,175,8.55073630809784,288
"2026","New Orleans",77.86,99,-0.03,180,1.11,51,1.74,14,-1.16,316,0.79,110,0.54,109,1.57252,146,30.03,224,17.7,217,19.09,210,18.26,244,20.23,193,24.71,61,28.86,303,37.69,23,19.24,130,9.77,220,4.41,334,26.9,136,26.2,96,16.28,289,17.04,141,13.56,223,13.3282646536827,251
"2026","Niagara",76.09,343,-1.34,314,-0.06,187,-0.59,264,-1.18,318,-3.22,362,-0.7,271,0.66425,343,42.42,8,20.56,114,20.23,160,20.97,133,18.27,262,19.96,206,39.13,97,25.21,190,10.49,334,15.83,59,9.32,157,23.72,245,20.38,281,15.34,314,27.47,3,13.08,249,17.0816078782082,221
"2026","Nicholls",77.63,131,-0.79,262,0.56,114,1.66,20,0.26,145,-0.35,218,-0.11,189,1.84005,88,32.69,156,20.1,128,19.41,192,24.14,53,15.76,328,20.59,182,21.08,358,18.81,313,27.99,21,22.78,9,9.34,155,26.27,148,19.01,325,27.26,7,17.15,133,10.32,342,29.5107215642929,132
"2026","NJIT",76.82,267,-0.59,247,-0.2,203,-0.12,201,-0.83,283,-1,279,-0.39,226,1.2191,237,33.46,134,16.49,263,20.39,156,15.25,325,25,48,22.81,118,36.3,153,26.51,171,19.17,132,9,252,8.94,172,23.36,258,28.43,47,21.99,82,14.08,286,12.06,293,48.254406452179,25
"2026","Norfolk St.",76.65,290,-1.11,291,-0.8,287,-2.02,356,-0.44,234,0.78,126,-0.95,308,1.59102,139,33.51,133,16.67,253,19.18,205,14.97,331,27.31,17,21.8,142,37.14,140,22.18,255,14.91,243,11.37,165,14.29,33,23.85,238,21.83,248,21.59,98,18.44,86,14.2,197,2.72931009531021,320
"2026","North Alabama",77.68,125,-0.56,232,-0.26,210,1.5,28,0.8,91,0.1,176,-0.41,229,1.36557,203,22.3,345,17.97,204,15.39,329,24.17,52,20.19,196,22.29,132,46.65,20,15.99,338,23.07,61,7.64,303,6.65,254,32.7,23,19.97,297,21.86,86,12.81,332,12.65,269,37.5906407833099,80
"2026","North Carolina",79.15,6,1.92,33,2.71,4,1.43,36,1.51,40,1.33,71,2.32,10,1.29232,220,36.31,65,25.57,13,24.38,42,17.22,279,15.8,327,17.03,299,34.88,188,34.12,59,15.76,223,7.56,308,7.7,212,32.61,25,26.14,98,15.38,312,14.14,285,11.73,303,12.3182892799377,263
"2026","North Carolina A&T",78,86,0.06,165,0.24,149,0.3,136,1.04,66,1.52,57,0.15,154,0.576331,349,30.87,198,19.04,168,22.07,94,25.15,36,13.98,356,19.73,211,47.83,13,22.68,245,11.24,318,7.25,316,10.95,98,28.7,84,27.85,55,15.81,298,11.27,359,16.33,100,9.83659103512764,279
"2026","North Carolina Central",75.87,353,-1.97,351,-1.45,339,-1.48,334,-1.37,332,-1.2,299,-1.71,352,1.20174,238,25.73,316,23.42,45,18.56,227,16.74,296,23.45,80,17.8,270,31.95,246,26.43,172,17.58,171,8.65,263,15.35,23,22.37,291,24.49,148,14.26,338,20.13,43,18.73,35,12.546007335186,262
"2026","North Dakota",76.53,310,-0.17,194,-0.88,293,-2.23,359,-0.93,294,0.03,183,-0.53,243,1.03286,276,32.04,173,15.59,290,17.63,264,17.74,258,26.17,29,22.84,116,47.46,15,9.86,365,12.75,291,13.49,100,16.36,18,22.22,294,25.99,100,16.2,291,20.13,42,15.43,139,27.1722823381424,153
"2026","North Dakota St.",76.17,339,-0.05,181,-1.52,341,-2.35,362,-1.44,333,-0.61,229,-0.79,286,1.33816,207,29.98,227,25.49,16,19.23,200,17.16,284,16.57,313,21.54,150,34.2,202,21.83,262,23.48,55,9.56,229,10.93,99,32.57,26,15.42,361,22.04,79,15.48,214,14.49,185,17.5663232803345,219
"2026","North Florida",77.18,208,-1.53,323,-0.38,236,0.18,155,-0.17,198,0.97,100,-0.95,306,0.690794,341,26.2,307,19.44,154,16.84,292,12.38,364,26.5,24,24.78,60,32.94,225,31.49,104,21.02,93,7.64,302,6.81,247,23.87,235,28.98,35,15.24,316,14.95,244,16.89,83,15.9049943089485,231
"2026","North Texas",77.35,182,-0.68,253,0.16,157,-0.84,285,0.32,138,0.97,99,-0.26,212,1.40058,195,29.89,229,19.41,155,16.67,298,13.23,355,21.99,126,28.64,11,28.45,308,34.04,61,18.06,158,8.4,269,10.99,96,26.99,132,20.36,283,20.11,146,17.6,114,14.89,168,0,347
"2026","Northeastern",77.78,110,0.04,170,0.1,167,-0.27,216,0.44,133,1.79,33,0.07,168,0.936821,296,41.81,14,16.54,259,16.48,304,24.63,43,18.65,250,23.68,91,40.16,81,23.07,236,11.06,326,9.19,241,16.49,15,23.16,261,28.73,38,17.78,245,15.05,236,15.25,151,27.4334162473679,151
"2026","Northern Arizona",76.59,299,-1.3,311,-0.36,233,-0.4,250,-0.39,230,-1.43,314,-0.83,292,1.08397,264,40.05,24,26.44,8,19.88,175,20.91,138,17.82,279,14.92,346,29.04,298,32.73,79,21.62,83,8.86,258,7.71,210,21.24,315,28.11,52,23.01,57,17.51,118,10.12,345,20.9737747907639,196
"2026","Northern Colorado",77.57,140,-0.12,187,0.86,68,0.29,138,-0.8,282,0.79,110,0.37,129,2.06532,51,22.88,342,22.02,68,18.62,226,19.31,207,23.72,73,16.32,320,40.6,78,35.29,43,14.13,261,7.41,309,2.57,363,24.64,209,25.78,105,19.99,152,17.98,97,11.62,310,39.5672082901001,66
"2026","Northern Illinois",76.54,308,-0.33,211,-1.77,349,-0.92,293,-0.3,212,-0.8,258,-1.05,317,0.528756,355,29.8,231,19.2,163,15.43,328,19.67,192,24.1,65,21.52,152,34.89,187,21.48,273,15.84,220,17.52,39,10.17,118,23.1,267,20.84,269,19.53,175,19.73,54,16.73,91,0,347
"2026","Northern Iowa",77.56,144,-1.3,312,-0.07,189,-0.03,184,0.7,94,1.68,46,-0.69,265,1.94299,64,26.97,291,22.34,62,19.75,180,22.4,95,14.16,352,21.29,159,33.6,216,15.89,341,27.84,22,12.48,127,10.1,125,20.28,331,22.29,233,24.35,35,15.99,194,17.03,76,64.614337682724,3
"2026","Northern Kentucky",76.78,272,-1.77,343,-1.16,312,-0.84,286,-0.15,195,1.01,96,-1.46,342,1.2203,236,23.06,339,23.79,41,17.85,257,19.39,204,13.41,359,25.55,44,31.63,254,29.3,132,18.77,136,10.36,203,9.94,129,26.99,131,20.06,295,18.96,199,16.4,174,17.59,67,20.3946441411972,199
"2026","Northwestern",77.31,191,0.18,151,0.1,166,0.91,75,0.32,139,-1.8,326,0.14,157,1.5618,148,35.73,80,19.76,140,28.12,8,20.15,171,14.05,354,17.9,265,29.43,291,32.2,87,22.38,70,10.24,208,5.72,294,27.66,109,24.6,146,22.03,81,13.95,291,11.74,302,32.6633453369141,110
"2026","Northwestern St.",75.93,349,-2.17,355,-1.98,354,-1.15,309,-1.12,306,-0.75,246,-2.07,362,1.44482,181,36.3,66,17.66,219,16.73,296,15.14,329,19.18,236,31.25,5,41.36,65,26.32,174,15.86,218,9.41,237,6.97,240,28.43,90,26.76,80,17.95,243,14.58,261,12.21,286,45.1181203126907,33
"2026","Notre Dame",78.32,49,0.87,79,0.34,134,0.75,86,0.98,71,1.82,31,0.61,98,1.81758,92,35.32,93,14.01,324,18.89,216,25.55,27,18.31,261,23.17,106,23,351,45.06,3,19.63,126,9.48,233,2.74,362,26.24,149,28.61,43,14.8,327,15.36,220,14.92,164,34.138622879982,100
"2026","Oakland",77.13,217,-1.56,324,0.17,156,0.7,89,1.54,39,-2.04,339,-0.69,268,1.19893,240,27.03,290,22.47,57,22.2,92,16.34,305,16.35,321,22.59,122,34.11,204,30.52,123,15.84,219,15.36,68,4.11,339,27.17,124,23.38,189,17.53,249,19.69,56,12.18,287,19.810488820076,205
"2026","Ohio",76.85,261,-1.35,315,0.01,179,-0.07,192,-1.15,311,0,188,-0.67,262,2.17575,39,22.75,344,19.61,147,27.12,11,15.15,328,22.89,92,15.19,341,29.76,282,39.39,14,16.78,193,7.96,291,6.06,275,28.76,81,25.13,128,19.33,187,13.99,289,12.73,268,38.3656620979309,72
"2026","Ohio St.",77.86,98,2.44,18,0.34,135,0.21,150,-1.33,329,0.79,110,1.39,35,2.15695,40,25.32,325,18.45,192,14.92,338,20.09,173,18.94,246,27.59,16,33.88,210,22.72,243,22.97,65,7.38,311,13,55,25.88,158,21.49,254,20.47,132,12.38,345,19.74,18,49.1254389286041,24
"2026","Oklahoma",77.36,180,0.54,111,1.5,32,1.26,50,-1.12,308,-2.2,343,1.02,55,2.67846,7,30.19,217,16.48,264,21.34,117,16.91,292,19.35,226,25.9,35,43.37,43,26.62,169,17.43,172,6.3,332,6.24,270,24.02,230,21.33,260,24.03,38,15.09,232,15.49,135,11.154692620039,270
"2026","Oklahoma St.",77.46,165,0.75,90,0.51,120,-0.33,227,0.46,131,-0.91,267,0.63,94,1.72135,110,36.83,55,21.66,76,16.31,309,18.23,246,25.37,42,18.37,249,44,37,22.7,244,18.63,144,8.47,267,6.11,273,22.34,292,25.3,122,17.32,256,19.19,69,15.79,122,1.3554971665144,333
"2026","Old Dominion",77.32,188,0.69,96,-0.73,277,-0.58,263,-0.37,226,0.79,110,-0.02,175,1.62724,131,34.16,118,17.57,222,14.6,345,18.94,225,24.8,53,24.06,77,38.76,106,21.41,275,17.14,182,12.41,129,10.22,116,23.55,250,22.34,230,14.83,323,19.33,63,19.92,17,26.9236922264099,155
"2026","Oral Roberts",76.71,280,-1.07,288,-1.03,303,-0.31,223,-0.06,182,-0.8,257,-1.05,316,1.077,267,35.95,74,20.5,116,23.24,63,17.17,283,16.91,306,22.13,135,29.64,285,20.92,285,17.34,173,18.84,25,13.17,51,27.87,105,24.19,159,16.9,271,16.13,190,14.83,171,5.59661872684956,309
"2026","Oregon",78.98,10,1.8,36,2.18,8,1.28,48,1.29,50,1.5,58,1.99,14,1.55358,152,35.58,87,26.74,6,19.94,171,14.15,346,19.94,205,19.21,223,35.25,178,34.49,50,20.07,113,6.71,328,3.46,348,30.81,47,27.84,56,16.82,273,13.13,322,11.38,319,28.0605792999268,146
"2026","Oregon St.",78.67,27,2.25,22,2.96,2,1.25,54,-0.72,276,0.79,110,2.61,4,1.30714,218,36.89,54,21.99,69,19.79,178,19.07,221,17.71,286,21.4,156,32.08,244,38.36,20,14.57,251,9.54,230,5.38,305,22.17,296,23.21,194,21.59,97,13.67,303,19.3,25,23.155303299427,178
"2026","Pacific",77.11,225,0.52,113,-0.29,213,-0.67,271,-0.87,286,0.02,186,0.11,161,2.1536,43,26.2,308,20.54,115,24.29,43,20.09,174,20.35,186,14.73,347,39.62,89,26.12,178,21.47,87,7.17,318,5.63,298,19.64,346,21.34,258,24.95,24,17.88,102,16.2,105,16.0934254527092,228
"2026","Penn",77.77,113,-0.56,232,1.4,39,0.16,159,1.16,56,-0.16,194,0.42,121,1.22872,233,30.08,223,16.99,240,23.03,71,22.83,80,19.11,239,18.04,260,44.71,31,21.26,278,16.1,210,9.15,243,8.79,180,22.58,285,28.85,36,16.84,272,14.95,246,16.79,88,38.0620747804642,75
"2026","Penn St.",78.77,20,1.56,41,0.74,77,0.78,83,1.56,26,2.36,13,1.15,46,0.766661,332,33.31,137,17.58,221,20.02,166,17.42,270,20.64,172,24.32,73,41.13,70,18.39,318,15.75,224,13.19,105,11.51,84,27.4,116,18.21,343,18.11,239,17.15,132,19.11,27,15.5902892351151,234
"2026","Pepperdine",78.31,50,1.1,64,2.12,9,-0.09,198,0.59,104,1.02,95,1.61,27,1.0101,282,25.64,319,16.27,274,15.85,317,19.98,179,24.99,49,22.85,115,24.38,343,26.81,163,11.12,323,11.89,148,25.75,3,24.79,199,16.81,357,22.52,70,14.2,278,21.62,6,10.4347474873066,275
"2026","Pittsburgh",77.05,238,-0.01,177,-1.29,321,0.08,168,0.36,137,-0.74,242,-0.65,259,1.9269,68,20.31,353,22.19,65,21.37,115,21.68,115,18.01,272,16.7,309,31.3,262,36.79,30,16.76,194,8.28,275,6.8,248,24.52,212,20.89,267,21.82,89,14.95,245,17.78,58,23.2478156685829,176
"2026","Portland",78.74,21,1.99,29,0.89,64,1.73,16,2.12,11,0.15,169,1.44,33,0.628661,347,35.41,90,23.79,39,22.25,91,13.31,354,16.64,309,23.99,82,26.52,327,25.99,179,31.53,9,8.03,289,7.92,204,27.63,110,19.99,296,18.15,238,16.14,189,18.06,48,13.1714940071106,254
"2026","Portland St.",78.03,80,-0.02,179,0.71,80,1.31,46,0.22,150,1.11,80,0.34,133,1.41603,192,24.27,334,17.88,210,24.61,39,20.39,159,20.19,197,16.92,302,48.62,12,20.68,291,12.73,292,10.92,186,6.98,239,30.29,54,25.37,121,17.21,262,14.2,279,12.89,259,42.6493257284164,46
"2026","Prairie View A&M",76.6,296,-1.15,295,-0.62,264,-0.93,296,-0.48,249,-0.64,233,-0.88,300,1.00087,283,25.81,313,10.08,365,19.2,203,28.99,4,27.99,10,13.75,357,40.16,80,17.06,330,21.12,92,9.86,217,11.8,78,22.11,297,28.79,37,21.68,93,13.91,293,13.51,226,2.54043880850077,322
"2026","Presbyterian",78.27,56,0.13,158,0.5,122,0.66,94,1.74,20,1.47,61,0.32,136,1.04271,275,19.93,354,25.57,12,20.02,167,17.5,268,14.71,344,22.17,134,38.93,103,30.6,120,18.13,156,7.57,307,4.75,325,34.77,7,28.53,45,15.71,300,9.25,364,11.71,305,31.7888736724854,112
"2026","Princeton",77.57,143,-1.15,296,0.42,128,0.91,77,1.04,69,-0.2,198,-0.37,222,0.78844,325,29.72,236,16.01,281,14.63,342,19.23,214,24.29,61,25.79,37,32.37,234,18.25,321,21.77,82,18.38,31,9.18,163,20.23,333,21.71,249,23.29,47,19.92,49,14.81,172,36.356720328331,92
"2026","Providence",78.11,75,-0.31,206,-0.1,190,1.23,55,1.66,22,1.25,76,-0.21,204,1.85545,80,32.77,154,12.54,345,17,288,23.13,75,26.72,21,20.56,185,42.08,60,20.87,287,13.21,280,15.31,70,8.43,190,29.01,77,22,239,14.36,334,17.64,111,16.93,81,28.3080816268921,141
"2026","Purdue",77.75,118,3.1,6,0.59,110,-0.6,266,-0.33,221,-0.84,260,1.85,18,2.48602,16,29.82,230,21.58,82,20.8,135,22.15,102,15.96,323,19.45,219,46.66,19,34.1,60,2.62,364,8.88,257,7.69,213,28.72,83,30.11,22,12.6,358,13.61,306,14.91,166,62.0952248573303,6
"2026","Purdue Fort Wayne",76.27,333,-1.05,285,0.71,80,-2.43,363,-1.53,340,-1.21,301,-0.17,195,1.9125,71,26.6,300,13.84,327,14.03,354,29,3,21.49,142,21.61,147,43.83,39,27.91,149,7.7,357,8.39,270,12.08,71,24.52,213,19.89,302,18.71,211,19.79,53,17.02,77,29.0679514408112,135
"2026","Queens",78.32,48,-0.26,202,1.6,25,0.55,111,1.56,26,1.33,70,0.67,91,1.31215,216,31.66,184,17.88,209,20.86,132,20.59,150,23.02,89,17.66,278,28.67,305,24.02,214,15.94,216,22.08,12,9.29,158,24.75,204,21.58,250,18.16,237,21.83,18,13.68,220,36.6075366735458,89
"2026","Quinnipiac",78.01,84,0.69,95,0.42,129,1.26,51,0.62,98,0.21,163,0.56,107,1.28449,222,26.59,301,12.71,343,21.68,103,25.21,34,19.68,212,20.69,178,33.44,221,30.92,114,17.34,174,11.79,152,6.46,259,26.33,146,24.17,160,28.7,4,9.09,365,11.65,308,33.4947675466537,105
"2026","Radford",76.94,254,-0.56,232,-0.44,244,-0.35,243,-0.44,234,-0.37,219,-0.5,239,1.52755,157,27.65,282,15.23,297,25.41,31,17.23,278,20.38,183,21.76,145,30.44,277,31.25,108,18.58,147,9.13,245,10.61,108,24.95,189,27.43,64,16.37,286,17.69,110,13.56,224,0,347
"2026","Rhode Island",76.43,319,-0.84,269,-0.88,291,-1.69,344,-1.04,301,-0.21,199,-0.86,296,2.58553,10,30.37,211,14.45,310,23.72,54,24.06,57,19.5,219,18.25,256,36.25,154,27.35,159,18.53,148,6.63,329,11.21,93,21.75,302,22.78,217,26.63,11,13.4,314,15.42,140,2.54459548741579,321
"2026","Rice",76.99,247,0.15,156,-1.54,342,-1.34,324,-0.01,175,0.84,107,-0.7,270,1.93013,66,32,175,13.58,333,18.8,219,24.9,38,25.77,34,16.92,303,49,11,19.62,307,10.79,330,11.27,169,9.27,159,27.11,128,19.55,310,20.07,148,16.82,152,16.41,99,28.4376502037048,139
"2026","Richmond",76.58,300,0.6,104,-0.64,268,-0.3,222,-0.92,292,-2.67,349,-0.02,176,2.05613,52,41.56,17,17.69,218,19.88,174,23.93,60,17.99,274,20.49,187,47.26,17,23.95,217,15.51,230,8.02,290,5.22,309,35.96,5,23.5,182,14.82,325,14.19,281,11.49,314,40.0384068489075,61
"2026","Rider",77.68,126,0.06,165,0.07,170,-0.34,228,1.15,57,0.63,130,0.07,169,0.76467,333,32.18,171,20.29,123,15.98,314,15.31,323,26.84,19,21.53,151,31.8,247,26.65,166,26.02,33,7.75,295,7.67,215,25.08,185,21.95,243,26.92,9,14.21,277,11.77,301,26.2555509805679,159
"2026","Robert Morris",77.51,156,0.16,154,0.68,99,0.66,108,0.49,125,-1.29,312,0.42,122,1.10189,260,32.49,163,19.96,133,24.07,47,16.86,294,21.27,155,17.78,271,35.95,165,33.66,65,14.14,260,10.3,207,5.89,281,28.44,89,29.72,27,14.11,341,14.9,248,12.77,265,11.6526015102863,267
"2026","Rutgers",77.55,148,-0.28,204,0.55,116,1.46,32,-0.9,289,0.1,177,0.13,158,1.3567,205,39.22,32,11.91,351,20.32,158,19.7,190,19.15,237,28.87,10,44.24,35,24.64,201,14.01,264,9.9,216,7.12,233,29.42,69,19.38,318,19.41,182,17.07,139,14.66,179,20.6479281187057,197
"2026","Sacramento St.",77.25,199,-1.24,305,-0.35,232,-0.05,186,-0.44,234,1.47,60,-0.8,287,0.975941,289,32.41,165,16.34,270,18.43,229,16.94,290,24.3,60,23.91,87,31.99,245,33.43,71,5.53,362,12.5,125,16.45,16,23.08,268,21.57,251,16.09,293,15.42,217,23.75,3,0,347
"2026","Sacred Heart",76.96,250,-0.62,249,-0.56,258,-0.83,283,-0.19,199,0.16,165,-0.59,252,2.05086,53,25.63,320,26.34,9,18.32,235,19.21,215,21.96,127,14.15,353,22.97,352,21.28,277,18.21,153,23.82,6,13.7,41,22.55,286,17.67,351,19.18,192,20.07,45,20.52,13,41.6886687278748,52
"2026","Saint Francis",76.79,271,-1.73,340,-1.29,321,0.12,164,-0.1,188,0.14,170,-1.51,344,1.25492,231,32.85,148,16.53,260,20.53,149,23.78,63,18.7,247,20.41,193,35.72,168,20.19,297,17.85,163,16.31,47,9.88,131,18.99,351,20.29,288,23.8,40,19.94,48,16.93,80,10.7268653810024,273
"2026","Saint Joseph's",77.62,134,0.49,116,0.33,137,0.55,115,0.12,159,-0.22,210,0.41,123,1.64461,129,25.88,312,14.53,306,19.35,194,24.1,55,19.5,220,22.47,126,29.54,288,21.76,263,19,135,18.01,34,11.6,82,19.81,344,24.22,157,17.44,251,18.93,73,19.54,21,45.5390900373459,32
"2026","Saint Louis",77.54,150,0.13,159,-0.6,262,0.18,154,1.15,58,0.01,187,-0.24,208,2.28093,31,36.59,58,20.05,131,21.18,122,19.97,180,16.99,305,21.77,144,23.78,347,27.72,153,14.22,258,16.18,52,18.04,9,21.39,312,20.47,277,21.33,109,18.13,94,18.63,38,23.6793667078018,173
"2026","Saint Mary's",78.9,12,4.61,1,0.55,117,0.77,84,-0.05,181,1.79,33,2.58,5,0.743286,336,25.26,326,16.97,241,26.74,13,14.65,341,23.28,82,18.34,250,56.03,1,21.32,276,14.11,262,5.43,346,3.06,359,30.91,43,26.47,91,19.18,191,13.99,288,9.42,357,31.0359328985214,121
"2026","Saint Peter's",76.7,283,-1.23,303,-0.39,237,-1.22,318,-0.2,204,-0.27,212,-0.81,289,1.04302,274,36.9,53,17.88,208,18.93,213,20.37,160,19.26,229,23.52,94,42.24,58,25.37,188,9,346,13.03,112,10.29,113,23.78,243,24.38,154,14.05,343,19.28,67,18.46,44,31.0279995203018,122
"2026","Sam Houston St.",76.65,289,0.53,112,-1.3,331,-1.58,341,-0.58,259,-0.64,234,-0.39,225,1.25938,230,33.73,129,19.81,138,23.07,68,16.15,307,20.5,176,20.44,190,36.02,163,13.31,360,19.64,125,25.42,4,5.58,302,25.41,175,14.05,363,19.73,161,28.55,1,12.25,285,2.42494679987431,324
"2026","Samford",75.85,355,-0.52,231,-2.16,358,-1.69,345,-2.02,355,-1.21,301,-1.34,332,1.25956,229,28.58,260,25.32,18,14.43,346,17.78,256,26.44,26,16.01,325,45.82,25,26.51,170,15.13,237,5.64,342,6.87,246,32.71,22,19.48,314,17.5,250,13.21,317,17.08,75,2.00032014399767,328
"2026","San Diego",76.56,305,-1.11,292,-0.77,281,-0.3,221,-0.64,267,-1.21,301,-0.94,305,1.97824,60,38.36,40,14.16,315,17.55,269,20.17,170,22.88,93,25.2,48,34.01,207,19.88,301,13.69,273,21.55,14,10.84,102,26.07,155,24.67,141,14.45,332,16.91,148,17.85,55,1.22436732053757,336
"2026","San Diego St.",77.76,116,0.33,135,-0.7,271,0.17,157,1.56,26,0.61,132,-0.19,200,1.90018,72,41.67,16,18.21,199,22.07,93,19.14,217,20.25,191,20.33,195,41.68,64,31.54,102,8.53,349,9.16,242,9.1,168,22.82,277,22.59,223,19.34,186,18.49,84,16.76,89,55.8217346668243,8
"2026","San Francisco",78,85,1.36,49,0.57,111,0.66,94,1.67,21,-1.08,291,0.97,59,1.85016,84,35.82,78,19.01,169,23.11,67,20.09,176,17.48,291,20.28,198,32.22,240,32.42,86,19.78,121,9.09,246,6.42,262,20.67,328,33.37,5,20.44,135,11.61,355,13.86,209,40.5123591423035,56
"2026","San Jose St.",76.58,301,-0.15,190,-0.54,256,-1.11,306,-1.14,309,-0.99,276,-0.35,219,0.949325,293,29.79,232,15.87,283,19.63,184,17.57,263,17.49,290,29.42,7,30.86,271,35.74,38,18.76,139,8.07,287,6.55,256,26.39,145,29.06,34,16.31,288,12.57,336,15.65,130,17.5817355513573,218
"2026","Santa Clara",78.51,33,1.33,54,1.48,33,1.83,13,0.84,88,0.27,159,1.4,34,0.918933,302,35.78,79,21.91,71,13.51,357,20.97,134,24.06,66,19.5,216,37.65,128,24.28,206,17.73,168,9.48,232,10.79,104,28.51,87,25.59,114,21.72,92,13.53,309,10.6,335,29.5750170946121,131
"2026","Seattle",77.33,187,1.05,68,0.46,124,-0.27,217,-0.75,278,-0.64,232,0.75,78,1.46611,174,30.33,212,21.65,78,22.32,90,21.02,131,10.04,365,24.93,55,46.07,24,15.79,342,12.36,304,13.97,89,11.75,80,24.78,201,20.32,285,18.03,240,17.72,109,19.1,29,43.9409136772156,39
"2026","Seton Hall",76.15,341,-0.24,199,-1.15,310,-1.34,324,-0.59,261,-2.77,352,-0.69,267,2.51308,15,36.7,56,18.1,200,17.48,271,22.66,84,20.16,199,21.59,148,49.72,5,25.08,195,8.06,354,8.41,268,8.73,182,31.14,40,16.14,359,16.42,284,19.66,57,16.64,93,1.33424149826169,334
"2026","Siena",76.73,278,-0.47,227,-0.34,230,0.38,125,-0.54,253,-2.21,344,-0.4,228,1.16349,248,24.29,333,19.41,156,17.24,277,20.5,152,22.64,100,20.21,201,41.02,72,14.44,354,28.42,19,13.07,111,3.05,360,23.74,244,22.15,236,22.93,59,20.03,46,11.16,324,47.6725101470947,26
"2026","SIUE",77.67,129,2.4,19,1.14,45,-0.32,225,-0.2,202,-1.51,318,1.77,20,1.16715,246,39.49,28,20.48,118,24.99,36,16.5,300,20.13,201,17.89,266,40.64,77,22.35,251,22.13,73,8.14,283,6.68,251,18.58,354,23.03,207,19.99,151,19.58,59,18.81,33,29.8818111419678,130
"2026","SMU",77.97,88,3.33,5,0.1,165,-0.09,194,0.47,129,-0.8,256,1.71,22,2.74356,5,24.14,335,17.64,220,16.63,301,19.68,191,21.42,148,24.57,63,41.21,68,23.85,223,15.65,227,11.98,145,7.23,229,24.87,195,17.46,354,18.62,216,22.47,16,16.52,95,36.4256709814072,91
"2026","South Alabama",77.21,204,-1.18,300,-0.62,265,-0.1,200,0.96,74,0.16,166,-0.9,302,1.02838,277,26.86,295,24.54,28,30.53,5,14.76,336,11.38,363,18.8,233,21.22,357,25.16,192,20.47,104,18.63,28,14.52,32,23.79,242,18.92,327,20.3,141,24.88,6,12.11,290,25.7770121097565,161
"2026","South Carolina",77.72,122,0.32,136,0.39,132,0.96,71,0.47,130,-0.38,220,0.35,131,2.43169,20,33.09,144,18.67,180,21.31,118,14.6,344,23.04,87,22.36,129,28.59,306,22.61,247,24.84,43,14.2,84,9.72,135,26.1,154,21.86,246,19.37,184,16.42,172,16.2,104,8.50910395383835,289
"2026","South Carolina St.",77.95,91,1.25,58,0.47,123,0.66,94,1.18,54,-0.62,230,0.86,67,0.458263,357,45.44,3,12.43,346,19.69,181,23.41,69,22.28,113,22.19,133,30.48,275,31.94,91,18.5,150,10.94,185,8.13,198,21.74,303,25.77,106,22.03,80,12.55,338,17.91,52,22.4412605166435,185
"2026","South Dakota",76.73,277,1.18,61,-1.95,353,-1.21,315,-0.99,296,-0.21,199,-0.39,224,0.875935,307,38.45,38,23.02,50,21.67,105,17.41,271,20.14,200,17.72,275,43.07,51,14.14,358,25.33,37,8.17,282,9.25,161,36.09,4,19.39,317,19.03,197,12.45,343,12.99,255,20.494182407856,198
"2026","South Dakota St.",76.82,266,0.44,120,-0.01,182,-1.98,355,-0.44,234,-0.73,240,0.22,146,1.46412,176,23.55,337,25.5,15,14.7,341,16.42,303,22.37,112,20.94,175,38.39,115,23.95,218,20.38,105,8.09,286,9.08,169,25.3,179,17.58,352,21.42,105,17.75,107,17.87,54,54.3441653251648,11
"2026","South Florida",77.06,235,0.12,160,-1.44,338,-0.34,228,-0.49,252,0.6,133,-0.66,260,1.56288,147,27.73,279,22.41,60,15.15,333,20.43,156,19.89,207,22.07,137,40.66,76,21.56,270,20.22,106,11.01,182,6.5,257,30.31,52,20.31,287,16.92,270,16.58,162,15.85,118,10.8207762241364,272
"2026","Southeast Missouri",76.25,336,-0.41,223,-2.12,355,-1.48,335,-0.44,234,-1.16,294,-1.26,328,1.27003,228,31.75,183,18.52,189,19.12,209,17.94,255,26.18,28,18.16,257,31.59,255,25.66,184,19.45,128,12.32,130,10.91,100,24.69,208,19.22,322,20.92,114,24.08,9,11.01,327,52.6414930820465,15
"2026","Southeastern Louisiana",77.07,233,-1.25,306,-0.27,211,0.24,147,0.76,92,-0.94,270,-0.76,282,1.28872,221,40.56,21,19.63,146,22.72,80,19.94,182,21.38,150,16.32,321,36.17,160,22.88,238,17.28,176,12.13,141,11.52,83,26.58,142,21.89,245,17.36,254,18.7,79,15.46,137,28.4720003604889,138
"2026","Southern",76.71,281,-0.85,270,-1.16,313,-1.55,338,-0.49,251,0.79,110,-1.01,310,0.9782,287,39.54,27,24.12,33,17.63,265,14.57,345,19.65,214,23.95,86,36.87,142,30.67,118,21.21,89,3.49,362,7.67,216,28.33,95,23.81,170,20,149,12.5,339,15.28,149,42.1928435564041,47
"2026","Southern Illinois",77.26,198,0.64,101,-0.32,227,-0.27,215,0,172,-0.58,227,0.16,151,1.64793,127,35.15,97,15.78,286,19.46,189,18.46,239,20.53,174,25.74,38,36.55,148,33.06,75,8.98,347,11.82,151,9.54,143,27.78,106,27.2,68,15.64,305,13.82,296,15.51,133,41.15951359272,54
"2026","Southern Indiana",76.8,268,-0.76,261,0.08,168,-0.28,218,-1.27,323,-0.6,228,-0.34,218,1.18701,242,34.53,108,14.1,318,18.97,212,26.81,15,19.04,242,21.02,170,33.86,211,30.87,116,15.79,222,9.66,223,9.71,137,22.47,289,31.29,14,18.48,220,14.47,266,13.2,242,7.64087662100792,298
"2026","Southern Miss",77.76,114,-0.75,259,-0.34,231,0.02,175,1.46,44,1.61,53,-0.55,247,0.926729,301,29.27,246,19.26,161,31.17,3,18.52,235,14.27,350,16.75,306,44.24,34,18.77,314,17.25,177,13.02,113,6.66,253,28.49,88,23.09,204,18.85,202,16.69,157,12.82,263,2.75199990719557,319
"2026","Southern Utah",78.71,25,1.78,37,1.51,30,1.25,53,1.89,16,0.29,156,1.65,25,0.945421,295,30.51,206,16.86,243,22.91,74,15.69,315,19.53,218,24.96,53,26.36,331,30.54,122,16.66,198,13.49,99,12.89,56,30.1,58,26.89,77,11.19,365,15.67,206,16.09,111,8.32483023405075,293
"2026","St. Bonaventure",76.45,317,-0.36,214,0.31,142,-1.4,332,-1.19,319,-1.92,329,-0.03,178,1.54736,153,20.52,352,16.82,245,22.84,77,19.41,203,17.74,284,23.18,105,34.09,205,36.86,29,16.97,191,8.19,281,3.87,343,24.03,229,26.74,81,23.09,54,17.24,128,8.89,362,4.3945275247097,314
"2026","St. John's",78.24,61,-0.02,178,0.45,126,0.71,88,1.56,26,1.63,52,0.22,144,2.25154,34,31.22,193,24.52,29,17.15,280,21.86,110,19.09,240,17.31,288,39.65,88,31.77,97,14.64,248,7.72,298,6.14,272,20.25,332,26.49,90,21.49,102,15.55,210,16.16,108,23.2767939567566,175
"2026","St. Thomas",76.97,249,-1.27,309,-0.77,282,-0.19,206,0.48,127,-0.25,211,-1.02,312,0.927426,300,31.55,185,16.69,252,19.78,179,25.56,25,24.04,67,13.88,356,15.62,365,20.08,299,15.14,236,20.82,19,28.29,1,17.75,358,24.62,144,20.52,128,21.19,24,15.87,117,41.3800001144409,53
"2026","Stanford",77.43,169,0.35,133,1.13,48,0.73,87,-1.69,345,-0.21,199,0.74,81,1.07253,268,36.48,62,14.4,312,19.17,206,15.07,330,30.99,2,20.29,197,37.41,134,34.13,58,14.22,259,8.21,280,5.94,279,25.83,160,23.5,183,21.85,87,15.48,213,13.26,237,43.7716424465179,40
"2026","Stephen F. Austin",75.53,362,-1.62,336,-2.35,363,-2.96,365,-1.74,347,-0.48,223,-1.99,360,1.42304,188,30.2,216,11.04,359,13.37,359,22.63,86,23.73,72,29.17,8,39.55,92,30.44,124,5.73,361,11.77,153,12.44,66,25.99,156,23.15,200,17.61,248,13.65,305,19.54,20,27.349454164505,152
"2026","Stetson",76.73,276,0.51,114,0.88,65,-0.34,228,-1.05,302,-3.17,361,0.69,85,0.521429,356,36.96,52,15.84,284,25.43,30,20.73,145,22.09,123,15.87,330,32.72,229,32.07,88,13.75,269,12.9,115,8.5,187,24.05,228,26.7,84,18.45,222,16.52,165,14.23,196,18.8364326953888,209
"2026","Stonehill",77.58,138,0,175,-0.42,241,-0.88,289,0.56,109,1.82,32,-0.21,205,1.47201,171,28.42,263,17.91,207,14.17,350,18.47,238,22.27,115,27.18,19,38.65,110,23.32,233,16.45,205,8.04,288,13.55,44,31.6,34,19.56,309,20.29,142,12.72,334,15.82,120,37.6288145780563,79
"2026","Stony Brook",77.59,137,0.09,161,-0.63,266,-0.24,213,0.84,87,1.03,90,-0.27,213,1.44443,182,32.46,164,16.07,278,14.34,348,26.49,19,22.74,98,20.32,196,38.93,102,31.14,111,11.22,320,11.23,174,7.41,224,30.09,59,19.92,300,19.23,190,16.3,180,14.39,190,5.38641698658466,311
"2026","Syracuse",78.27,55,-0.56,232,1.55,27,0.5,116,1.07,62,1.98,25,0.5,114,2.02425,56,28.48,262,21.53,84,18.15,244,21.37,123,20.46,180,18.49,243,27.99,315,39.35,15,13.98,265,10.51,199,8.17,197,30.02,61,27.09,71,14.35,335,14.82,254,13.73,218,18.5787215828896,211
"2026","Tarleton St.",75.54,361,-2.18,357,-1.61,345,-1.56,340,-1.77,349,-2.02,336,-1.89,357,1.30565,219,44.25,7,19.8,139,22.55,85,24.4,48,17.27,298,15.94,327,39.11,99,25.14,193,8.54,348,17.64,36,9.53,144,28.12,99,23.92,167,15.7,301,18.38,87,13.84,211,22.2104460000992,188
"2026","TCU",76.43,322,-1.97,350,-0.36,234,0.27,142,-1.44,336,-1.21,301,-1.16,324,1.77894,101,27.53,285,24.22,32,23.15,65,20.24,165,18.42,259,13.91,355,34.39,197,23.42,232,24.55,45,12.76,117,4.81,320,25.64,167,26.6,88,21.39,106,12.88,329,13.45,228,21.9561994075775,191
"2026","Temple",77.11,224,-1.03,283,-0.71,273,-0.9,291,-0.44,234,1.79,33,-0.87,298,1.9161,70,19.66,356,13.97,326,19.28,198,21.45,121,18.6,253,26.64,24,42.1,59,12.8,362,18.77,138,14.81,77,11.42,87,25.67,164,23.22,193,18.66,213,14.99,241,17.38,70,17.605647444725,217
"2026","Tennessee",78.44,39,1.44,45,2.28,7,1.69,19,0.17,155,-0.21,199,1.86,16,1.61107,136,34.95,99,20.09,129,24.83,37,17.55,265,12.9,360,24.56,65,32.3,237,20.53,293,31.88,8,10.8,189,4.41,333,22.52,287,24.2,158,25.9,16,17.2,131,10.11,346,16.7730957269669,224
"2026","Tennessee Martin",78.41,41,-0.72,257,0.12,163,1.66,20,2.27,7,1.87,30,-0.3,216,0.617436,348,36.37,64,23.86,38,17.19,279,24.43,47,17.8,281,16.68,310,22.05,354,21.58,267,25.91,34,13.49,101,16.93,14,20.7,325,20.11,293,23.08,55,20.9,28,15.18,155,34.0573757886887,101
"2026","Tennessee St.",76.95,253,-1.56,324,-0.67,270,0.66,94,0.49,126,-1.01,281,-1.11,322,1.6757,119,26.92,293,18.22,197,21.11,127,27.64,8,16.11,322,16.88,304,38.7,107,25.03,196,13.18,281,13.56,97,9.49,147,25.45,172,19.51,312,22.45,72,17.91,99,14.65,180,39.9179577827454,63
"2026","Tennessee Tech",76.57,304,-1.56,324,-1.32,332,-1.34,324,0.56,109,-0.35,217,-1.44,340,0.837032,317,41.04,18,31.16,1,12.78,361,18.9,226,21.31,153,15.77,334,45.14,26,20.77,289,16.49,203,11.24,172,6.23,271,31.58,36,20.34,284,14.07,342,18.53,82,15.41,142,16.916698217392,223
"2026","Texas",78.1,76,1.33,53,0.7,97,0.76,85,0.56,123,0.33,151,1.01,56,2.74757,4,30.69,204,22.45,58,23.77,51,17.55,266,16.53,316,19.64,214,39.08,100,20.71,290,14.33,255,13.57,96,12.25,69,28.22,97,29.17,31,13.86,347,15.74,202,12.97,256,30.9026122093201,123
"2026","Texas A&M",77.21,203,0.82,84,-0.24,207,-0.24,211,-0.61,263,-0.5,224,0.28,138,2.62154,8,40.9,19,19.84,136,23.05,70,19.24,212,21.46,144,16.34,319,33.55,218,23.81,225,14.25,256,15.59,67,12.72,59,27.32,117,27.7,58,16.68,276,15.44,216,12.78,264,0.597062753513455,339
"2026","Texas A&M Corpus Chris",76.39,325,-1.56,324,0,181,-1.15,308,-1.47,339,-0.72,238,-0.78,283,0.557657,351,44.82,6,20.21,126,20.72,140,14.6,343,19.47,222,24.95,54,38.02,123,31.88,92,14.58,250,7.74,296,7.71,209,27.63,111,23.61,180,19.64,164,13.17,320,15.89,116,16.0520255565643,230
"2026","Texas Southern",76.55,307,-0.9,273,-0.29,213,-0.51,257,-1.63,343,-0.78,251,-0.59,254,1.65295,124,38.12,43,10.15,363,24.1,46,23.05,76,20.22,195,22.45,127,24.34,344,43.68,4,16.2,208,7.32,313,8.41,191,18.4,355,32.58,7,24.69,28,12.23,349,12.06,294,34.1922432184219,99
"2026","Texas St.",76.84,263,-0.82,267,-0.59,260,-0.34,228,-0.16,196,-0.71,236,-0.71,273,1.68099,117,32.62,160,17.06,238,26.49,16,16.48,301,16.56,314,23.41,97,35.16,181,31.02,113,12.88,289,11.39,164,9.55,141,23.91,232,29.06,33,13.98,344,17.64,112,15.41,141,16.9718340039253,222
"2026","Texas Tech",77.07,234,-0.07,182,-1.33,334,-0.34,228,-0.04,179,0.27,158,-0.7,272,2.1019,47,19.42,357,25.77,11,17.97,254,17.01,288,21.81,132,17.4,285,41.97,61,28.21,144,11.61,312,10.24,209,7.9,205,30.22,55,23.9,168,13.29,350,15.12,228,17.4,69,26.7064213752747,157
"2026","The Citadel",76.89,257,-1.84,346,-1.28,319,0.06,172,0.56,122,0.13,171,-1.56,347,0.812433,323,29.6,238,15.88,282,27.64,10,23.14,74,17.5,289,15.83,332,37.44,133,25.95,180,12.77,290,13.73,90,10.11,123,24.6,210,13.23,365,18.18,236,21.7,19,22.29,4,38.2594257593155,73
"2026","Toledo",76.57,303,0.09,162,-0.19,202,-1.59,342,-2.06,357,-0.21,199,-0.05,182,1.37852,201,23.05,340,18.87,173,18.03,249,17.2,281,22.55,106,23.3,101,29.12,295,36.29,33,10.79,329,9.83,219,13.91,37,26.62,140,26.65,86,14.2,340,18.28,91,14.17,199,22.8124931454659,180
"2026","Towson",78.15,71,0.55,110,1.27,42,1.21,60,1.1,61,-0.21,199,0.91,63,1.73821,107,31.93,180,12.31,347,25.92,23,17.3,277,21.16,159,23.3,102,41.14,69,15.02,349,21.61,85,17.64,37,4.54,331,24.46,215,21.57,252,22.56,69,21.65,20,9.73,354,36.9246184825897,84
"2026","Troy",77.4,173,-0.56,232,0.65,102,0.99,68,-0.85,285,-0.07,193,0.05,172,1.28152,223,24.13,336,23.87,36,21.48,113,21.39,122,13.94,357,19.31,222,20.4,362,34.62,48,21.78,81,10.37,202,12.83,57,25.39,176,32.46,8,19.97,153,10.89,360,11.29,322,44.312971830368,37
"2026","Tulane",77.47,163,-0.76,260,-0.88,292,-0.04,185,0.41,135,1.79,33,-0.82,290,1.94532,63,25.33,324,13.69,330,17.14,281,20.26,164,27.56,14,21.29,161,27.51,321,25.12,194,18.64,143,16.05,54,12.6,62,19.82,342,21.95,241,23.25,48,19.63,58,15.28,148,44.3040758371353,38
"2026","Tulsa",77.49,159,-0.5,230,-0.22,204,0.29,139,0.01,169,1.03,91,-0.36,220,1.51652,159,33.27,139,12.16,350,21.72,102,18.44,240,24.14,64,23.54,93,35.31,176,24.16,210,14.91,242,11.44,162,14.18,35,24.35,220,22.46,226,16.42,283,20.16,41,16.62,94,7.47378766536713,300
"2026","UAB",76.69,284,-1.56,324,-0.14,194,0.07,170,-0.62,264,-1.17,295,-0.85,294,1.45667,178,33.52,132,20.05,130,20.06,165,23.62,65,14.98,342,21.23,164,39.19,96,30.66,119,12.71,295,9.53,231,7.83,206,30.1,57,24.66,142,14.85,322,14.64,260,15.67,128,0,347
"2026","UC Davis",76.57,302,-0.56,232,0.15,162,-1.43,333,-1.28,324,-0.85,261,-0.2,202,1.43209,186,32.99,145,19.57,149,21.11,126,19.36,205,23.19,84,16.7,308,24.07,345,29.94,128,23.45,56,5.51,344,16.96,13,29.54,66,24.07,161,18.28,231,14.8,255,13.23,240,46.8954175710678,28
"2026","UC Irvine",77.96,89,1.04,69,0.65,103,-0.7,273,0.56,109,1.44,63,0.84,70,1.05519,272,30.8,200,16.16,276,20.61,145,20.66,147,25.49,39,17.05,297,34.63,191,31.29,107,17.63,170,7.62,305,8.79,179,27.22,121,23.64,179,19.6,169,15.04,238,14.47,186,23.8986402750015,170
"2026","UC Riverside",78.11,74,0.04,169,0.2,152,0.01,178,1.35,47,2.14,18,0.12,160,0.770922,331,25.72,317,18.76,178,17.22,278,13.84,351,28.9,9,21.28,162,33.59,217,24.74,199,16.97,189,11.52,161,13.17,50,23.56,249,20.17,290,18.43,224,21.39,22,16.45,98,0,347
"2026","UC San Diego",78.31,51,0.94,76,-0.15,196,-0.34,228,1.56,26,2.71,10,0.4,125,1.06982,270,32.28,167,22.09,66,19.33,195,22.4,96,19.65,215,16.5,313,34.77,189,15.21,348,24.01,50,10.76,192,15.2,25,21.48,309,20.52,276,25.14,21,15.14,227,17.69,62,7.94569402933121,296
"2026","UC Santa Barbara",78.02,82,-1.56,324,0.71,80,1.69,18,0.74,93,1.68,47,-0.42,230,1.5555,151,27.99,273,16.65,255,21.34,116,18.02,252,21.17,158,22.76,119,40.23,79,25.17,191,20.66,101,8.79,260,5.07,311,22.82,278,30.83,16,20.1,147,16.81,153,9.38,358,13.6121779680252,249
"2026","UCF",78.64,30,2.24,23,1.11,52,0.36,126,1.56,26,1.1,81,1.67,24,2.3453,29,31.47,188,18.54,187,21.29,120,15.81,313,23.08,86,21.22,165,31.29,263,33.7,64,17.16,180,10.33,206,7.44,223,28.77,80,26.15,97,18.81,207,12.97,326,13.21,241,0.0401010533096269,345
"2026","UCLA",78,87,0.65,98,1.12,50,0.19,152,0.24,147,0.97,101,0.88,66,2.52938,14,32.28,168,19.73,141,25,35,12.8,360,21.87,129,20.57,184,31.3,261,22.98,237,28.83,16,10.53,198,6.32,266,22.79,280,29.87,26,19.62,166,13.92,292,13.77,215,39.8160547018051,64
"2026","UMass Lowell",76.28,332,-1.58,333,-1.29,321,0.4,124,-1.9,352,-1.04,283,-1.43,337,0.557364,352,27.92,276,19.84,137,18.51,228,25.42,32,17.96,276,18.27,254,38.86,104,23.7,229,21,95,9.2,239,7.25,228,28.73,82,18,347,20.56,126,17.48,120,15.22,154,0.0180086441105232,346
"2026","UMBC",77.15,215,-0.24,201,-0.48,249,-0.76,277,-0.4,231,0.79,110,-0.36,221,1.16715,247,29.29,245,17.82,212,20.47,154,21.04,130,19.33,227,21.29,160,44.55,32,31.51,103,16.64,199,2,365,5.24,308,29.15,75,24.47,151,16.43,281,17.51,117,12.39,282,26.7976850271225,156
"2026","UNC Asheville",78.5,36,0.17,153,0.79,72,1.83,12,2.29,6,0.59,134,0.48,115,1.88555,75,17.65,359,22.91,51,9.41,365,26.68,17,17.56,287,23.45,95,29.13,294,35.91,36,18.73,141,11.01,183,5.19,310,25.08,184,24.63,143,19.99,150,17.08,138,13.2,243,29.1115164756775,134
"2026","UNC Greensboro",75.79,357,-1.18,299,-1.41,336,-1.22,316,-1.84,351,-2.21,345,-1.29,330,0.77646,328,29.51,241,14.06,321,25.86,24,24.09,56,16.6,310,19.36,220,41.06,71,33.82,63,16.69,195,3.43,363,4.95,316,16.83,362,42.98,1,18.45,223,12.36,346,9.36,359,1.39844752848148,332
"2026","UNC Wilmington",78.94,11,1.77,38,-0.14,193,1.09,63,1.56,26,3.57,1,0.81,72,2.38698,23,24.46,331,22.03,67,17.59,267,23.27,71,20.4,181,16.72,307,43.28,47,19.65,306,15.14,235,15.63,65,6.3,268,32.12,30,20.12,291,15,321,20.65,34,12.11,291,32.9971313476562,107
"2026","UNLV",77.34,186,0.24,142,0.92,62,0,180,-0.56,256,-0.75,247,0.58,103,1.44209,184,31.33,191,17.21,235,22.49,87,13.78,352,22.08,124,24.44,67,38.54,113,28.88,136,17.29,175,11.12,175,4.18,337,27.25,119,18.42,336,21.38,107,19.22,68,13.73,219,1.92662011831999,329
"2026","USC",78.99,9,2.32,21,2,14,1.73,15,2.03,12,0.02,185,2.16,12,2.54236,13,40.81,20,16.74,249,22.94,73,21.71,113,21.48,143,17.08,296,28.74,304,33.47,68,14.95,241,11.9,147,10.88,101,22.78,281,24.98,135,18.88,201,15.31,223,18,49,3.16955000162125,318
"2026","USC Upstate",76.55,306,0.03,171,-1.77,348,-1.2,313,-0.39,228,-0.76,249,-0.87,297,0.898369,306,32.89,147,14,325,16.67,299,24.71,41,25.42,40,19.19,224,46.51,22,21.15,280,12.56,300,12.16,138,7.58,220,29.95,62,20.64,273,17.36,253,18.35,89,13.66,221,44.6917176246643,36
"2026","UT Arlington",76.88,259,-0.67,252,-0.57,259,-1.09,304,-0.33,216,0.22,161,-0.62,257,0.813727,322,38.84,35,14.52,308,22.89,75,22.99,79,20.63,173,18.9,229,32.11,243,28.84,139,18.17,155,13.16,107,7.64,218,23.66,248,23.79,171,20.52,129,17.27,127,14.68,178,13.706386089325,248
"2026","UT Rio Grande Valley",75.88,352,-1.46,320,-1.16,311,-1.22,317,-1.3,327,-2.3,346,-1.31,331,1.48126,169,32.13,172,23.9,35,23.34,61,19.28,209,15.14,339,18.3,253,30.74,273,19.7,305,13.08,285,19.98,23,16.42,17,20.99,319,25.17,125,24.92,25,16.36,176,12.51,277,11.553617566824,268
"2026","Utah",77.51,154,-0.56,232,0.84,70,0.95,72,-0.56,255,0.03,184,0.14,156,1.85145,83,27.7,281,18.07,201,11.38,364,16.63,298,32.46,1,21.42,155,34.47,194,42.18,6,10.74,331,6.06,337,6.49,258,30.98,41,24.51,147,17.24,261,12.25,348,14.96,161,8.98721292614937,286
"2026","Utah St.",77.68,127,-0.21,198,1.42,36,-0.79,279,0.56,109,0.59,135,0.61,97,2.43419,19,36.02,73,15.78,285,19.55,187,20.8,142,25.56,37,18.27,255,37.45,132,28.8,140,8.07,353,15.92,56,9.71,136,17.89,357,22.48,225,14.8,326,20.34,37,24.45,1,40.1101976633072,59
"2026","Utah Tech",78.37,44,-1.56,324,0.56,115,1.39,40,1.85,18,2.79,6,-0.5,240,1.0571,271,23.03,341,25.45,17,21.58,108,18.67,231,13.99,355,20.24,199,39.37,94,21.57,268,17.64,169,10.08,212,11.24,92,28.02,100,26.83,78,16.42,282,13.76,298,14.91,167,12.9561454057693,256
"2026","Utah Valley",77.92,93,-0.44,225,-0.04,186,0.28,141,0.56,109,2.4,12,-0.24,209,1.23949,232,33.94,122,25.79,10,26.43,18,18.31,243,12.43,362,16.96,301,37.19,139,32.44,85,13.35,279,7.15,319,9.77,134,20.1,337,22.79,216,18.35,227,17.89,100,20.81,11,30.3197026252747,126
"2026","UTEP",76.88,258,-0.46,226,0.11,164,0.18,153,-1.71,346,-0.54,226,-0.18,197,1.62452,132,23.12,338,21,101,26.76,12,22.38,97,18.55,257,11.27,364,23.49,350,31.85,94,28.43,18,5,353,11.17,95,22.33,293,25.27,123,22.51,71,14.99,242,14.84,170,13.5811343789101,250
"2026","UTSA",77.82,108,-0.88,272,-0.5,253,0.4,123,1.56,26,1.68,48,-0.69,266,0.845965,314,32.64,159,17.79,214,18.93,214,19.94,181,22.87,95,20.42,191,36.1,162,32.52,82,15.1,238,7.74,297,8.46,189,28.35,93,25.46,117,19.45,179,13.36,316,13.29,236,7.8590027987957,297
"2026","Valparaiso",78.13,72,0.78,87,0.71,80,1.64,26,-0.43,233,1.1,85,0.75,80,0.784632,326,33.54,131,14.14,317,24.49,41,20.53,151,21.92,128,18.88,230,33.12,223,21.56,269,30.73,11,6.55,330,7.97,202,23.01,270,18.84,329,25.53,18,15.83,198,16.74,90,5.3613007068634,312
"2026","Vanderbilt",77.17,211,-0.95,277,-0.29,213,1.45,33,-0.13,194,-1.05,285,-0.62,255,2.44596,18,30.1,221,19.54,152,17.48,272,18.54,234,19.3,228,25.11,49,39.41,93,32.48,83,9.95,340,11.02,181,7.07,235,27.95,101,21.55,253,16.52,277,15.57,209,18.35,46,35.4601413011551,95
"2026","VCU",77.85,102,0.95,73,0.71,80,0.69,90,0.12,157,-0.06,192,0.83,71,1.61858,134,35.86,76,21.49,86,14.62,344,20.85,141,22.44,109,20.56,186,27.3,322,27.84,150,16.14,209,10.35,204,18.32,8,23.86,236,23.14,201,17.66,246,16.62,160,18.68,37,15.2804493904114,237
"2026","Vermont",77.52,153,-0.31,207,0.19,154,-0.3,220,0.1,162,1.06,88,-0.06,185,1.85307,82,34.92,100,22.25,64,16.51,303,24.7,42,18.12,268,18.42,247,43.31,46,30.9,115,5.86,360,10.45,201,9.47,150,18.19,356,20.46,278,19.04,196,22.9,11,19.38,23,31.6564619541168,114
"2026","Villanova",77.57,142,0.63,102,-0.02,183,-0.6,265,-0.04,180,1.03,92,0.31,137,1.87195,78,28.59,259,18.02,202,15.67,323,22.4,94,22.48,108,21.39,158,46.98,18,16.14,336,15.98,213,14.43,79,6.41,263,33.97,13,15.05,362,18.55,217,17.29,126,15.08,156,12.8441289067268,259
"2026","Virginia",78.21,66,2.44,17,1.13,47,1.07,64,0.85,82,-1.29,311,1.79,19,2.01352,58,34.78,103,17.52,224,23.58,60,22.36,98,15.04,340,21.48,154,36.21,157,25.8,181,11.12,324,13.33,103,13.52,47,25.06,186,22.1,238,19.62,165,16.25,183,16.93,82,0.094148755306378,343
"2026","Virginia Tech",77.91,94,0.32,138,1.03,56,1.3,47,1.17,55,-1.08,290,0.68,90,1.41747,191,30.73,201,17.93,206,21.49,111,19.91,183,18.68,248,21.93,139,30.89,270,24.08,213,28.72,17,8.51,266,7.7,211,20.01,338,30.25,19,24.58,31,12.84,330,12.25,284,37.6861780881882,78
"2026","VMI",76.63,292,-2.13,354,-1.56,343,-1.23,319,-0.04,178,1.28,74,-1.84,356,1.31747,213,26.63,299,22.42,59,20.76,137,16.06,308,21.76,133,18.97,228,36.54,149,18.82,312,22.01,76,10.14,211,12.43,67,29.91,63,22.15,235,22.73,64,15.08,233,10.09,348,63.2735133171082,4
"2026","Wagner",76.54,309,-2.66,362,-1.29,321,-0.09,196,-0.87,287,0.79,110,-1.97,359,0.236344,362,34.88,101,19.54,151,20.63,144,18.08,250,16.41,320,25.32,46,41.73,63,27.07,161,14.23,257,7.69,301,9.26,160,26.98,134,26.38,93,14.5,331,16.65,158,15.47,136,6.00324161350727,308
"2026","Wake Forest",78.03,81,-0.39,216,-0.12,191,1.22,57,1.51,41,1.1,83,-0.25,211,2.10172,48,34.41,111,12.65,344,19.8,177,28.56,5,20.5,178,18.45,245,26.47,328,23.79,226,17.15,181,21.28,15,11.27,91,14.5,364,25.13,130,26.21,14,20.9,29,13.24,239,25.4868984222412,163
"2026","Washington",77.79,109,1.44,45,1.69,19,-0.82,281,-0.01,176,-0.21,199,1.57,28,1.70599,115,30.15,220,21.28,92,18,253,22.63,85,23.04,88,15.04,344,44.02,36,28.25,143,10.12,338,10.49,200,7.09,234,32.74,21,23.67,176,12.77,356,17.89,101,12.89,261,17.2412410378456,220
"2026","Washington St.",78.22,64,-0.01,176,0.71,95,1.39,38,0.56,109,1.6,54,0.35,132,0.93444,297,35.3,94,21.87,72,19.12,208,20.96,135,13.46,358,24.55,66,30.42,278,25.51,186,17.04,185,17.19,41,9.79,133,23.48,252,25.07,132,22.68,65,13.46,313,15.26,150,21.4443027973175,192
"2026","Weber St.",76.25,335,-1.64,337,-0.9,295,0.09,166,-0.37,225,-2.76,351,-1.27,329,1.15921,249,34.3,116,16.31,272,22.04,95,18.98,223,17.35,295,25.28,47,43.18,48,39.27,16,7.77,356,5.72,341,3.98,342,25.81,161,26.35,94,19.86,158,16.44,169,11.48,315,36.6892218589783,87
"2026","West Georgia",77.1,226,-0.16,191,-1.03,302,0.66,94,-0.04,177,-0.79,255,-0.59,253,1.08317,265,31.79,181,16.81,246,11.66,363,25.5,29,30.25,5,15.73,336,42.51,56,14.41,355,28.84,15,11.08,178,3.09,357,29.27,71,19.53,311,25.12,22,13.97,290,12.04,296,45.5634921789169,31
"2026","West Virginia",77.02,244,0.96,72,0.59,108,0.26,143,-0.74,277,-2.82,355,0.78,76,2.85728,2,29.25,247,18.44,193,25.09,33,17.61,261,14.29,349,24.56,64,36.81,145,33.54,67,17.08,184,9.13,244,3.39,352,19.38,347,23.52,181,23.99,39,21.31,23,11.78,300,0,347
"2026","Western Carolina",77.28,196,0.58,106,0.71,80,-0.42,251,-0.13,193,-1.19,297,0.64,92,1.46693,173,35.18,96,15.11,300,23.14,66,16.91,291,23.64,74,21.13,166,49.35,8,15.43,344,20.1,111,8.14,284,6.9,245,34.05,12,20.12,292,13.09,353,17.02,144,15.65,129,33.9411169290543,102
"2026","Western Illinois",77.05,237,-1.7,339,-1.29,321,0.02,176,0.57,108,0.82,109,-1.49,343,0.833878,318,34.58,106,18.53,188,21.79,100,20.6,149,25.34,44,13.69,358,28.47,307,18.27,320,32.1,7,12.23,136,8.84,177,17,361,21.95,242,23.65,43,19.7,55,17.64,64,0,347
"2026","Western Kentucky",76.99,246,1.18,60,-0.17,197,-1.01,302,-1.15,310,-0.73,241,0.51,113,1.84396,86,40.1,23,13.62,332,24.11,45,25.98,22,17.71,285,18.53,241,31.07,267,24.25,208,25.22,39,9.93,215,9.47,149,21.61,304,23.37,190,25.78,17,16.43,171,12.76,266,13.218080997467,253
"2026","Western Michigan",77.09,228,0.44,128,-0.65,269,0.06,173,-0.27,209,-0.94,271,-0.11,188,1.10578,259,42.28,10,12.29,348,20.48,153,27.04,14,19.38,224,20.74,177,35.15,182,22.26,254,19.02,134,13.19,106,10.28,114,22.91,271,23.16,199,30.09,2,13,324,10.77,333,19.9006572365761,204
"2026","Wichita St.",76.43,320,2.53,15,-0.6,263,-0.32,226,-3.16,364,-3.14,360,0.96,60,1.8347,89,28.82,257,20.81,109,18.35,234,18.08,249,15.74,330,26.96,22,44.71,30,24.64,202,20.2,109,6.4,331,3.98,341,33.48,16,21.38,257,19.28,189,15.38,219,10.4,340,0.120050425175577,342
"2026","William & Mary",77.55,147,-1.24,304,-0.84,289,0.55,113,1.04,67,1.43,64,-1.04,315,1.5987,138,39.41,29,21.93,70,19.16,207,18.51,237,19.76,210,20.59,183,20.86,359,19.04,309,23.04,62,24.43,5,12.57,63,21.29,313,18.36,340,19.58,171,25.22,4,15.5,134,21.0845783352852,195
"2026","Winthrop",76.6,297,0.21,147,0.15,160,-0.6,267,-0.3,211,-3.3,364,0.18,149,1.67849,118,36.19,67,28.34,2,16.33,308,20.86,140,15.67,331,18.81,232,49.58,6,24.5,205,13.59,274,8.93,254,3.41,351,30.07,60,22.6,222,19.53,176,16.38,175,11.41,317,16.6753441095352,225
"2026","Wisconsin",78.84,16,2.12,27,2.05,13,0.28,140,0.95,76,1.99,24,2.08,13,2.35483,27,30.93,196,18.82,174,14.71,340,10.06,365,25.63,36,30.77,6,30.77,272,27.81,152,12.62,299,16.12,53,12.65,61,30.58,50,22.15,237,11.72,364,18.71,78,16.82,87,32.4289083480835,111
"2026","Wofford",75.87,354,-1.22,302,-2.13,356,-2.34,361,-1.17,317,-0.64,231,-1.68,350,0.979781,286,29.04,253,15.78,287,21.12,124,28.21,6,19.7,211,15.12,342,35.54,171,14.79,350,17.13,183,17.54,38,14.92,27,21.59,306,21.43,255,24.18,37,16.95,146,15.78,123,14.049719274044,242
"2026","Wright St.",76.95,251,-1.41,316,-0.29,226,0.01,177,-0.55,254,0.16,164,-0.85,295,1.20003,239,36.16,69,20.04,132,18.8,218,15.68,316,22.56,104,22.91,113,29.1,297,21.67,265,27.52,24,8.29,274,13.4,48,33.65,15,18.72,331,23.35,45,13.69,302,10.56,336,31.3459396362305,118
"2026","Wyoming",77.03,242,-0.58,246,-0.29,213,0.23,148,-0.84,284,-0.21,199,-0.44,234,1.18291,243,36.11,71,15.53,291,17.27,276,21.5,120,20.74,168,24.89,57,24.84,341,28.86,138,17.77,165,14.84,76,13.61,42,20.69,327,23.18,197,23.47,44,18,96,14.58,182,7.55945593118668,299
"2026","Xavier",78.77,19,0.85,81,1.61,24,1.48,30,1.26,51,1.79,33,1.23,43,2.15649,42,27.47,286,19.08,167,19.99,169,23.03,77,16.88,307,20.98,172,34.66,190,25.3,189,22.3,72,8.36,272,9.33,156,20.2,334,29.6,29,21.89,85,12.23,350,16.04,113,0.0440766947576776,344
"2026","Yale",77.72,121,-0.57,245,-0.29,213,0.85,79,1.41,46,0.38,149,-0.43,233,1.42218,189,25.91,311,16.58,257,22.8,78,24.48,44,18.25,265,17.84,269,32.54,232,24.6,203,19.84,118,15.29,71,7.66,217,21.57,307,24.03,163,20.47,133,19.31,64,14.56,183,62.1266961097717,5
"2026","Youngstown St.",76.39,324,-0.64,251,-0.79,285,-0.53,258,-1.16,313,-1.76,323,-0.72,275,1.6499,126,36.14,70,20.56,113,21.88,97,22.77,82,17.07,303,17.72,276,39.98,83,13.25,361,14.59,249,16.01,55,16.18,19,19.76,345,21.34,259,22.66,67,18.37,88,17.87,53,22.6242631673813,182
