Year,Team,Round,Conf Tourney,Region,Seed,Conf,W,AdjO,AdjD,AdjT,Luck,OppO,OppD,R32_Actual,S16_Actual,E8_Actual,F4_Actual,NCG_Actual,Winner_Actual,First_Year
2013,Indiana,3,0,Midwest,1,B10,27,123.2,89.0,67.8,-0.023,105.1,96.0,0.0,0.0,0.0,0.0,0.0,0.0,1
2013,James Madison,1,1,Midwest,16,CAA,20,97.3,98.9,64.5,0.059,99.4,103.7,0.0,0.0,0.0,0.0,0.0,0.0,1
2013,North Carolina State,1,0,Midwest,8,ACC,24,116.1,97.2,68.2,-0.02,105.0,97.3,0.0,0.0,0.0,0.0,0.0,0.0,1
2013,Temple,2,0,Midwest,9,A10,23,110.6,98.3,67.0,0.04,103.7,98.7,0.0,0.0,0.0,0.0,0.0,0.0,1
2013,Nevada Las Vegas,1,0,Midwest,5,MWC,25,105.3,88.3,68.8,-0.001,104.9,97.8,0.0,0.0,0.0,0.0,0.0,0.0,1
2013,California,2,0,Midwest,12,P12,20,105.8,92.9,65.9,0.043,104.5,96.3,0.0,0.0,0.0,0.0,0.0,0.0,1
2013,Syracuse,5,0,Midwest,4,BE,26,114.2,89.8,64.5,-0.002,104.7,95.2,0.0,0.0,0.0,0.0,0.0,0.0,1
2013,Montana,1,1,Midwest,13,BSky,25,103.5,101.6,63.8,0.12,99.6,106.1,0.0,0.0,0.0,0.0,0.0,0.0,1
2013,Butler,2,0,Midwest,6,A10,26,108.0,93.5,64.4,0.106,105.0,97.9,0.0,0.0,0.0,0.0,0.0,0.0,1
2013,Bucknell,1,1,Midwest,11,Pat,28,105.3,92.7,63.2,-0.022,100.5,102.3,0.0,0.0,0.0,0.0,0.0,0.0,1
2013,Marquette,4,0,Midwest,3,BE,23,113.4,93.3,64.9,0.066,104.2,94.6,0.0,0.0,0.0,0.0,0.0,0.0,1
2013,Davidson,1,1,Midwest,14,SC,26,110.4,96.8,65.2,0.016,98.5,103.4,0.0,0.0,0.0,0.0,0.0,0.0,1
2013,Illinois,2,0,Midwest,7,B10,22,109.7,93.2,66.0,0.05,107.0,95.3,0.0,0.0,0.0,0.0,0.0,0.0,1
2013,Colorado,1,0,Midwest,10,P12,21,105.8,90.8,65.0,0.04,105.7,96.4,0.0,0.0,0.0,0.0,0.0,0.0,1
2013,Miami FL,3,1,Midwest,2,ACC,27,113.3,89.7,63.3,0.028,106.5,97.2,0.0,0.0,0.0,0.0,0.0,0.0,1
2013,Pacific,1,1,Midwest,15,BW,22,105.0,100.5,63.2,0.058,102.8,101.2,0.0,0.0,0.0,0.0,0.0,0.0,1
2013,Gonzaga,2,1,East,1,WCC,31,119.8,88.4,64.6,0.033,103.5,99.4,0.0,0.0,0.0,0.0,0.0,0.0,1
2013,Southern,1,1,East,16,SWAC,23,95.7,96.6,64.9,-0.018,92.5,106.2,0.0,0.0,0.0,0.0,0.0,0.0,1
2013,Pittsburgh,1,0,East,8,BE,24,116.5,88.7,60.2,-0.059,103.5,98.7,0.0,0.0,0.0,0.0,0.0,0.0,1
2013,Wichita State,5,0,East,9,MVC,26,109.1,91.3,64.6,-0.002,104.2,99.2,0.0,0.0,0.0,0.0,0.0,0.0,1
2013,Wisconsin,1,0,East,5,B10,23,108.8,83.6,62.0,-0.026,107.4,96.1,0.0,0.0,0.0,0.0,0.0,0.0,1
2013,Mississippi,2,1,East,12,SEC,26,111.8,93.6,70.8,0.002,101.9,98.5,0.0,0.0,0.0,0.0,0.0,0.0,1
2013,Kansas State,1,0,East,4,B12,27,113.2,94.2,62.8,0.068,104.3,97.8,0.0,0.0,0.0,0.0,0.0,0.0,1
2013,La Salle,3,0,East,13,A10,21,109.8,95.5,66.5,0.03,103.4,98.7,0.0,0.0,0.0,0.0,0.0,0.0,1
2013,Arizona,3,0,East,6,P12,25,113.3,92.0,67.0,0.006,104.5,96.7,0.0,0.0,0.0,0.0,0.0,0.0,1
2013,Belmont,1,1,East,11,OVC,26,109.9,93.9,67.3,0.01,101.9,103.0,0.0,0.0,0.0,0.0,0.0,0.0,1
2013,New Mexico,1,1,East,3,MWC,29,109.7,88.2,64.8,0.083,105.3,95.8,0.0,0.0,0.0,0.0,0.0,0.0,1
2013,Harvard,2,0,East,14,Ivy,19,106.1,99.8,64.4,0.015,100.9,100.9,0.0,0.0,0.0,0.0,0.0,0.0,1
2013,Notre Dame,1,0,East,7,BE,25,115.3,95.9,61.6,0.045,103.4,96.1,0.0,0.0,0.0,0.0,0.0,0.0,1
2013,Iowa State,2,0,East,10,B12,22,116.9,98.2,69.3,-0.034,103.0,97.6,0.0,0.0,0.0,0.0,0.0,0.0,1
2013,Ohio State,4,1,East,2,B10,26,114.7,86.5,64.3,0.019,105.4,95.2,0.0,0.0,0.0,0.0,0.0,0.0,1
2013,Iona,1,1,East,15,MAAC,20,113.1,105.5,70.6,-0.097,100.5,99.6,0.0,0.0,0.0,0.0,0.0,0.0,1
2013,Louisville,7,1,West,1,BE,29,114.6,81.0,67.2,-0.03,105.7,95.7,0.0,0.0,0.0,0.0,0.0,0.0,1
2013,North Carolina A&T,1,1,West,16,MEAC,19,89.6,95.3,66.8,0.017,94.9,102.9,0.0,0.0,0.0,0.0,0.0,0.0,1
2013,Colorado State,2,0,West,8,MWC,25,117.8,96.5,65.0,-0.003,104.0,96.7,0.0,0.0,0.0,0.0,0.0,0.0,1
2013,Missouri,1,0,West,9,SEC,23,115.0,93.1,67.4,-0.026,103.5,97.6,0.0,0.0,0.0,0.0,0.0,0.0,1
2013,Oklahoma State,1,0,West,5,B12,24,108.4,88.1,67.7,-0.014,105.2,99.0,0.0,0.0,0.0,0.0,0.0,0.0,1
2013,Oregon,3,1,West,12,P12,26,104.1,88.6,68.9,0.063,102.8,98.7,0.0,0.0,0.0,0.0,0.0,0.0,1
2013,Saint Louis,2,1,West,4,A10,27,108.2,87.0,65.1,-0.005,102.6,99.0,0.0,0.0,0.0,0.0,0.0,0.0,1
2013,New Mexico State,1,1,West,13,WAC,24,104.0,94.6,65.1,0.027,101.5,100.4,0.0,0.0,0.0,0.0,0.0,0.0,1
2013,Memphis,2,1,West,6,CUSA,30,107.8,90.7,69.7,0.02,102.5,101.6,0.0,0.0,0.0,0.0,0.0,0.0,1
2013,Saint Mary's,1,0,West,11,WCC,27,115.6,94.6,64.8,0.04,103.0,100.0,0.0,0.0,0.0,0.0,0.0,0.0,1
2013,Michigan State,3,0,West,3,B10,25,112.8,87.3,64.4,0.006,107.3,94.9,0.0,0.0,0.0,0.0,0.0,0.0,1
2013,Valparaiso,1,1,West,14,Horz,26,109.8,97.3,65.9,0.024,99.5,101.6,0.0,0.0,0.0,0.0,0.0,0.0,1
2013,Creighton,2,1,West,7,MVC,27,118.3,94.8,65.0,-0.021,103.2,98.4,0.0,0.0,0.0,0.0,0.0,0.0,1
2013,Cincinnati,1,0,West,10,BE,22,104.4,88.4,64.3,0.002,103.8,96.5,0.0,0.0,0.0,0.0,0.0,0.0,1
2013,Duke,4,0,West,2,ACC,27,119.6,90.6,67.9,0.018,106.7,96.7,0.0,0.0,0.0,0.0,0.0,0.0,1
2013,Albany,1,1,West,15,AE,24,100.7,99.0,63.1,0.088,96.3,102.0,0.0,0.0,0.0,0.0,0.0,0.0,1
2013,Kansas,3,1,South,1,B12,29,112.7,85.9,67.7,0.019,105.1,98.3,0.0,0.0,0.0,0.0,0.0,0.0,1
2013,Western Kentucky,1,1,South,16,SB,20,100.1,101.8,65.7,0.039,99.0,101.4,0.0,0.0,0.0,0.0,0.0,0.0,1
2013,North Carolina,2,0,South,8,ACC,24,112.3,93.0,70.6,0.039,105.3,96.5,0.0,0.0,0.0,0.0,0.0,0.0,1
2013,Villanova,1,0,South,9,BE,20,105.4,90.0,67.7,0.022,105.2,94.8,0.0,0.0,0.0,0.0,0.0,0.0,1
2013,VCU,2,0,South,5,A10,26,113.3,92.2,68.4,-0.01,103.6,99.3,0.0,0.0,0.0,0.0,0.0,0.0,1
2013,Akron,1,1,South,12,MAC,26,105.6,91.7,66.6,0.012,100.7,101.0,0.0,0.0,0.0,0.0,0.0,0.0,1
2013,Michigan,6,0,South,4,B10,26,120.6,93.9,65.0,-0.011,105.6,96.3,0.0,0.0,0.0,0.0,0.0,0.0,1
2013,South Dakota State,1,1,South,13,Sum,25,110.4,103.1,64.1,0.03,99.4,103.3,0.0,0.0,0.0,0.0,0.0,0.0,1
2013,UCLA,1,0,South,6,P12,25,110.4,94.3,69.3,0.062,104.3,96.0,0.0,0.0,0.0,0.0,0.0,0.0,1
2013,Minnesota,2,0,South,11,B10,20,112.6,92.2,63.0,-0.035,107.3,95.5,0.0,0.0,0.0,0.0,0.0,0.0,1
2013,Florida,4,0,South,3,SEC,26,118.4,83.4,62.5,-0.106,104.0,96.5,0.0,0.0,0.0,0.0,0.0,0.0,1
2013,Northwestern State,1,1,South,14,Slnd,23,105.3,102.3,72.9,0.039,97.2,102.2,0.0,0.0,0.0,0.0,0.0,0.0,1
2013,San Diego State,2,0,South,7,MWC,22,106.7,88.2,66.8,-0.046,105.4,96.7,0.0,0.0,0.0,0.0,0.0,0.0,1
2013,Oklahoma,1,0,South,10,B12,20,110.6,95.4,66.8,0.003,104.8,97.2,0.0,0.0,0.0,0.0,0.0,0.0,1
2013,Georgetown,1,0,South,2,BE,25,108.0,84.4,61.9,0.048,105.3,97.1,0.0,0.0,0.0,0.0,0.0,0.0,1
2013,Florida Gulf Coast,3,1,South,15,ASun,24,101.5,97.9,68.7,0.035,98.8,103.4,0.0,0.0,0.0,0.0,0.0,0.0,1
2014,Virginia,3,1,East,1,ACC,28,114.0,89.5,61.0,0.028,108.5,101.1,1.0,0.75,0.25,0.25,0.25,0.25,0
2014,Coastal Carolina,1,1,East,16,BSth,21,97.3,102.5,67.2,0.042,101.7,109.9,0.0,0.0,0.0,0.0,0.0,0.0,0
2014,Memphis,2,0,East,8,Amer,23,110.4,97.8,69.4,0.039,106.9,101.7,0.5,0.0,0.0,0.0,0.0,0.0,0
2014,George Washington,1,0,East,9,A10,24,109.4,96.8,67.3,0.07,106.4,102.0,0.5,0.25,0.25,0.25,0.0,0.0,0
2014,Cincinnati,1,0,East,5,Amer,27,107.9,91.4,63.2,0.05,106.1,102.8,0.25,0.0,0.0,0.0,0.0,0.0,0
2014,Harvard,2,0,East,12,Ivy,26,111.2,96.3,65.1,0.024,103.3,104.5,0.75,0.25,0.0,0.0,0.0,0.0,0
2014,Michigan State,4,1,East,4,B10,26,117.3,96.5,65.6,-0.009,108.5,100.6,0.75,0.5,0.5,0.5,0.25,0.0,0
2014,Delaware,1,1,East,13,CAA,25,110.9,105.6,72.1,0.059,104.8,105.3,0.25,0.25,0.0,0.0,0.0,0.0,0
2014,North Carolina,2,0,East,6,ACC,23,111.0,94.5,70.9,0.006,109.2,102.0,0.75,0.25,0.0,0.0,0.0,0.0,0
2014,Providence,1,1,East,11,BE,23,114.3,100.6,64.9,0.068,108.6,100.8,0.25,0.0,0.0,0.0,0.0,0.0,0
2014,Iowa State,3,1,East,3,B12,26,115.9,97.8,71.7,0.072,110.2,101.4,0.75,0.75,0.5,0.0,0.0,0.0,0
2014,North Carolina Central,1,1,East,14,MEAC,28,107.5,99.0,64.3,0.037,98.3,107.0,0.25,0.0,0.0,0.0,0.0,0.0,0
2014,Connecticut,7,0,East,7,Amer,26,109.5,92.9,65.0,0.059,107.5,101.4,0.75,0.0,0.0,0.0,0.0,0.0,0
2014,Saint Joseph's,1,1,East,10,A10,24,110.3,98.1,65.7,0.091,106.7,101.6,0.25,0.0,0.0,0.0,0.0,0.0,0
2014,Villanova,2,0,East,2,BE,28,115.8,93.7,67.1,0.086,110.0,102.4,0.75,0.75,0.5,0.0,0.0,0.0,0
2014,Milwaukee,1,1,East,15,Horz,21,104.5,104.9,67.5,0.12,104.0,103.7,0.25,0.25,0.0,0.0,0.0,0.0,0
2014,Arizona,4,0,South,1,P12,30,113.1,86.9,64.4,0.024,108.6,100.9,1.0,0.75,0.25,0.25,0.25,0.25,0
2014,Weber State,1,1,South,16,BSky,19,105.6,106.4,64.4,-0.001,103.4,109.3,0.0,0.0,0.0,0.0,0.0,0.0,0
2014,Gonzaga,2,1,South,8,WCC,28,111.5,93.7,66.1,-0.006,107.9,104.6,0.5,0.0,0.0,0.0,0.0,0.0,0
2014,Oklahoma State,1,0,South,9,B12,21,114.0,96.0,68.5,-0.101,108.3,101.5,0.5,0.25,0.25,0.25,0.0,0.0,0
2014,Oklahoma,1,0,South,5,B12,23,116.9,100.3,71.3,-0.012,108.9,101.2,0.25,0.0,0.0,0.0,0.0,0.0,0
2014,North Dakota State,2,1,South,12,Sum,25,114.7,103.2,64.2,0.071,105.9,105.3,0.75,0.25,0.0,0.0,0.0,0.0,0
2014,San Diego State,3,0,South,4,MWC,29,108.0,90.9,64.1,0.078,106.6,103.3,0.75,0.5,0.5,0.5,0.25,0.0,0
2014,New Mexico State,1,1,South,13,WAC,26,112.1,102.7,66.5,-0.017,103.3,105.8,0.25,0.25,0.0,0.0,0.0,0.0,0
2014,Baylor,3,0,South,6,B12,24,118.6,102.0,62.6,0.012,109.0,100.9,0.75,0.25,0.0,0.0,0.0,0.0,0
2014,Nebraska,1,0,South,11,B10,19,108.2,96.0,66.2,0.052,106.8,99.8,0.25,0.0,0.0,0.0,0.0,0.0,0
2014,Creighton,2,0,South,3,BE,26,125.7,102.5,65.1,-0.009,107.4,100.5,0.75,0.75,0.5,0.0,0.0,0.0,0
2014,Louisiana,1,1,South,14,SB,23,109.9,105.7,69.9,0.046,104.5,104.6,0.25,0.0,0.0,0.0,0.0,0.0,0
2014,Oregon,2,0,South,7,P12,23,117.1,100.6,68.8,-0.032,107.6,101.6,0.75,0.0,0.0,0.0,0.0,0.0,0
2014,BYU,1,0,South,10,WCC,23,113.7,101.2,72.2,-0.007,108.4,102.7,0.25,0.0,0.0,0.0,0.0,0.0,0
2014,Wisconsin,5,0,South,2,B10,26,119.5,98.7,64.4,0.02,108.4,99.6,0.75,0.75,0.5,0.0,0.0,0.0,0
2014,American,1,1,South,15,Pat,20,103.2,97.3,61.4,-0.032,103.1,105.4,0.25,0.25,0.0,0.0,0.0,0.0,0
2014,Wichita State,2,1,Midwest,1,MVC,34,117.7,92.7,65.0,0.009,105.1,104.2,1.0,0.75,0.25,0.25,0.25,0.25,0
2014,Cal Poly,1,1,Midwest,16,BW,13,103.2,104.3,60.2,-0.059,107.0,104.5,0.0,0.0,0.0,0.0,0.0,0.0,0
2014,Kentucky,6,0,Midwest,8,SEC,24,114.9,96.3,66.0,-0.06,108.4,101.2,0.5,0.0,0.0,0.0,0.0,0.0,0
2014,Kansas State,1,0,Midwest,9,B12,20,108.0,95.5,65.4,0.012,109.0,102.6,0.5,0.25,0.25,0.25,0.0,0.0,0
2014,Saint Louis,2,0,Midwest,5,A10,26,104.6,91.2,67.2,0.024,106.1,102.3,0.25,0.0,0.0,0.0,0.0,0.0,0
2014,North Carolina State,1,0,Midwest,12,ACC,21,113.6,103.4,66.1,0.081,107.6,101.1,0.75,0.25,0.0,0.0,0.0,0.0,0
2014,Louisville,3,1,Midwest,4,Amer,29,117.4,90.6,68.9,-0.044,105.9,103.3,0.75,0.5,0.5,0.5,0.25,0.0,0
2014,Manhattan,1,1,Midwest,13,MAAC,25,106.0,96.7,69.5,-0.003,105.0,105.4,0.25,0.25,0.0,0.0,0.0,0.0,0
2014,Massachusetts,1,0,Midwest,6,A10,24,108.4,96.8,71.6,0.053,107.1,100.5,0.75,0.25,0.0,0.0,0.0,0.0,0
2014,Tennessee,3,0,Midwest,11,SEC,21,113.5,94.1,63.3,-0.097,107.5,101.3,0.25,0.0,0.0,0.0,0.0,0.0,0
2014,Duke,1,0,Midwest,3,ACC,26,124.4,101.4,66.0,-0.026,108.5,100.4,0.75,0.75,0.5,0.0,0.0,0.0,0
2014,Mercer,2,1,Midwest,14,ASun,26,107.5,101.6,65.0,0.007,102.7,107.9,0.25,0.0,0.0,0.0,0.0,0.0,0
2014,Texas,2,0,Midwest,7,B12,23,109.5,96.3,68.2,0.086,109.2,102.1,0.75,0.0,0.0,0.0,0.0,0.0,0
2014,Arizona State,1,0,Midwest,10,P12,21,108.3,96.0,69.3,0.019,107.6,101.4,0.25,0.0,0.0,0.0,0.0,0.0,0
2014,Michigan,4,0,Midwest,2,B10,25,122.3,101.6,62.8,0.055,108.5,99.8,0.75,0.75,0.5,0.0,0.0,0.0,0
2014,Wofford,1,1,Midwest,15,SC,20,100.9,102.8,62.0,0.024,103.2,108.5,0.25,0.25,0.0,0.0,0.0,0.0,0
2014,Florida,5,1,West,1,SEC,32,115.8,90.0,63.2,0.059,107.6,100.9,1.0,0.75,0.25,0.25,0.25,0.25,0
2014,Albany,1,1,West,16,AE,18,101.9,103.4,63.2,-0.002,101.0,106.0,0.0,0.0,0.0,0.0,0.0,0.0,0
2014,Colorado,1,0,West,8,P12,23,105.9,96.2,66.4,0.11,108.2,101.0,0.5,0.0,0.0,0.0,0.0,0.0,0
2014,Pittsburgh,2,0,West,9,ACC,25,115.1,96.5,64.0,-0.047,107.1,100.8,0.5,0.25,0.25,0.25,0.0,0.0,0
2014,VCU,1,0,West,5,A10,26,107.9,89.4,70.6,-0.044,106.7,101.6,0.25,0.0,0.0,0.0,0.0,0.0,0
2014,Stephen F Austin,2,1,West,12,Slnd,31,111.6,100.8,63.6,0.051,101.5,108.9,0.75,0.25,0.0,0.0,0.0,0.0,0
2014,UCLA,3,1,West,4,P12,26,116.8,97.5,70.1,-0.015,107.9,101.9,0.75,0.5,0.5,0.5,0.25,0.0,0
2014,Tulsa,1,1,West,13,CUSA,21,105.3,96.0,68.5,-0.025,104.4,103.6,0.25,0.25,0.0,0.0,0.0,0.0,0
2014,Ohio State,1,0,West,6,B10,25,107.1,89.9,65.4,-0.028,108.2,101.6,0.75,0.25,0.0,0.0,0.0,0.0,0
2014,Dayton,4,0,West,11,A10,23,113.4,101.4,65.2,0.019,106.2,102.4,0.25,0.0,0.0,0.0,0.0,0.0,0
2014,Syracuse,2,0,West,3,ACC,27,113.2,94.2,61.3,0.035,108.6,102.4,0.75,0.75,0.5,0.0,0.0,0.0,0
2014,Western Michigan,1,1,West,14,MAC,23,106.7,102.3,66.9,0.086,103.3,105.4,0.25,0.0,0.0,0.0,0.0,0.0,0
2014,New Mexico,1,1,West,7,MWC,27,112.7,96.5,66.1,0.044,106.7,103.0,0.75,0.0,0.0,0.0,0.0,0.0,0
2014,Stanford,3,0,West,10,P12,21,112.5,98.7,66.5,0.006,108.4,100.9,0.25,0.0,0.0,0.0,0.0,0.0,0
2014,Kansas,2,0,West,2,B12,24,118.6,96.9,68.2,-0.04,111.1,100.1,0.75,0.75,0.5,0.0,0.0,0.0,0
2014,Eastern Kentucky,1,1,West,15,OVC,24,111.3,108.3,66.1,0.041,103.7,108.4,0.25,0.25,0.0,0.0,0.0,0.0,0
2015,Villanova,2,1,South,1,BE,32,120.8,92.2,64.5,0.044,105.1,98.5,1.0,0.75,0.375,0.25,0.125,0.125,0
2015,Lafayette,1,1,South,16,Pat,20,110.4,113.2,65.0,0.078,101.2,104.5,0.0,0.0,0.0,0.0,0.0,0.0,0
2015,North Carolina State,3,0,South,8,ACC,20,111.5,98.2,64.4,-0.02,106.4,99.2,0.625,0.125,0.125,0.125,0.125,0.0,0
2015,LSU,1,0,South,9,SEC,22,106.8,94.7,69.8,-0.027,103.8,99.7,0.375,0.125,0.125,0.125,0.0,0.0,0
2015,Northern Iowa,2,1,South,5,MVC,30,113.8,93.2,58.5,0.01,102.0,101.6,0.25,0.0,0.0,0.0,0.0,0.0,0
2015,Wyoming,1,1,South,12,MWC,25,101.8,97.0,59.2,0.084,100.8,102.4,0.75,0.125,0.0,0.0,0.0,0.0,0
2015,Louisville,4,0,South,4,ACC,24,105.9,89.4,65.5,0.027,106.2,99.2,0.875,0.75,0.375,0.25,0.125,0.0,0
2015,UC Irvine,1,1,South,13,BW,21,103.9,98.3,63.7,-0.007,102.6,101.7,0.125,0.125,0.0,0.0,0.0,0.0,0
2015,Providence,1,0,South,6,BE,22,110.7,95.5,65.7,0.043,107.2,98.2,0.625,0.25,0.0,0.0,0.0,0.0,0
2015,Dayton,2,0,South,11,A10,25,107.1,94.7,64.0,0.022,102.8,100.5,0.375,0.25,0.125,0.0,0.0,0.0,0
2015,Oklahoma,3,0,South,3,B12,22,109.3,88.9,67.6,-0.046,107.9,98.3,0.75,0.5,0.25,0.0,0.0,0.0,0
2015,Albany,1,1,South,14,AE,24,104.2,101.7,61.3,0.06,98.4,103.9,0.25,0.0,0.0,0.0,0.0,0.0,0
2015,Michigan State,5,0,South,7,B10,23,114.1,96.1,63.7,-0.053,107.1,99.9,0.75,0.125,0.125,0.125,0.125,0.125,0
2015,Georgia,1,0,South,10,SEC,21,107.0,93.9,64.2,0.01,106.1,98.6,0.25,0.125,0.0,0.0,0.0,0.0,0
2015,Virginia,2,0,South,2,ACC,29,112.2,85.4,58.2,0.032,105.6,99.0,0.875,0.625,0.5,0.125,0.0,0.0,0
2015,Belmont,1,1,South,15,OVC,22,107.9,106.5,67.1,0.071,100.4,103.6,0.125,0.125,0.0,0.0,0.0,0.0,0
2015,Wisconsin,6,1,East,1,B10,31,124.7,94.3,58.7,0.009,106.0,98.4,1.0,0.75,0.375,0.25,0.125,0.125,0
2015,Coastal Carolina,1,1,East,16,BSth,24,103.5,102.2,64.4,0.006,100.4,106.1,0.0,0.0,0.0,0.0,0.0,0.0,0
2015,Oregon,2,0,East,8,P12,25,113.3,100.6,66.5,0.127,105.5,99.9,0.625,0.125,0.125,0.125,0.125,0.0,0
2015,Oklahoma State,1,0,East,9,B12,18,109.4,96.2,63.3,-0.034,105.7,96.6,0.375,0.125,0.125,0.125,0.0,0.0,0
2015,Arkansas,2,0,East,5,SEC,26,113.0,97.7,70.0,0.047,105.2,99.8,0.25,0.0,0.0,0.0,0.0,0.0,0
2015,Wofford,1,1,East,12,SC,28,103.3,97.5,61.5,0.141,102.3,105.5,0.75,0.125,0.0,0.0,0.0,0.0,0
2015,North Carolina,3,0,East,4,ACC,24,115.3,95.0,70.0,-0.034,108.1,97.5,0.875,0.75,0.375,0.25,0.125,0.0,0
2015,Harvard,1,0,East,13,Ivy,22,102.0,94.5,61.5,0.114,102.3,102.3,0.125,0.125,0.0,0.0,0.0,0.0,0
2015,Xavier,3,0,East,6,BE,21,111.9,96.1,65.7,-0.063,106.7,98.0,0.625,0.25,0.0,0.0,0.0,0.0,0
2015,Mississippi,1,0,East,11,SEC,20,112.9,100.1,66.4,-0.056,104.5,98.7,0.375,0.25,0.125,0.0,0.0,0.0,0
2015,Baylor,1,0,East,3,B12,24,114.8,94.5,62.2,-0.018,106.4,97.4,0.75,0.5,0.25,0.0,0.0,0.0,0
2015,Georgia State,2,1,East,14,SB,24,108.4,99.2,63.3,-0.008,100.0,101.9,0.25,0.0,0.0,0.0,0.0,0.0,0
2015,VCU,1,1,East,7,A10,26,108.1,93.6,67.1,0.059,105.8,99.5,0.75,0.125,0.125,0.125,0.125,0.125,0
2015,Ohio State,2,0,East,10,B10,23,111.6,94.7,66.4,-0.051,105.1,100.7,0.25,0.125,0.0,0.0,0.0,0.0,0
2015,Arizona,4,1,East,2,P12,31,116.0,86.4,66.7,-0.028,105.1,99.6,0.875,0.625,0.5,0.125,0.0,0.0,0
2015,Texas Southern,1,1,East,15,SWAC,22,101.7,104.9,63.9,0.131,99.1,104.3,0.125,0.125,0.0,0.0,0.0,0.0,0
2015,Kentucky,5,1,West,1,SEC,34,119.7,85.8,63.4,0.055,105.3,99.1,1.0,0.75,0.375,0.25,0.125,0.125,0
2015,Hampton,1,1,West,16,MEAC,16,95.6,102.3,69.5,0.022,97.9,104.9,0.0,0.0,0.0,0.0,0.0,0.0,0
2015,Cincinnati,2,0,West,8,Amer,22,106.7,93.3,60.0,-0.027,102.2,99.8,0.625,0.125,0.125,0.125,0.125,0.0,0
2015,Purdue,1,0,West,9,B10,21,108.5,97.1,64.5,0.01,106.2,100.5,0.375,0.125,0.125,0.125,0.0,0.0,0
2015,West Virginia,3,0,West,5,B12,23,111.2,95.4,68.7,0.05,106.3,98.4,0.25,0.0,0.0,0.0,0.0,0.0,0
2015,Buffalo,1,1,West,12,MAC,23,109.8,98.5,69.3,0.011,104.6,101.9,0.75,0.125,0.0,0.0,0.0,0.0,0
2015,Maryland,2,0,West,4,B10,27,108.5,94.6,64.4,0.131,105.6,100.1,0.875,0.75,0.375,0.25,0.125,0.0,0
2015,Valparaiso,1,1,West,13,Horz,28,103.8,94.3,62.8,0.07,102.0,104.3,0.125,0.125,0.0,0.0,0.0,0.0,0
2015,Butler,2,0,West,6,BE,22,107.5,91.7,63.8,-0.014,107.0,100.0,0.625,0.25,0.0,0.0,0.0,0.0,0
2015,Texas,1,0,West,11,B12,20,110.3,93.3,62.3,-0.071,106.2,98.0,0.375,0.25,0.125,0.0,0.0,0.0,0
2015,Notre Dame,4,1,West,3,ACC,29,122.2,99.7,64.1,0.064,104.3,100.6,0.75,0.5,0.25,0.0,0.0,0.0,0
2015,Northeastern,1,1,West,14,CAA,23,106.0,102.4,63.7,0.037,102.1,103.5,0.25,0.0,0.0,0.0,0.0,0.0,0
2015,Wichita State,3,0,West,7,MVC,28,113.0,92.9,62.1,0.018,102.0,100.4,0.75,0.125,0.125,0.125,0.125,0.125,0
2015,Indiana,1,0,West,10,B10,20,116.6,104.7,66.6,-0.032,104.9,100.2,0.25,0.125,0.0,0.0,0.0,0.0,0
2015,Kansas,2,0,West,2,B12,26,110.8,90.5,67.4,0.079,108.5,96.4,0.875,0.625,0.5,0.125,0.0,0.0,0
2015,New Mexico State,1,1,West,15,WAC,23,104.1,97.9,63.7,-0.051,99.3,104.9,0.125,0.125,0.0,0.0,0.0,0.0,0
2015,Duke,7,0,Midwest,1,ACC,29,122.0,96.1,66.2,0.067,107.1,99.2,1.0,0.75,0.375,0.25,0.125,0.125,0
2015,Robert Morris,1,1,Midwest,16,NEC,19,101.0,102.3,65.6,0.037,100.6,104.7,0.0,0.0,0.0,0.0,0.0,0.0,0
2015,San Diego State,2,0,Midwest,8,MWC,26,102.4,88.3,60.7,0.014,103.6,100.8,0.625,0.125,0.125,0.125,0.125,0.0,0
2015,Saint John's,1,0,Midwest,9,BE,21,108.1,95.7,67.1,0.058,106.4,99.6,0.375,0.125,0.125,0.125,0.0,0.0,0
2015,Utah,3,0,Midwest,5,P12,24,113.0,90.6,61.2,-0.056,105.5,99.6,0.25,0.0,0.0,0.0,0.0,0.0,0
2015,Stephen F Austin,1,1,Midwest,12,Slnd,29,113.0,99.1,66.8,0.03,101.1,104.9,0.75,0.125,0.0,0.0,0.0,0.0,0
2015,Georgetown,2,0,Midwest,4,BE,21,110.3,93.7,64.4,-0.002,107.6,99.0,0.875,0.75,0.375,0.25,0.125,0.0,0
2015,Eastern Washington,1,1,Midwest,13,BSky,26,110.0,107.7,68.8,0.074,102.4,105.9,0.125,0.125,0.0,0.0,0.0,0.0,0
2015,SMU,1,1,Midwest,6,Amer,27,112.3,94.9,63.8,0.014,103.3,100.5,0.625,0.25,0.0,0.0,0.0,0.0,0
2015,UCLA,3,0,Midwest,11,P12,20,110.2,97.4,66.0,0.026,105.2,98.2,0.375,0.25,0.125,0.0,0.0,0.0,0
2015,Iowa State,1,1,Midwest,3,B12,25,118.9,97.7,69.6,0.023,106.4,97.5,0.75,0.5,0.25,0.0,0.0,0.0,0
2015,UAB,2,1,Midwest,14,CUSA,19,103.8,100.3,65.0,0.011,101.5,101.5,0.25,0.0,0.0,0.0,0.0,0.0,0
2015,Iowa,2,0,Midwest,7,B10,21,111.1,94.9,64.3,-0.003,105.5,99.3,0.75,0.125,0.125,0.125,0.125,0.125,0
2015,Davidson,1,0,Midwest,10,A10,24,118.5,103.1,67.0,0.037,103.0,100.4,0.25,0.125,0.0,0.0,0.0,0.0,0
2015,Gonzaga,4,1,Midwest,2,WCC,32,119.4,93.4,65.1,0.013,104.7,101.3,0.875,0.625,0.5,0.125,0.0,0.0,0
2015,North Dakota State,1,1,Midwest,15,Sum,23,101.0,100.1,61.2,0.117,100.6,104.8,0.125,0.125,0.0,0.0,0.0,0.0,0
2016,North Carolina,6,1,South,1,ACC,28,119.5,94.0,72.0,-0.043,109.3,100.6,1.0,0.75,0.5,0.4166666666666667,0.25,0.16666666666666666,0
2016,Florida Gulf Coast,1,1,South,16,ASun,20,102.7,103.8,67.2,-0.034,103.2,108.3,0.0,0.0,0.0,0.0,0.0,0.0,0
2016,USC,1,0,South,8,P12,21,112.4,99.9,72.0,-0.012,107.2,100.8,0.75,0.16666666666666666,0.08333333333333333,0.08333333333333333,0.08333333333333333,0.0,0
2016,Providence,2,0,South,9,BE,23,107.9,95.7,69.4,0.044,106.8,101.0,0.25,0.08333333333333333,0.08333333333333333,0.08333333333333333,0.0,0.0,0
2016,Indiana,3,0,South,5,B10,25,119.0,98.7,68.8,-0.003,106.5,102.3,0.5,0.16666666666666666,0.0,0.0,0.0,0.0,0
2016,Chattanooga,1,1,South,12,SC,29,105.1,99.4,67.0,0.119,104.0,106.2,0.5,0.08333333333333333,0.0,0.0,0.0,0.0,0
2016,Kentucky,2,1,South,4,SEC,26,122.3,98.9,67.6,-0.035,106.9,99.8,0.9166666666666666,0.6666666666666666,0.3333333333333333,0.16666666666666666,0.08333333333333333,0.0,0
2016,Stony Brook,1,1,South,13,AE,26,105.8,98.4,67.4,0.032,102.8,107.4,0.08333333333333333,0.08333333333333333,0.0,0.0,0.0,0.0,0
2016,Notre Dame,4,0,South,6,ACC,21,117.8,103.7,65.8,0.033,108.7,101.1,0.5833333333333334,0.25,0.0,0.0,0.0,0.0,0
2016,Michigan,1,0,South,11,B10,22,112.7,101.0,66.7,0.016,107.7,101.2,0.4166666666666667,0.25,0.08333333333333333,0.0,0.0,0.0,0
2016,West Virginia,1,0,South,3,B12,26,114.8,92.4,70.5,0.008,109.4,99.5,0.6666666666666666,0.5,0.25,0.0,0.0,0.0,0
2016,Stephen F Austin,2,1,South,14,Slnd,27,110.4,95.7,68.3,0.025,101.9,107.3,0.3333333333333333,0.0,0.0,0.0,0.0,0.0,0
2016,Wisconsin,3,0,South,7,B10,20,110.0,95.3,64.3,-0.031,108.0,100.3,0.75,0.25,0.16666666666666666,0.16666666666666666,0.08333333333333333,0.08333333333333333,0
2016,Pittsburgh,1,0,South,10,ACC,21,112.7,99.8,66.3,0.003,108.7,102.0,0.25,0.08333333333333333,0.0,0.0,0.0,0.0,0
2016,Xavier,2,0,South,2,BE,27,115.8,96.2,72.9,0.067,106.5,100.0,0.9166666666666666,0.5833333333333334,0.5,0.08333333333333333,0.0,0.0,0
2016,Weber State,1,1,South,15,BSky,26,102.6,100.0,67.9,-0.003,102.3,107.9,0.08333333333333333,0.08333333333333333,0.0,0.0,0.0,0.0,0
2016,Oregon,4,1,East,1,P12,28,119.4,97.4,68.7,0.035,107.0,99.3,1.0,0.75,0.5,0.4166666666666667,0.25,0.16666666666666666,0
2016,Holy Cross,1,1,East,16,Pat,14,97.0,105.8,64.4,0.048,101.5,106.3,0.0,0.0,0.0,0.0,0.0,0.0,0
2016,Saint Joseph's,2,1,East,8,A10,27,112.9,99.2,71.3,0.034,104.9,102.2,0.75,0.16666666666666666,0.08333333333333333,0.08333333333333333,0.08333333333333333,0.0,0
2016,Cincinnati,1,0,East,9,Amer,22,107.7,93.1,65.8,-0.053,105.6,101.7,0.25,0.08333333333333333,0.08333333333333333,0.08333333333333333,0.0,0.0,0
2016,Baylor,1,0,East,5,B12,22,116.9,99.0,67.3,0.002,108.2,98.6,0.5,0.16666666666666666,0.0,0.0,0.0,0.0,0
2016,Yale,2,0,East,12,Ivy,22,108.0,95.0,66.7,0.031,104.1,105.2,0.5,0.08333333333333333,0.0,0.0,0.0,0.0,0
2016,Duke,3,0,East,4,ACC,23,119.3,100.7,68.5,-0.039,109.8,100.9,0.9166666666666666,0.6666666666666666,0.3333333333333333,0.16666666666666666,0.08333333333333333,0.0,0
2016,UNC Wilmington,1,1,East,13,CAA,25,109.4,100.4,70.7,0.041,104.4,103.6,0.08333333333333333,0.08333333333333333,0.0,0.0,0.0,0.0,0
2016,Texas,1,0,East,6,B12,20,111.5,96.0,66.3,0.037,110.0,98.8,0.5833333333333334,0.25,0.0,0.0,0.0,0.0,0
2016,Northern Iowa,2,1,East,11,MVC,22,105.7,97.2,62.9,0.017,104.0,101.1,0.4166666666666667,0.25,0.08333333333333333,0.0,0.0,0.0,0
2016,Texas A&M,3,0,East,3,SEC,26,112.6,93.7,67.5,0.002,107.7,101.1,0.6666666666666666,0.5,0.25,0.0,0.0,0.0,0
2016,Green Bay,1,1,East,14,Horz,23,107.7,103.2,76.6,0.046,103.3,103.4,0.3333333333333333,0.0,0.0,0.0,0.0,0.0,0
2016,Oregon State,1,0,East,7,P12,19,109.3,98.4,68.2,0.052,108.5,99.7,0.75,0.25,0.16666666666666666,0.16666666666666666,0.08333333333333333,0.08333333333333333,0
2016,VCU,2,0,East,10,A10,24,108.8,95.0,69.9,-0.065,105.5,103.4,0.25,0.08333333333333333,0.0,0.0,0.0,0.0,0
2016,Oklahoma,5,0,East,2,B12,25,115.4,93.3,70.8,0.008,109.7,99.3,0.9166666666666666,0.5833333333333334,0.5,0.08333333333333333,0.0,0.0,0
2016,Cal State Bakersfield,1,1,East,15,WAC,24,102.3,95.4,68.6,-0.001,99.7,106.0,0.08333333333333333,0.08333333333333333,0.0,0.0,0.0,0.0,0
2016,Virginia,4,0,Midwest,1,ACC,26,118.3,91.9,61.4,-0.043,109.8,99.5,1.0,0.75,0.5,0.4166666666666667,0.25,0.16666666666666666,0
2016,Hampton,1,1,Midwest,16,MEAC,21,99.9,104.8,72.2,0.147,99.1,106.6,0.0,0.0,0.0,0.0,0.0,0.0,0
2016,Texas Tech,1,0,Midwest,8,B12,19,113.5,100.1,66.7,0.036,108.6,99.2,0.75,0.16666666666666666,0.08333333333333333,0.08333333333333333,0.08333333333333333,0.0,0
2016,Butler,2,0,Midwest,9,BE,21,115.6,101.8,68.9,-0.004,105.9,100.9,0.25,0.08333333333333333,0.08333333333333333,0.08333333333333333,0.0,0.0,0
2016,Purdue,1,0,Midwest,5,B10,26,115.3,94.5,68.3,-0.031,107.5,101.6,0.5,0.16666666666666666,0.0,0.0,0.0,0.0,0
2016,Arkansas Little Rock,2,1,Midwest,12,SB,29,108.3,96.1,64.0,0.032,102.6,104.2,0.5,0.08333333333333333,0.0,0.0,0.0,0.0,0
2016,Iowa State,3,0,Midwest,4,B12,21,120.5,100.3,71.8,-0.07,108.0,98.4,0.9166666666666666,0.6666666666666666,0.3333333333333333,0.16666666666666666,0.08333333333333333,0.0,0
2016,Iona,1,1,Midwest,13,MAAC,22,110.4,101.2,72.2,-0.002,103.1,103.8,0.08333333333333333,0.08333333333333333,0.0,0.0,0.0,0.0,0
2016,Seton Hall,1,1,Midwest,6,BE,25,110.7,94.0,70.3,0.008,106.1,99.9,0.5833333333333334,0.25,0.0,0.0,0.0,0.0,0
2016,Gonzaga,3,1,Midwest,11,WCC,26,114.6,97.8,68.0,-0.025,105.5,103.7,0.4166666666666667,0.25,0.08333333333333333,0.0,0.0,0.0,0
2016,Utah,2,0,Midwest,3,P12,26,113.7,97.5,66.5,0.11,107.9,100.1,0.6666666666666666,0.5,0.25,0.0,0.0,0.0,0
2016,Fresno State,1,1,Midwest,14,MWC,25,106.2,100.3,69.7,0.088,103.6,103.0,0.3333333333333333,0.0,0.0,0.0,0.0,0.0,0
2016,Dayton,1,0,Midwest,7,A10,25,104.7,93.8,68.8,0.077,105.9,102.9,0.75,0.25,0.16666666666666666,0.16666666666666666,0.08333333333333333,0.08333333333333333,0
2016,Syracuse,5,0,Midwest,10,ACC,19,109.4,96.4,65.7,-0.047,108.7,101.3,0.25,0.08333333333333333,0.0,0.0,0.0,0.0,0
2016,Michigan State,1,1,Midwest,2,B10,29,121.3,94.8,67.4,-0.004,105.8,100.3,0.9166666666666666,0.5833333333333334,0.5,0.08333333333333333,0.0,0.0,0
2016,Middle Tennessee,2,1,Midwest,15,CUSA,24,102.2,99.0,68.3,0.058,103.8,105.8,0.08333333333333333,0.08333333333333333,0.0,0.0,0.0,0.0,0
2016,Kansas,4,1,West,1,B12,30,118.9,92.0,69.7,0.062,109.6,99.0,1.0,0.75,0.5,0.4166666666666667,0.25,0.16666666666666666,0
2016,Austin Peay,1,1,West,16,OVC,18,104.4,108.9,70.4,0.058,104.2,106.8,0.0,0.0,0.0,0.0,0.0,0.0,0
2016,Colorado,1,0,West,8,P12,22,106.6,95.5,69.8,0.026,108.0,101.8,0.75,0.16666666666666666,0.08333333333333333,0.08333333333333333,0.08333333333333333,0.0,0
2016,Connecticut,2,1,West,9,Amer,24,110.4,93.7,66.3,-0.04,105.5,101.6,0.25,0.08333333333333333,0.08333333333333333,0.08333333333333333,0.0,0.0,0
2016,Maryland,3,0,West,5,B10,25,113.8,96.3,68.0,0.006,107.3,100.5,0.5,0.16666666666666666,0.0,0.0,0.0,0.0,0
2016,South Dakota State,1,1,West,12,Sum,26,109.1,100.5,68.9,0.015,103.4,103.6,0.5,0.08333333333333333,0.0,0.0,0.0,0.0,0
2016,California,1,0,West,4,P12,23,111.3,93.8,68.8,-0.051,108.2,101.4,0.9166666666666666,0.6666666666666666,0.3333333333333333,0.16666666666666666,0.08333333333333333,0.0,0
2016,Hawaii,2,1,West,13,BW,27,107.0,96.6,71.2,0.009,100.8,104.2,0.08333333333333333,0.08333333333333333,0.0,0.0,0.0,0.0,0
2016,Arizona,1,0,West,6,P12,25,116.1,96.5,69.2,-0.033,106.1,101.3,0.5833333333333334,0.25,0.0,0.0,0.0,0.0,0
2016,Wichita State,2,0,West,11,MVC,24,108.9,89.9,67.0,-0.08,102.1,100.8,0.4166666666666667,0.25,0.08333333333333333,0.0,0.0,0.0,0
2016,Miami FL,3,0,West,3,ACC,25,117.2,97.1,66.8,0.054,109.5,100.3,0.6666666666666666,0.5,0.25,0.0,0.0,0.0,0
2016,Buffalo,1,1,West,14,MAC,20,105.1,102.5,73.0,0.055,105.7,104.5,0.3333333333333333,0.0,0.0,0.0,0.0,0.0,0
2016,Iowa,2,0,West,7,B10,21,114.4,95.9,69.9,-0.099,108.3,101.2,0.75,0.25,0.16666666666666666,0.16666666666666666,0.08333333333333333,0.08333333333333333,0
2016,Temple,1,0,West,10,Amer,21,105.1,97.5,66.9,0.113,106.0,101.1,0.25,0.08333333333333333,0.0,0.0,0.0,0.0,0
2016,Villanova,7,0,West,2,BE,29,117.2,93.0,67.4,0.012,107.7,100.5,0.9166666666666666,0.5833333333333334,0.5,0.08333333333333333,0.0,0.0,0
2016,UNC Asheville,1,1,West,15,BSth,22,102.5,98.2,71.1,-0.045,102.9,106.4,0.08333333333333333,0.08333333333333333,0.0,0.0,0.0,0.0,0
2017,Villanova,2,1,West,1,BE,31,122.7,92.0,63.8,0.026,110.1,100.1,1.0,0.8125,0.625,0.375,0.25,0.125,0
2017,Mount Saint Mary's,1,1,West,16,NEC,19,98.9,103.2,66.6,0.06,101.5,106.8,0.0,0.0,0.0,0.0,0.0,0.0,0
2017,Wisconsin,3,0,West,8,B10,25,113.6,91.3,63.1,-0.0,109.9,100.8,0.625,0.125,0.0625,0.0625,0.0625,0.0,0
2017,Virginia Tech,1,0,West,9,ACC,22,117.4,102.5,68.1,0.061,110.2,101.4,0.375,0.0625,0.0625,0.0625,0.0,0.0,0
2017,Virginia,2,0,West,5,ACC,22,113.7,87.0,58.6,-0.051,111.4,99.2,0.5,0.25,0.0,0.0,0.0,0.0,0
2017,UNC Wilmington,1,1,West,12,CAA,29,117.8,105.4,69.9,0.051,105.0,104.9,0.5,0.0625,0.0,0.0,0.0,0.0,0
2017,Florida,4,0,West,4,SEC,24,115.9,89.5,68.6,-0.046,110.1,98.5,0.875,0.625,0.25,0.125,0.0625,0.0,0
2017,East Tennessee State,1,1,West,13,SC,27,108.0,96.5,69.8,0.002,105.3,106.7,0.125,0.0625,0.0,0.0,0.0,0.0,0
2017,SMU,1,1,West,6,Amer,30,120.1,94.8,63.3,0.02,104.9,101.8,0.5,0.25,0.0625,0.0,0.0,0.0,0
2017,USC,2,0,West,11,P12,24,112.5,100.2,68.6,0.078,108.0,103.8,0.5,0.25,0.0625,0.0,0.0,0.0,0
2017,Baylor,3,0,West,3,B12,25,117.3,92.3,62.8,0.002,111.3,98.5,0.6875,0.5,0.1875,0.0,0.0,0.0,0
2017,New Mexico State,1,1,West,14,WAC,28,110.0,102.7,67.3,0.057,100.1,105.9,0.3125,0.0,0.0,0.0,0.0,0.0,0
2017,South Carolina,5,0,West,7,SEC,22,105.5,88.5,67.9,-0.004,108.7,100.2,0.6875,0.25,0.125,0.125,0.0625,0.0625,0
2017,Marquette,1,0,West,10,BE,19,121.0,103.4,69.7,-0.062,109.1,100.1,0.3125,0.125,0.0625,0.0625,0.0,0.0,0
2017,Duke,2,1,West,2,ACC,27,121.0,95.9,67.7,0.027,111.5,99.1,0.875,0.5625,0.5,0.1875,0.0625,0.0625,0
2017,Troy,1,1,West,15,SB,22,109.9,107.3,67.8,-0.037,102.2,105.1,0.125,0.0625,0.0,0.0,0.0,0.0,0
2017,Gonzaga,6,1,East,1,WCC,32,120.7,87.6,69.8,0.016,104.9,104.2,1.0,0.8125,0.625,0.375,0.25,0.125,0
2017,South Dakota State,1,1,East,16,Sum,18,110.8,112.1,66.8,0.029,104.6,105.6,0.0,0.0,0.0,0.0,0.0,0.0,0
2017,Northwestern,2,0,East,8,B10,23,111.2,95.7,64.9,0.021,108.6,100.8,0.625,0.125,0.0625,0.0625,0.0625,0.0,0
2017,Vanderbilt,1,0,East,9,SEC,19,112.3,96.1,65.3,-0.035,109.9,98.7,0.375,0.0625,0.0625,0.0625,0.0,0.0,0
2017,Notre Dame,2,0,East,5,ACC,25,118.9,97.8,66.9,0.021,110.2,99.6,0.5,0.25,0.0,0.0,0.0,0.0,0
2017,Princeton,1,1,East,12,Ivy,23,109.4,96.9,62.9,0.025,103.4,104.8,0.5,0.0625,0.0,0.0,0.0,0.0,0
2017,West Virginia,3,0,East,4,B12,26,116.5,89.7,69.6,-0.043,109.3,99.5,0.875,0.625,0.25,0.125,0.0625,0.0,0
2017,Bucknell,1,1,East,13,Pat,26,109.1,100.3,69.4,0.018,100.9,105.2,0.125,0.0625,0.0,0.0,0.0,0.0,0
2017,Maryland,1,0,East,6,B10,24,113.6,98.8,66.8,0.064,107.9,100.3,0.5,0.25,0.0625,0.0,0.0,0.0,0
2017,Xavier,4,0,East,11,BE,21,114.8,99.5,66.9,0.03,110.8,99.7,0.5,0.25,0.0625,0.0,0.0,0.0,0
2017,Florida State,2,0,East,3,ACC,25,116.7,94.0,70.5,0.023,110.9,101.2,0.6875,0.5,0.1875,0.0,0.0,0.0,0
2017,Florida Gulf Coast,1,1,East,14,ASun,26,109.5,104.5,64.9,0.051,103.6,108.6,0.3125,0.0,0.0,0.0,0.0,0.0,0
2017,Saint Mary's,2,0,East,7,WCC,28,119.0,94.3,59.1,0.034,104.0,104.3,0.6875,0.25,0.125,0.125,0.0625,0.0625,0
2017,VCU,1,0,East,10,A10,26,110.0,95.7,67.9,0.036,105.5,101.9,0.3125,0.125,0.0625,0.0625,0.0,0.0,0
2017,Arizona,3,1,East,2,P12,30,117.6,94.8,65.5,0.064,108.1,101.5,0.875,0.5625,0.5,0.1875,0.0625,0.0625,0
2017,North Dakota,1,1,East,15,BSky,22,102.9,103.2,71.0,0.047,102.3,108.9,0.125,0.0625,0.0,0.0,0.0,0.0,0
2017,Kansas,4,0,South,1,B12,28,120.8,94.9,70.0,0.074,111.1,98.8,1.0,0.8125,0.625,0.375,0.25,0.125,0
2017,UC Davis,1,1,South,16,BW,22,97.9,102.6,68.3,0.109,100.1,106.3,0.0,0.0,0.0,0.0,0.0,0.0,0
2017,Miami FL,1,0,South,8,ACC,21,110.4,93.4,62.8,0.03,111.0,100.9,0.625,0.125,0.0625,0.0625,0.0625,0.0,0
2017,Michigan State,2,0,South,9,B10,19,110.6,95.6,66.5,-0.012,110.2,99.5,0.375,0.0625,0.0625,0.0625,0.0,0.0,0
2017,Iowa State,2,1,South,5,B12,23,119.6,96.4,67.9,-0.01,112.1,98.4,0.5,0.25,0.0,0.0,0.0,0.0,0
2017,Nevada,1,1,South,12,MWC,28,114.5,101.2,69.4,0.059,104.0,103.2,0.5,0.0625,0.0,0.0,0.0,0.0,0
2017,Purdue,3,0,South,4,B10,25,116.9,92.7,68.7,-0.023,108.8,100.7,0.875,0.625,0.25,0.125,0.0625,0.0,0
2017,Vermont,1,1,South,13,AE,29,110.8,98.9,64.1,0.06,102.7,107.4,0.125,0.0625,0.0,0.0,0.0,0.0,0
2017,Creighton,1,0,South,6,BE,25,115.6,96.0,70.6,0.009,110.2,101.2,0.5,0.25,0.0625,0.0,0.0,0.0,0
2017,Rhode Island,2,1,South,11,A10,24,110.7,95.0,65.9,-0.024,106.3,102.6,0.5,0.25,0.0625,0.0,0.0,0.0,0
2017,Oregon,5,0,South,3,P12,29,117.7,93.9,66.5,0.036,107.8,101.4,0.6875,0.5,0.1875,0.0,0.0,0.0,0
2017,Iona,1,1,South,14,MAAC,22,110.2,106.2,70.3,0.011,103.3,105.9,0.3125,0.0,0.0,0.0,0.0,0.0,0
2017,Michigan,3,1,South,7,B10,24,121.6,99.0,62.6,-0.031,109.2,99.5,0.6875,0.25,0.125,0.125,0.0625,0.0625,0
2017,Oklahoma State,1,0,South,10,B12,20,124.8,102.7,70.0,-0.056,111.6,97.6,0.3125,0.125,0.0625,0.0625,0.0,0.0,0
2017,Louisville,2,0,South,2,ACC,24,117.1,90.4,67.7,-0.011,111.9,99.7,0.875,0.5625,0.5,0.1875,0.0625,0.0625,0
2017,Jacksonville State,1,1,South,15,OVC,20,105.4,104.8,63.3,0.029,104.0,106.1,0.125,0.0625,0.0,0.0,0.0,0.0,0
2017,North Carolina,7,0,Midwest,1,ACC,27,122.1,94.1,70.4,0.006,111.6,99.5,1.0,0.8125,0.625,0.375,0.25,0.125,0
2017,Texas Southern,1,1,Midwest,16,SWAC,23,103.6,107.3,68.2,0.12,99.7,108.7,0.0,0.0,0.0,0.0,0.0,0.0,0
2017,Arkansas,2,0,Midwest,8,SEC,25,116.6,101.0,69.1,0.093,107.9,100.4,0.625,0.125,0.0625,0.0625,0.0625,0.0,0
2017,Seton Hall,1,0,Midwest,9,BE,21,109.8,95.9,67.0,0.071,109.9,100.2,0.375,0.0625,0.0625,0.0625,0.0,0.0,0
2017,Minnesota,1,0,Midwest,5,B10,24,109.5,93.0,69.1,0.028,108.8,100.6,0.5,0.25,0.0,0.0,0.0,0.0,0
2017,Middle Tennessee,2,1,Midwest,12,CUSA,30,111.6,97.0,64.0,0.012,103.9,105.6,0.5,0.0625,0.0,0.0,0.0,0.0,0
2017,Butler,3,0,Midwest,4,BE,23,118.0,97.1,65.1,-0.001,110.6,99.8,0.875,0.625,0.25,0.125,0.0625,0.0,0
2017,Winthrop,1,1,Midwest,13,BSth,26,106.5,101.8,70.7,0.029,100.3,107.9,0.125,0.0625,0.0,0.0,0.0,0.0,0
2017,Cincinnati,2,0,Midwest,6,Amer,29,114.2,91.9,63.5,0.029,106.5,103.0,0.5,0.25,0.0625,0.0,0.0,0.0,0
2017,Kansas State,1,0,Midwest,11,B12,20,112.0,94.5,65.9,-0.04,109.9,99.0,0.5,0.25,0.0625,0.0,0.0,0.0,0
2017,UCLA,3,0,Midwest,3,P12,29,122.7,99.8,72.9,0.024,107.3,103.2,0.6875,0.5,0.1875,0.0,0.0,0.0,0
2017,Kent State,1,1,Midwest,14,MAC,22,104.4,102.7,68.0,0.022,103.9,106.2,0.3125,0.0,0.0,0.0,0.0,0.0,0
2017,Dayton,1,0,Midwest,7,A10,24,112.3,96.6,68.3,-0.011,105.6,102.2,0.6875,0.25,0.125,0.125,0.0625,0.0625,0
2017,Wichita State,2,1,Midwest,10,MVC,30,119.6,93.2,68.4,-0.014,104.3,103.6,0.3125,0.125,0.0625,0.0625,0.0,0.0,0
2017,Kentucky,4,1,Midwest,2,SEC,29,119.2,91.9,72.5,0.008,109.4,99.6,0.875,0.5625,0.5,0.1875,0.0625,0.0625,0
2017,Northern Kentucky,1,1,Midwest,15,Horz,24,106.6,105.3,67.6,0.082,102.5,106.4,0.125,0.0625,0.0,0.0,0.0,0.0,0
2018,Villanova,7,1,South,1,BE,30,127.4,96.0,68.3,-0.018,111.3,101.1,1.0,0.8,0.65,0.4,0.3,0.15,0
2018,Radford,1,1,South,16,BSth,22,103.6,103.6,62.7,0.044,102.7,107.1,0.0,0.0,0.0,0.0,0.0,0.0,0
2018,Virginia Tech,1,0,South,8,ACC,21,115.0,98.4,68.7,-0.003,109.9,101.7,0.65,0.15,0.05,0.05,0.05,0.0,0
2018,Alabama,2,0,South,9,SEC,19,108.5,94.6,68.8,0.0,111.0,100.0,0.35,0.05,0.05,0.05,0.0,0.0,0
2018,West Virginia,3,0,South,5,B12,24,119.2,97.4,69.0,-0.009,109.9,99.5,0.55,0.2,0.0,0.0,0.0,0.0,0
2018,Murray State,1,1,South,12,OVC,26,113.1,100.4,67.3,-0.013,102.8,107.0,0.45,0.05,0.0,0.0,0.0,0.0,0
2018,Wichita State,1,0,South,4,Amer,25,121.9,101.9,68.6,-0.015,107.9,102.3,0.9,0.7,0.25,0.1,0.05,0.0,0
2018,Marshall,2,1,South,13,CUSA,24,109.3,103.9,74.8,0.04,104.8,106.4,0.1,0.05,0.0,0.0,0.0,0.0,0
2018,Florida,2,0,South,6,SEC,20,115.1,96.4,66.8,-0.049,110.7,100.0,0.45,0.2,0.05,0.0,0.0,0.0,0
2018,Saint Bonaventure,1,0,South,11,A10,25,112.3,101.1,69.2,0.077,107.0,104.8,0.55,0.25,0.1,0.0,0.0,0.0,0
2018,Texas Tech,4,0,South,3,B12,24,114.0,92.1,66.6,-0.021,110.4,101.1,0.75,0.55,0.2,0.05,0.0,0.0,0
2018,Stephen F Austin,1,1,South,14,Slnd,28,105.0,99.4,71.1,0.037,100.8,108.4,0.25,0.0,0.0,0.0,0.0,0.0,0
2018,Arkansas,1,0,South,7,SEC,23,117.3,101.7,69.7,0.062,111.0,100.9,0.7,0.3,0.15,0.15,0.05,0.05,0
2018,Butler,2,0,South,10,BE,20,115.8,97.9,67.8,-0.037,111.9,101.3,0.3,0.1,0.05,0.05,0.0,0.0,0
2018,Purdue,3,0,South,2,B10,28,123.2,96.6,67.2,0.003,109.3,100.8,0.9,0.55,0.45,0.15,0.05,0.05,0
2018,Cal State Fullerton,1,1,South,15,BW,20,105.0,103.7,69.5,0.089,103.9,105.1,0.1,0.05,0.0,0.0,0.0,0.0,0
2018,Xavier,2,0,East,1,BE,28,120.7,99.0,70.4,0.109,110.3,100.7,1.0,0.8,0.65,0.4,0.3,0.15,0
2018,Texas Southern,1,1,East,16,SWAC,15,105.3,112.9,71.6,-0.009,101.0,107.7,0.0,0.0,0.0,0.0,0.0,0.0,0
2018,Missouri,1,0,East,8,SEC,20,113.3,97.8,65.6,-0.021,110.1,100.5,0.65,0.15,0.05,0.05,0.05,0.0,0
2018,Florida State,4,0,East,9,ACC,20,115.8,100.0,71.6,-0.032,109.2,101.2,0.35,0.05,0.05,0.05,0.0,0.0,0
2018,Ohio State,2,0,East,5,B10,24,116.2,95.0,66.4,0.027,109.8,101.6,0.55,0.2,0.0,0.0,0.0,0.0,0
2018,South Dakota State,1,1,East,12,Sum,28,114.6,104.0,70.3,0.111,106.1,106.2,0.45,0.05,0.0,0.0,0.0,0.0,0
2018,Gonzaga,3,1,East,4,WCC,30,119.8,95.1,69.0,-0.006,106.6,105.6,0.9,0.7,0.25,0.1,0.05,0.0,0
2018,UNC Greensboro,1,1,East,13,SC,27,105.7,96.6,65.0,-0.011,103.6,108.6,0.1,0.05,0.0,0.0,0.0,0.0,0
2018,Houston,2,0,East,6,Amer,26,115.8,95.2,68.2,-0.009,106.7,103.3,0.45,0.2,0.05,0.0,0.0,0.0,0
2018,San Diego State,1,1,East,11,MWC,22,111.3,97.1,68.7,-0.015,107.5,104.2,0.55,0.25,0.1,0.0,0.0,0.0,0
2018,Michigan,6,1,East,3,B10,28,115.9,92.7,64.4,0.037,111.1,102.3,0.75,0.55,0.2,0.05,0.0,0.0,0
2018,Montana,1,1,East,14,BSky,26,110.1,99.3,68.0,-0.005,104.3,106.5,0.25,0.0,0.0,0.0,0.0,0.0,0
2018,Texas A&M,3,0,East,7,SEC,20,111.2,94.3,69.0,-0.007,112.1,100.8,0.7,0.3,0.15,0.15,0.05,0.05,0
2018,Providence,1,0,East,10,BE,21,108.9,97.0,67.1,0.088,112.0,101.6,0.3,0.1,0.05,0.05,0.0,0.0,0
2018,North Carolina,2,0,East,2,ACC,25,122.0,96.9,71.0,-0.019,112.5,98.4,0.9,0.55,0.45,0.15,0.05,0.05,0
2018,Lipscomb,1,1,East,15,ASun,23,103.8,103.4,74.9,0.114,103.2,108.1,0.1,0.05,0.0,0.0,0.0,0.0,0
2018,Kansas,5,1,Midwest,1,B12,27,120.9,97.7,68.4,0.06,111.7,100.2,1.0,0.8,0.65,0.4,0.3,0.15,0
2018,Penn,1,1,Midwest,16,Ivy,24,103.6,99.9,68.9,0.078,103.7,108.3,0.0,0.0,0.0,0.0,0.0,0.0,0
2018,Seton Hall,2,0,Midwest,8,BE,21,116.3,99.0,69.3,-0.02,110.4,100.9,0.65,0.15,0.05,0.05,0.05,0.0,0
2018,North Carolina State,1,0,Midwest,9,ACC,21,116.4,101.3,71.4,0.007,108.9,101.3,0.35,0.05,0.05,0.05,0.0,0.0,0
2018,Clemson,3,0,Midwest,5,ACC,23,113.8,93.5,65.6,0.004,110.9,101.1,0.55,0.2,0.0,0.0,0.0,0.0,0
2018,New Mexico State,1,1,Midwest,12,WAC,28,108.5,94.9,68.2,0.032,104.2,105.8,0.45,0.05,0.0,0.0,0.0,0.0,0
2018,Auburn,2,0,Midwest,4,SEC,25,118.2,97.6,72.3,-0.012,109.1,101.5,0.9,0.7,0.25,0.1,0.05,0.0,0
2018,Charleston,1,1,Midwest,13,CAA,26,109.9,105.2,64.6,0.049,104.9,109.5,0.1,0.05,0.0,0.0,0.0,0.0,0
2018,TCU,1,0,Midwest,6,B12,21,120.6,101.7,68.7,-0.058,111.5,101.6,0.45,0.2,0.05,0.0,0.0,0.0,0
2018,Syracuse,3,0,Midwest,11,ACC,20,107.7,94.1,63.4,0.007,111.0,102.2,0.55,0.25,0.1,0.0,0.0,0.0,0
2018,Michigan State,2,0,Midwest,3,B10,29,120.0,93.6,67.1,0.048,109.0,102.5,0.75,0.55,0.2,0.05,0.0,0.0,0
2018,Bucknell,1,1,Midwest,14,Pat,25,109.2,102.4,71.4,0.02,102.9,107.7,0.25,0.0,0.0,0.0,0.0,0.0,0
2018,Rhode Island,2,0,Midwest,7,A10,25,111.7,97.3,68.7,0.037,107.4,104.7,0.7,0.3,0.15,0.15,0.05,0.05,0
2018,Oklahoma,1,0,Midwest,10,B12,18,115.1,100.7,75.8,0.005,111.9,99.9,0.3,0.1,0.05,0.05,0.0,0.0,0
2018,Duke,4,0,Midwest,2,ACC,26,122.6,93.5,70.0,-0.029,111.0,100.1,0.9,0.55,0.45,0.15,0.05,0.05,0
2018,Iona,1,1,Midwest,15,MAAC,20,110.3,107.4,70.7,-0.022,103.3,105.7,0.1,0.05,0.0,0.0,0.0,0.0,0
2018,Virginia,1,1,West,1,ACC,31,116.5,84.4,59.2,0.032,110.9,100.9,1.0,0.8,0.65,0.4,0.3,0.15,0
2018,UMBC,2,1,West,16,AE,24,103.4,105.3,68.2,0.145,102.5,108.2,0.0,0.0,0.0,0.0,0.0,0.0,0
2018,Creighton,1,0,West,8,BE,21,116.5,99.2,70.8,-0.018,111.1,101.9,0.65,0.15,0.05,0.05,0.05,0.0,0
2018,Kansas State,4,0,West,9,B12,22,112.2,97.4,65.5,0.056,111.4,102.2,0.35,0.05,0.05,0.05,0.0,0.0,0
2018,Kentucky,3,1,West,5,SEC,24,116.4,96.0,68.6,-0.001,111.1,99.9,0.55,0.2,0.0,0.0,0.0,0.0,0
2018,Davidson,1,1,West,12,A10,21,117.4,102.5,64.2,-0.051,105.9,104.0,0.45,0.05,0.0,0.0,0.0,0.0,0
2018,Arizona,1,1,West,4,P12,27,119.0,99.6,67.3,0.025,108.9,102.6,0.9,0.7,0.25,0.1,0.05,0.0,0
2018,Buffalo,2,1,West,13,MAC,26,114.3,103.8,72.8,-0.005,104.8,105.8,0.1,0.05,0.0,0.0,0.0,0.0,0
2018,Miami FL,1,0,West,6,ACC,22,113.3,97.6,67.1,0.034,109.6,101.4,0.45,0.2,0.05,0.0,0.0,0.0,0
2018,Loyola Chicago,5,1,West,11,MVC,28,111.3,96.2,65.3,0.058,103.8,103.7,0.55,0.25,0.1,0.0,0.0,0.0,0
2018,Tennessee,2,0,West,3,SEC,25,114.8,92.7,66.2,0.04,112.2,100.5,0.75,0.55,0.2,0.05,0.0,0.0,0
2018,Wright State,1,1,West,14,Horz,25,101.1,98.3,68.2,0.056,102.6,107.4,0.25,0.0,0.0,0.0,0.0,0.0,0
2018,Nevada,3,0,West,7,MWC,27,119.9,101.7,69.5,-0.028,107.3,102.9,0.7,0.3,0.15,0.15,0.05,0.05,0
2018,Texas,1,0,West,10,B12,19,109.4,93.9,65.2,-0.018,111.7,99.9,0.3,0.1,0.05,0.05,0.0,0.0,0
2018,Cincinnati,2,1,West,2,Amer,30,113.2,86.2,64.7,-0.004,107.0,103.8,0.9,0.55,0.45,0.15,0.05,0.05,0
2018,Georgia State,1,1,West,15,SB,24,109.0,101.8,66.9,-0.022,103.7,106.5,0.1,0.05,0.0,0.0,0.0,0.0,0
2019,Duke,4,1,West,1,ACC,29,120.1,88.1,72.2,0.018,110.4,97.2,0.9583333333333334,0.75,0.625,0.4166666666666667,0.2916666666666667,0.16666666666666666,0
2019,North Dakota State,1,1,West,16,Sum,18,106.6,109.8,64.8,0.052,104.5,107.6,0.041666666666666664,0.0,0.0,0.0,0.0,0.0,0
2019,VCU,1,0,West,8,A10,25,104.3,88.6,68.2,0.004,105.0,103.8,0.5833333333333334,0.125,0.041666666666666664,0.041666666666666664,0.041666666666666664,0.0,0
2019,UCF,2,0,West,9,Amer,23,110.3,95.7,64.8,0.029,105.2,101.6,0.4166666666666667,0.125,0.125,0.041666666666666664,0.0,0.0,0
2019,Mississippi State,1,0,West,5,SEC,23,117.4,96.7,67.4,-0.027,110.0,99.6,0.625,0.2916666666666667,0.0,0.0,0.0,0.0,0
2019,Liberty,2,1,West,12,ASun,28,110.6,99.7,61.8,0.006,101.3,105.9,0.375,0.041666666666666664,0.0,0.0,0.0,0.0,0
2019,Virginia Tech,3,0,West,4,ACC,24,118.4,94.0,63.3,0.002,108.1,99.5,0.8333333333333334,0.625,0.20833333333333334,0.08333333333333333,0.041666666666666664,0.0,0
2019,Saint Louis,1,1,West,13,A10,23,102.6,96.3,66.1,0.045,103.9,103.6,0.16666666666666666,0.041666666666666664,0.0,0.0,0.0,0.0,0
2019,Maryland,2,0,West,6,B10,22,113.8,93.8,65.6,0.001,109.5,98.4,0.4583333333333333,0.16666666666666666,0.041666666666666664,0.0,0.0,0.0,0
2019,Belmont,1,0,West,11,OVC,26,114.8,101.8,71.1,0.041,102.7,105.9,0.5416666666666666,0.2916666666666667,0.125,0.041666666666666664,0.0,0.0,0
2019,LSU,3,0,West,3,SEC,26,118.5,97.5,69.9,0.035,108.6,99.1,0.7916666666666666,0.5416666666666666,0.25,0.08333333333333333,0.041666666666666664,0.0,0
2019,Yale,1,1,West,14,Ivy,22,111.7,103.1,70.7,0.057,102.3,103.8,0.20833333333333334,0.0,0.0,0.0,0.0,0.0,0
2019,Louisville,1,0,West,7,ACC,20,113.4,92.4,67.1,-0.054,110.6,97.6,0.7083333333333334,0.3333333333333333,0.125,0.125,0.041666666666666664,0.041666666666666664,0
2019,Minnesota,2,0,West,10,B10,21,110.7,96.2,67.5,0.082,109.8,97.7,0.2916666666666667,0.08333333333333333,0.041666666666666664,0.041666666666666664,0.0,0.0,0
2019,Michigan State,5,1,West,2,B10,28,121.7,90.4,67.4,-0.007,110.2,96.7,0.9166666666666666,0.5416666666666666,0.4166666666666667,0.125,0.041666666666666664,0.041666666666666664,0
2019,Bradley,1,1,West,15,MVC,20,100.9,101.2,65.1,0.04,102.1,104.2,0.08333333333333333,0.041666666666666664,0.0,0.0,0.0,0.0,0
2019,Gonzaga,4,0,East,1,WCC,30,125.1,92.3,69.8,0.008,106.2,102.8,0.9583333333333334,0.75,0.625,0.4166666666666667,0.2916666666666667,0.16666666666666666,0
2019,Fairleigh Dickinson,1,1,East,16,NEC,20,106.2,110.4,66.8,0.01,98.7,107.4,0.041666666666666664,0.0,0.0,0.0,0.0,0.0,0
2019,Syracuse,1,0,East,8,ACC,20,110.2,93.9,66.1,0.005,108.5,98.5,0.5833333333333334,0.125,0.041666666666666664,0.041666666666666664,0.041666666666666664,0.0,0
2019,Baylor,2,0,East,9,B12,19,113.5,98.2,65.3,-0.032,107.9,98.7,0.4166666666666667,0.125,0.125,0.041666666666666664,0.0,0.0,0
2019,Marquette,1,0,East,5,BE,24,114.2,95.7,68.6,0.007,107.5,99.9,0.625,0.2916666666666667,0.0,0.0,0.0,0.0,0
2019,Murray State,2,1,East,12,OVC,27,112.0,98.7,69.0,0.033,102.1,106.9,0.375,0.041666666666666664,0.0,0.0,0.0,0.0,0
2019,Florida State,3,0,East,4,ACC,27,113.0,90.4,68.3,0.045,109.5,98.8,0.8333333333333334,0.625,0.20833333333333334,0.08333333333333333,0.041666666666666664,0.0,0
2019,Vermont,1,1,East,13,AE,27,107.9,99.2,65.3,0.056,100.2,106.2,0.16666666666666666,0.041666666666666664,0.0,0.0,0.0,0.0,0
2019,Buffalo,2,1,East,6,MAC,31,114.9,94.6,73.8,0.041,105.2,102.4,0.4583333333333333,0.16666666666666666,0.041666666666666664,0.0,0.0,0.0,0
2019,Arizona State,1,0,East,11,P12,22,109.8,98.6,70.5,0.046,106.6,101.8,0.5416666666666666,0.2916666666666667,0.125,0.041666666666666664,0.0,0.0,0
2019,Texas Tech,6,0,East,3,B12,26,112.7,85.9,66.5,0.004,107.8,99.5,0.7916666666666666,0.5416666666666666,0.25,0.08333333333333333,0.041666666666666664,0.0,0
2019,Northern Kentucky,1,1,East,14,Horz,26,109.2,102.7,67.9,-0.008,103.0,107.2,0.20833333333333334,0.0,0.0,0.0,0.0,0.0,0
2019,Nevada,1,0,East,7,MWC,29,114.0,95.1,69.2,0.039,105.2,103.8,0.7083333333333334,0.3333333333333333,0.125,0.125,0.041666666666666664,0.041666666666666664,0
2019,Florida,2,0,East,10,SEC,19,110.2,91.9,62.7,-0.072,110.4,98.7,0.2916666666666667,0.08333333333333333,0.041666666666666664,0.041666666666666664,0.0,0.0,0
2019,Michigan,3,0,East,2,B10,28,115.5,86.1,64.4,-0.014,109.3,97.6,0.9166666666666666,0.5416666666666666,0.4166666666666667,0.125,0.041666666666666664,0.041666666666666664,0
2019,Montana,1,1,East,15,BSky,26,107.4,103.8,66.5,0.057,102.0,108.6,0.08333333333333333,0.041666666666666664,0.0,0.0,0.0,0.0,0
2019,North Carolina,3,0,Midwest,1,ACC,27,119.9,90.7,74.3,0.024,110.8,97.1,0.9583333333333334,0.75,0.625,0.4166666666666667,0.2916666666666667,0.16666666666666666,0
2019,Iona,1,1,Midwest,16,MAAC,17,106.5,109.6,70.5,-0.025,100.0,106.6,0.041666666666666664,0.0,0.0,0.0,0.0,0.0,0
2019,Utah State,1,1,Midwest,8,MWC,28,113.0,96.3,67.8,0.007,104.3,104.3,0.5833333333333334,0.125,0.041666666666666664,0.041666666666666664,0.041666666666666664,0.0,0
2019,Washington,2,0,Midwest,9,P12,26,107.0,93.6,65.9,0.078,106.7,101.8,0.4166666666666667,0.125,0.125,0.041666666666666664,0.0,0.0,0
2019,Auburn,5,1,Midwest,5,SEC,26,119.6,96.2,67.5,0.003,109.6,98.7,0.625,0.2916666666666667,0.0,0.0,0.0,0.0,0
2019,New Mexico State,1,1,Midwest,12,WAC,30,112.6,99.0,65.6,0.061,102.4,105.9,0.375,0.041666666666666664,0.0,0.0,0.0,0.0,0
2019,Kansas,2,0,Midwest,4,B12,25,112.7,92.0,69.9,0.088,111.4,97.5,0.8333333333333334,0.625,0.20833333333333334,0.08333333333333333,0.041666666666666664,0.0,0
2019,Northeastern,1,1,Midwest,13,CAA,23,111.5,102.7,66.0,0.023,106.0,106.8,0.16666666666666666,0.041666666666666664,0.0,0.0,0.0,0.0,0
2019,Iowa State,1,1,Midwest,6,B12,23,119.0,97.1,67.6,-0.051,108.8,98.5,0.4583333333333333,0.16666666666666666,0.041666666666666664,0.0,0.0,0.0,0
2019,Ohio State,2,0,Midwest,11,B10,19,109.3,94.2,65.7,0.005,110.1,98.5,0.5416666666666666,0.2916666666666667,0.125,0.041666666666666664,0.0,0.0,0
2019,Houston,3,0,Midwest,3,Amer,31,114.1,91.7,66.1,0.057,104.8,101.6,0.7916666666666666,0.5416666666666666,0.25,0.08333333333333333,0.041666666666666664,0.0,0
2019,Georgia State,1,1,Midwest,14,SB,24,107.9,102.3,69.9,0.126,104.8,103.9,0.20833333333333334,0.0,0.0,0.0,0.0,0.0,0
2019,Wofford,2,1,Midwest,7,SC,29,118.4,97.6,65.6,0.06,105.4,104.0,0.7083333333333334,0.3333333333333333,0.125,0.125,0.041666666666666664,0.041666666666666664,0
2019,Seton Hall,1,0,Midwest,10,BE,20,109.3,96.4,68.9,0.022,109.3,99.9,0.2916666666666667,0.08333333333333333,0.041666666666666664,0.041666666666666664,0.0,0.0,0
2019,Kentucky,4,0,Midwest,2,SEC,27,118.2,90.8,65.8,0.037,110.0,99.0,0.9166666666666666,0.5416666666666666,0.4166666666666667,0.125,0.041666666666666664,0.041666666666666664,0
2019,Abilene Christian,1,1,Midwest,15,Slnd,27,103.6,101.5,66.0,0.087,99.6,108.6,0.08333333333333333,0.041666666666666664,0.0,0.0,0.0,0.0,0
2019,Virginia,7,0,South,1,ACC,29,123.6,87.9,59.3,0.024,108.4,97.9,0.9583333333333334,0.75,0.625,0.4166666666666667,0.2916666666666667,0.16666666666666666,0
2019,Gardner Webb,1,1,South,16,BSth,23,107.5,108.2,67.1,0.07,102.3,106.9,0.041666666666666664,0.0,0.0,0.0,0.0,0.0,0
2019,Mississippi,1,0,South,8,SEC,20,112.8,97.7,68.3,-0.018,108.8,100.1,0.5833333333333334,0.125,0.041666666666666664,0.041666666666666664,0.041666666666666664,0.0,0
2019,Oklahoma,2,0,South,9,B12,19,109.4,93.9,68.7,0.031,109.7,97.0,0.4166666666666667,0.125,0.125,0.041666666666666664,0.0,0.0,0
2019,Wisconsin,1,0,South,5,B10,23,110.8,87.1,63.6,-0.026,110.3,96.8,0.625,0.2916666666666667,0.0,0.0,0.0,0.0,0
2019,Oregon,3,1,South,12,P12,23,107.7,92.5,64.1,-0.039,106.9,102.8,0.375,0.041666666666666664,0.0,0.0,0.0,0.0,0
2019,Kansas State,1,0,South,4,B12,25,108.0,87.7,63.0,0.061,109.0,99.0,0.8333333333333334,0.625,0.20833333333333334,0.08333333333333333,0.041666666666666664,0.0,0
2019,UC Irvine,2,1,South,13,BW,30,106.6,97.1,65.1,0.097,102.2,106.2,0.16666666666666666,0.041666666666666664,0.0,0.0,0.0,0.0,0
2019,Villanova,2,1,South,6,BE,25,117.0,98.2,63.6,0.017,108.4,100.2,0.4583333333333333,0.16666666666666666,0.041666666666666664,0.0,0.0,0.0,0
2019,Saint Mary's,1,1,South,11,WCC,22,114.6,96.9,62.6,-0.033,106.4,102.7,0.5416666666666666,0.2916666666666667,0.125,0.041666666666666664,0.0,0.0,0
2019,Purdue,4,0,South,3,B10,23,121.1,95.0,65.6,-0.012,109.7,96.7,0.7916666666666666,0.5416666666666666,0.25,0.08333333333333333,0.041666666666666664,0.0,0
2019,Old Dominion,1,1,South,14,CUSA,26,101.9,96.4,64.3,0.055,101.9,104.2,0.20833333333333334,0.0,0.0,0.0,0.0,0.0,0
2019,Cincinnati,1,1,South,7,Amer,28,111.6,94.5,63.2,0.06,106.3,102.1,0.7083333333333334,0.3333333333333333,0.125,0.125,0.041666666666666664,0.041666666666666664,0
2019,Iowa,2,0,South,10,B10,22,117.2,101.2,69.4,0.057,108.4,97.8,0.2916666666666667,0.08333333333333333,0.041666666666666664,0.041666666666666664,0.0,0.0,0
2019,Tennessee,3,0,South,2,SEC,29,122.5,95.5,67.7,0.038,109.0,98.5,0.9166666666666666,0.5416666666666666,0.4166666666666667,0.125,0.041666666666666664,0.041666666666666664,0
2019,Colgate,1,1,South,15,Pat,24,110.0,105.8,66.3,0.021,101.8,106.0,0.08333333333333333,0.041666666666666664,0.0,0.0,0.0,0.0,0
2021,Michigan,4,0,East,1,B10,20,119.5,88.7,66.8,0.026,111.3,94.6,0.9642857142857143,0.7857142857142857,0.6428571428571429,0.39285714285714285,0.2857142857142857,0.17857142857142858,0
2021,Texas Southern,1,1,East,16,SWAC,16,99.0,105.1,72.0,0.055,94.1,104.3,0.03571428571428571,0.0,0.0,0.0,0.0,0.0,0
2021,LSU,2,0,East,8,SEC,18,119.9,100.2,70.7,0.002,107.9,94.3,0.5,0.10714285714285714,0.03571428571428571,0.03571428571428571,0.03571428571428571,0.0,0
2021,Saint Bonaventure,1,1,East,9,A10,16,111.5,90.5,65.2,0.014,106.0,97.5,0.5,0.10714285714285714,0.10714285714285714,0.03571428571428571,0.0,0.0,0
2021,Colorado,2,0,East,5,P12,22,114.5,92.8,66.4,-0.033,107.8,97.1,0.5714285714285714,0.2857142857142857,0.03571428571428571,0.03571428571428571,0.0,0.0,0
2021,Georgetown,1,1,East,12,BE,13,107.8,93.7,69.6,0.001,110.3,95.9,0.42857142857142855,0.07142857142857142,0.0,0.0,0.0,0.0,0
2021,Florida State,3,0,East,4,ACC,16,116.5,94.4,70.5,-0.011,108.8,96.3,0.8214285714285714,0.6071428571428571,0.17857142857142858,0.07142857142857142,0.03571428571428571,0.0,0
2021,UNC Greensboro,1,1,East,13,SC,21,104.2,96.0,68.5,0.005,103.3,102.5,0.17857142857142858,0.03571428571428571,0.0,0.0,0.0,0.0,0
2021,BYU,1,0,East,6,WCC,20,113.1,92.2,68.0,0.045,107.9,97.7,0.5,0.14285714285714285,0.03571428571428571,0.0,0.0,0.0,0
2021,UCLA,5,0,East,11,P12,17,113.5,97.6,64.7,0.024,108.6,96.8,0.5,0.25,0.10714285714285714,0.03571428571428571,0.0,0.0,0
2021,Texas,1,1,East,3,B12,19,113.9,93.3,69.2,0.017,109.0,95.0,0.8214285714285714,0.6071428571428571,0.2857142857142857,0.10714285714285714,0.07142857142857142,0.0,0
2021,Abilene Christian,2,1,East,14,Slnd,23,103.1,93.0,69.9,-0.027,97.7,105.8,0.17857142857142858,0.0,0.0,0.0,0.0,0.0,0
2021,Connecticut,1,0,East,7,BE,15,113.6,91.7,66.0,-0.066,107.9,95.3,0.6428571428571429,0.2857142857142857,0.10714285714285714,0.10714285714285714,0.03571428571428571,0.03571428571428571,0
2021,Maryland,2,0,East,10,B10,16,111.0,92.3,65.3,-0.035,110.2,93.1,0.35714285714285715,0.07142857142857142,0.03571428571428571,0.03571428571428571,0.0,0.0,0
2021,Alabama,3,1,East,2,SEC,24,111.8,86.7,73.9,0.031,109.8,95.5,0.9285714285714286,0.6071428571428571,0.42857142857142855,0.14285714285714285,0.03571428571428571,0.03571428571428571,0
2021,Iona,1,1,East,15,MAAC,12,100.4,101.5,68.3,0.038,97.4,104.5,0.07142857142857142,0.03571428571428571,0.0,0.0,0.0,0.0,0
2021,Gonzaga,6,1,West,1,WCC,26,126.0,89.5,74.8,0.018,105.8,98.1,0.9642857142857143,0.7857142857142857,0.6428571428571429,0.39285714285714285,0.2857142857142857,0.17857142857142858,0
2021,Norfolk State,1,1,West,16,MEAC,16,100.7,104.4,67.7,0.031,97.0,105.3,0.03571428571428571,0.0,0.0,0.0,0.0,0.0,0
2021,Oklahoma,2,0,West,8,B12,15,111.5,94.8,67.7,-0.038,108.2,95.8,0.5,0.10714285714285714,0.03571428571428571,0.03571428571428571,0.03571428571428571,0.0,0
2021,Missouri,1,0,West,9,SEC,16,110.3,95.1,68.7,0.088,109.9,94.8,0.5,0.10714285714285714,0.10714285714285714,0.03571428571428571,0.0,0.0,0
2021,Creighton,3,0,West,5,BE,20,114.9,93.6,69.1,0.001,107.9,95.4,0.5714285714285714,0.2857142857142857,0.03571428571428571,0.03571428571428571,0.0,0.0,0
2021,UC Santa Barbara,1,1,West,12,BW,22,109.3,97.1,66.1,0.054,101.4,102.0,0.42857142857142855,0.07142857142857142,0.0,0.0,0.0,0.0,0
2021,Virginia,1,0,West,4,ACC,18,115.7,93.1,60.1,0.046,109.6,97.6,0.8214285714285714,0.6071428571428571,0.17857142857142858,0.07142857142857142,0.03571428571428571,0.0,0
2021,Ohio,2,1,West,13,MAC,16,112.9,102.1,69.3,0.027,105.2,101.3,0.17857142857142858,0.03571428571428571,0.0,0.0,0.0,0.0,0
2021,USC,4,0,West,6,P12,22,112.9,90.7,67.3,-0.006,108.1,97.0,0.5,0.14285714285714285,0.03571428571428571,0.0,0.0,0.0,0
2021,Drake,1,0,West,11,MVC,25,114.0,99.4,66.8,0.095,102.9,100.8,0.5,0.25,0.10714285714285714,0.03571428571428571,0.0,0.0,0
2021,Kansas,2,0,West,3,B12,20,109.7,88.6,68.3,0.042,110.1,95.4,0.8214285714285714,0.6071428571428571,0.2857142857142857,0.10714285714285714,0.07142857142857142,0.0,0
2021,Eastern Washington,1,1,West,14,BSky,16,107.7,101.1,72.3,-0.081,100.6,103.9,0.17857142857142858,0.0,0.0,0.0,0.0,0.0,0
2021,Oregon,3,0,West,7,P12,20,114.5,96.8,67.2,0.048,107.7,97.7,0.6428571428571429,0.2857142857142857,0.10714285714285714,0.10714285714285714,0.03571428571428571,0.03571428571428571,0
2021,VCU,1,0,West,10,A10,19,105.6,89.6,69.8,0.035,106.7,97.6,0.35714285714285715,0.07142857142857142,0.03571428571428571,0.03571428571428571,0.0,0.0,0
2021,Iowa,2,0,West,2,B10,21,123.5,94.7,70.0,-0.028,110.4,93.5,0.9285714285714286,0.6071428571428571,0.42857142857142855,0.14285714285714285,0.03571428571428571,0.03571428571428571,0
2021,Grand Canyon,1,1,West,15,WAC,17,103.7,96.7,65.4,-0.061,100.3,104.3,0.07142857142857142,0.03571428571428571,0.0,0.0,0.0,0.0,0
2021,Illinois,2,1,Midwest,1,B10,23,119.0,88.4,70.7,0.03,112.6,93.8,0.9642857142857143,0.7857142857142857,0.6428571428571429,0.39285714285714285,0.2857142857142857,0.17857142857142858,0
2021,Drexel,1,1,Midwest,16,CAA,12,107.2,105.6,64.2,-0.043,100.5,103.8,0.03571428571428571,0.0,0.0,0.0,0.0,0.0,0
2021,Loyola Chicago,3,1,Midwest,8,MVC,24,110.5,86.7,64.2,-0.02,104.3,100.2,0.5,0.10714285714285714,0.03571428571428571,0.03571428571428571,0.03571428571428571,0.0,0
2021,Georgia Tech,1,1,Midwest,9,ACC,17,113.4,94.8,67.8,-0.005,108.8,96.5,0.5,0.10714285714285714,0.10714285714285714,0.03571428571428571,0.0,0.0,0
2021,Tennessee,1,0,Midwest,5,SEC,18,108.9,87.8,67.3,-0.007,108.4,95.9,0.5714285714285714,0.2857142857142857,0.03571428571428571,0.03571428571428571,0.0,0.0,0
2021,Oregon State,4,1,Midwest,12,P12,17,109.4,99.2,65.4,0.075,108.6,97.5,0.42857142857142855,0.07142857142857142,0.0,0.0,0.0,0.0,0
2021,Oklahoma State,2,0,Midwest,4,B12,20,110.1,91.3,71.9,0.039,110.7,96.0,0.8214285714285714,0.6071428571428571,0.17857142857142858,0.07142857142857142,0.03571428571428571,0.0,0
2021,Liberty,1,1,Midwest,13,ASun,23,110.2,101.8,63.1,-0.013,98.6,105.2,0.17857142857142858,0.03571428571428571,0.0,0.0,0.0,0.0,0
2021,San Diego State,1,1,Midwest,6,MWC,23,110.8,89.6,66.1,0.018,105.7,99.5,0.5,0.14285714285714285,0.03571428571428571,0.0,0.0,0.0,0
2021,Syracuse,3,0,Midwest,11,ACC,16,113.9,97.7,69.2,0.017,108.6,96.9,0.5,0.25,0.10714285714285714,0.03571428571428571,0.0,0.0,0
2021,West Virginia,2,0,Midwest,3,B12,18,116.2,95.8,69.6,-0.04,109.4,94.4,0.8214285714285714,0.6071428571428571,0.2857142857142857,0.10714285714285714,0.07142857142857142,0.0,0
2021,Morehead State,1,1,Midwest,14,OVC,23,100.3,96.3,65.6,0.152,101.5,103.4,0.17857142857142858,0.0,0.0,0.0,0.0,0.0,0
2021,Clemson,1,0,Midwest,7,ACC,16,106.9,90.8,64.2,0.123,109.6,95.4,0.6428571428571429,0.2857142857142857,0.10714285714285714,0.10714285714285714,0.03571428571428571,0.03571428571428571,0
2021,Rutgers,2,0,Midwest,10,B10,15,108.7,90.6,67.8,0.032,112.5,94.3,0.35714285714285715,0.07142857142857142,0.03571428571428571,0.03571428571428571,0.0,0.0,0
2021,Houston,5,1,Midwest,2,Amer,24,119.0,90.1,64.9,-0.009,103.8,97.2,0.9285714285714286,0.6071428571428571,0.42857142857142855,0.14285714285714285,0.03571428571428571,0.03571428571428571,0
2021,Cleveland State,1,1,Midwest,15,Horz,19,100.8,99.6,66.3,0.19,105.0,106.2,0.07142857142857142,0.03571428571428571,0.0,0.0,0.0,0.0,0
2021,Baylor,7,0,South,1,B12,22,123.3,93.8,68.4,0.05,106.5,96.9,0.9642857142857143,0.7857142857142857,0.6428571428571429,0.39285714285714285,0.2857142857142857,0.17857142857142858,0
2021,Hartford,1,1,South,16,AE,15,97.6,100.3,66.7,0.078,98.2,104.5,0.03571428571428571,0.0,0.0,0.0,0.0,0.0,0
2021,North Carolina,1,0,South,8,ACC,18,110.2,90.1,71.8,-0.017,110.8,96.6,0.5,0.10714285714285714,0.03571428571428571,0.03571428571428571,0.03571428571428571,0.0,0
2021,Wisconsin,2,0,South,9,B10,17,112.6,89.9,64.9,-0.049,111.8,93.7,0.5,0.10714285714285714,0.10714285714285714,0.03571428571428571,0.0,0.0,0
2021,Villanova,3,0,South,5,BE,16,118.7,96.0,65.1,-0.006,108.9,95.9,0.5714285714285714,0.2857142857142857,0.03571428571428571,0.03571428571428571,0.0,0.0,0
2021,Winthrop,1,1,South,12,BSth,23,105.2,96.2,73.6,0.032,98.9,105.3,0.42857142857142855,0.07142857142857142,0.0,0.0,0.0,0.0,0
2021,Purdue,1,0,South,4,B10,18,113.7,91.4,66.5,0.019,111.5,94.3,0.8214285714285714,0.6071428571428571,0.17857142857142858,0.07142857142857142,0.03571428571428571,0.0,0
2021,North Texas,2,1,South,13,CUSA,17,105.4,93.7,63.1,-0.042,103.5,99.2,0.17857142857142858,0.03571428571428571,0.0,0.0,0.0,0.0,0
2021,Texas Tech,2,0,South,6,B12,17,112.4,91.5,65.4,-0.091,108.0,96.7,0.5,0.14285714285714285,0.03571428571428571,0.0,0.0,0.0,0
2021,Utah State,1,0,South,11,MWC,20,105.8,89.3,68.9,-0.032,104.9,99.8,0.5,0.25,0.10714285714285714,0.03571428571428571,0.0,0.0,0
2021,Arkansas,4,0,South,3,SEC,22,111.6,90.0,73.1,0.056,108.2,97.0,0.8214285714285714,0.6071428571428571,0.2857142857142857,0.10714285714285714,0.07142857142857142,0.0,0
2021,Colgate,1,1,South,14,Pat,14,111.0,100.7,72.4,0.05,99.2,105.8,0.17857142857142858,0.0,0.0,0.0,0.0,0.0,0
2021,Florida,2,0,South,7,SEC,14,111.1,93.4,68.6,0.003,109.8,95.1,0.6428571428571429,0.2857142857142857,0.10714285714285714,0.10714285714285714,0.03571428571428571,0.03571428571428571,0
2021,Virginia Tech,1,0,South,10,ACC,15,110.1,94.9,66.1,0.066,107.6,98.3,0.35714285714285715,0.07142857142857142,0.03571428571428571,0.03571428571428571,0.0,0.0,0
2021,Ohio State,1,0,South,2,B10,21,122.3,96.9,67.1,0.003,111.7,93.0,0.9285714285714286,0.6071428571428571,0.42857142857142855,0.14285714285714285,0.03571428571428571,0.03571428571428571,0
2021,Oral Roberts,3,1,South,15,Sum,16,108.7,107.5,71.8,0.013,102.9,102.9,0.07142857142857142,0.03571428571428571,0.0,0.0,0.0,0.0,0
2022,Baylor,2,0,East,1,B12,26,117.9,91.6,67.2,0.019,107.4,96.7,0.96875,0.78125,0.65625,0.40625,0.3125,0.1875,0
2022,Norfolk State,1,1,East,16,MEAC,24,102.4,102.3,66.9,0.095,95.3,105.9,0.03125,0.0,0.0,0.0,0.0,0.0,0
2022,North Carolina,6,0,East,8,ACC,24,113.1,97.0,70.1,0.079,107.8,100.6,0.53125,0.125,0.03125,0.03125,0.03125,0.0,0
2022,Marquette,1,0,East,9,BE,19,109.8,95.8,70.7,-0.0,107.4,98.2,0.46875,0.09375,0.09375,0.03125,0.0,0.0,0
2022,Saint Mary's,2,0,East,5,WCC,25,109.8,90.0,63.5,0.037,107.2,100.3,0.59375,0.3125,0.03125,0.03125,0.0,0.0,0
2022,Indiana,1,0,East,12,B10,20,107.6,92.6,67.0,-0.044,108.5,100.2,0.40625,0.09375,0.03125,0.0,0.0,0.0,0
2022,UCLA,3,0,East,4,P12,25,116.1,91.2,65.5,-0.028,107.5,99.0,0.78125,0.5625,0.15625,0.0625,0.03125,0.0,0
2022,Akron,1,1,East,13,MAC,24,106.2,102.7,62.1,0.026,100.8,106.0,0.21875,0.03125,0.0,0.0,0.0,0.0,0
2022,Texas,2,0,East,6,B12,21,111.8,91.4,63.1,-0.044,107.1,97.6,0.5,0.15625,0.0625,0.0,0.0,0.0,0
2022,Virginia Tech,1,1,East,11,ACC,23,114.3,96.4,62.9,-0.054,107.0,100.5,0.5,0.28125,0.125,0.0625,0.0,0.0,0
2022,Purdue,3,0,East,3,B10,27,121.3,99.0,65.8,0.035,108.8,99.8,0.8125,0.5625,0.28125,0.09375,0.0625,0.0,0
2022,Yale,1,1,East,14,Ivy,19,101.5,99.2,68.7,0.061,102.9,105.0,0.1875,0.0,0.0,0.0,0.0,0.0,0
2022,Murray State,2,1,East,7,OVC,30,111.5,95.1,65.8,0.075,101.2,104.9,0.625,0.28125,0.09375,0.09375,0.03125,0.03125,0
2022,San Francisco,1,0,East,10,WCC,24,110.8,92.4,68.7,-0.029,105.8,100.2,0.375,0.0625,0.03125,0.03125,0.0,0.0,0
2022,Kentucky,1,0,East,2,SEC,26,120.2,93.6,67.3,-0.032,106.9,97.9,0.90625,0.59375,0.40625,0.15625,0.03125,0.03125,0
2022,Saint Peter's,4,1,East,15,MAAC,19,98.8,94.5,66.0,-0.016,101.3,104.1,0.09375,0.0625,0.0,0.0,0.0,0.0,0
2022,Gonzaga,3,1,West,1,WCC,26,121.8,88.8,72.5,-0.038,104.5,100.8,0.96875,0.78125,0.65625,0.40625,0.3125,0.1875,0
2022,Georgia State,1,1,West,16,SB,18,101.5,99.7,67.1,0.062,101.1,102.4,0.03125,0.0,0.0,0.0,0.0,0.0,0
2022,Boise State,1,1,West,8,MWC,27,108.5,92.1,64.6,0.027,105.2,99.2,0.53125,0.125,0.03125,0.03125,0.03125,0.0,0
2022,Memphis,2,0,West,9,Amer,21,110.4,94.1,70.3,-0.018,106.4,99.6,0.46875,0.09375,0.09375,0.03125,0.0,0.0,0
2022,Connecticut,1,0,West,5,BE,23,113.9,94.6,64.9,-0.03,106.0,98.4,0.59375,0.3125,0.03125,0.03125,0.0,0.0,0
2022,New Mexico State,2,1,West,12,WAC,26,107.8,97.7,66.2,0.099,102.3,101.6,0.40625,0.09375,0.03125,0.0,0.0,0.0,0
2022,Arkansas,4,0,West,4,SEC,25,111.1,92.1,70.6,0.027,106.8,98.9,0.78125,0.5625,0.15625,0.0625,0.03125,0.0,0
2022,Vermont,1,1,West,13,AE,28,110.8,97.7,65.0,-0.015,99.1,106.6,0.21875,0.03125,0.0,0.0,0.0,0.0,0
2022,Alabama,1,0,West,6,SEC,19,116.1,98.7,71.7,-0.022,109.7,96.9,0.5,0.15625,0.0625,0.0,0.0,0.0,0
2022,Notre Dame,2,0,West,11,ACC,22,112.0,98.4,65.7,0.016,106.6,100.4,0.5,0.28125,0.125,0.0625,0.0,0.0,0
2022,Texas Tech,3,0,West,3,B12,25,109.7,85.1,66.5,-0.025,107.5,97.2,0.8125,0.5625,0.28125,0.09375,0.0625,0.0,0
2022,Montana State,1,1,West,14,BSky,27,104.5,100.7,67.3,0.031,101.9,108.1,0.1875,0.0,0.0,0.0,0.0,0.0,0
2022,Michigan State,2,0,West,7,B10,22,111.3,96.4,67.5,0.05,109.4,98.7,0.625,0.28125,0.09375,0.09375,0.03125,0.03125,0
2022,Davidson,1,0,West,10,A10,27,116.8,102.0,64.6,-0.004,102.6,101.2,0.375,0.0625,0.03125,0.03125,0.0,0.0,0
2022,Duke,5,0,West,2,ACC,28,119.4,95.7,67.4,-0.011,107.4,101.2,0.90625,0.59375,0.40625,0.15625,0.03125,0.03125,0
2022,Cal State Fullerton,1,1,West,15,BW,21,104.7,102.6,66.0,0.038,100.5,103.5,0.09375,0.0625,0.0,0.0,0.0,0.0,0
2022,Kansas,7,1,Midwest,1,B12,28,119.4,93.9,69.1,0.035,107.6,95.6,0.96875,0.78125,0.65625,0.40625,0.3125,0.1875,0
2022,Texas Southern,1,1,Midwest,16,SWAC,18,98.1,99.4,67.7,0.006,98.5,105.3,0.03125,0.0,0.0,0.0,0.0,0.0,0
2022,San Diego State,1,0,Midwest,8,MWC,23,104.1,85.9,65.3,0.013,106.2,99.5,0.53125,0.125,0.03125,0.03125,0.03125,0.0,0
2022,Creighton,2,0,Midwest,9,BE,22,105.6,92.1,66.9,0.09,107.7,99.0,0.46875,0.09375,0.09375,0.03125,0.0,0.0,0
2022,Iowa,1,1,Midwest,5,B10,26,121.5,98.0,69.6,-0.05,107.6,100.0,0.59375,0.3125,0.03125,0.03125,0.0,0.0,0
2022,Richmond,2,1,Midwest,12,A10,23,109.1,99.3,66.9,0.029,105.0,100.6,0.40625,0.09375,0.03125,0.0,0.0,0.0,0
2022,Providence,3,0,Midwest,4,BE,25,111.9,98.0,65.2,0.194,106.1,99.1,0.78125,0.5625,0.15625,0.0625,0.03125,0.0,0
2022,South Dakota State,1,1,Midwest,13,Sum,30,116.8,105.3,69.4,0.061,103.3,107.2,0.21875,0.03125,0.0,0.0,0.0,0.0,0
2022,LSU,1,0,Midwest,6,SEC,22,107.6,88.6,68.6,-0.041,107.7,98.6,0.5,0.15625,0.0625,0.0,0.0,0.0,0
2022,Iowa State,3,0,Midwest,11,B12,20,104.4,90.4,66.1,0.038,107.7,97.5,0.5,0.28125,0.125,0.0625,0.0,0.0,0
2022,Wisconsin,2,0,Midwest,3,B10,24,110.4,94.8,66.5,0.119,109.0,98.9,0.8125,0.5625,0.28125,0.09375,0.0625,0.0,0
2022,Colgate,1,1,Midwest,14,Pat,23,108.3,104.1,67.3,-0.07,99.2,107.2,0.1875,0.0,0.0,0.0,0.0,0.0,0
2022,USC,1,0,Midwest,7,P12,26,110.5,96.0,66.0,0.077,104.9,99.7,0.625,0.28125,0.09375,0.09375,0.03125,0.03125,0
2022,Miami FL,4,0,Midwest,10,ACC,23,114.8,102.1,67.3,0.069,106.8,100.2,0.375,0.0625,0.03125,0.03125,0.0,0.0,0
2022,Auburn,2,0,Midwest,2,SEC,27,113.6,89.1,70.0,-0.039,107.2,98.5,0.90625,0.59375,0.40625,0.15625,0.03125,0.03125,0
2022,Jacksonville State,1,0,Midwest,15,ASun,21,105.3,103.1,65.1,-0.021,100.6,105.8,0.09375,0.0625,0.0,0.0,0.0,0.0,0
2022,Arizona,3,1,South,1,P12,31,119.6,92.4,72.2,0.046,106.0,99.7,0.96875,0.78125,0.65625,0.40625,0.3125,0.1875,0
2022,Wright State,1,1,South,16,Horz,21,106.4,107.2,68.4,-0.001,100.0,107.4,0.03125,0.0,0.0,0.0,0.0,0.0,0
2022,Seton Hall,1,0,South,8,BE,21,108.5,93.5,67.3,0.011,107.7,98.9,0.53125,0.125,0.03125,0.03125,0.03125,0.0,0
2022,TCU,2,0,South,9,B12,20,108.2,93.3,65.9,0.034,107.7,96.9,0.46875,0.09375,0.09375,0.03125,0.0,0.0,0
2022,Houston,4,1,South,5,Amer,29,117.3,90.9,63.8,-0.007,104.6,100.3,0.59375,0.3125,0.03125,0.03125,0.0,0.0,0
2022,UAB,1,1,South,12,CUSA,27,112.5,98.5,68.8,-0.04,101.9,103.1,0.40625,0.09375,0.03125,0.0,0.0,0.0,0
2022,Illinois,2,0,South,4,B10,22,113.7,94.1,67.1,0.025,109.1,98.9,0.78125,0.5625,0.15625,0.0625,0.03125,0.0,0
2022,Chattanooga,1,1,South,13,SC,27,110.0,98.8,64.6,0.024,105.1,104.9,0.21875,0.03125,0.0,0.0,0.0,0.0,0
2022,Colorado State,1,0,South,6,MWC,25,114.2,98.3,65.1,0.13,105.3,99.6,0.5,0.15625,0.0625,0.0,0.0,0.0,0
2022,Michigan,3,0,South,11,B10,17,114.2,98.6,66.3,-0.026,110.0,98.2,0.5,0.28125,0.125,0.0625,0.0,0.0,0
2022,Tennessee,2,1,South,3,SEC,26,111.4,86.2,67.2,0.044,108.7,97.0,0.8125,0.5625,0.28125,0.09375,0.0625,0.0,0
2022,Longwood,1,1,South,14,BSth,26,106.1,103.6,66.0,0.095,98.4,106.7,0.1875,0.0,0.0,0.0,0.0,0.0,0
2022,Ohio State,2,0,South,7,B10,19,116.6,100.8,65.0,-0.015,108.4,98.9,0.625,0.28125,0.09375,0.09375,0.03125,0.03125,0
2022,Loyola Chicago,1,1,South,10,MVC,25,110.9,93.2,64.6,0.016,104.6,101.3,0.375,0.0625,0.03125,0.03125,0.0,0.0,0
2022,Villanova,5,1,South,2,BE,26,118.0,93.8,62.6,0.051,108.6,97.8,0.90625,0.59375,0.40625,0.15625,0.03125,0.03125,0
2022,Delaware,1,1,South,15,CAA,22,106.8,104.6,66.6,0.023,101.8,104.4,0.09375,0.0625,0.0,0.0,0.0,0.0,0
2023,Purdue,1,1,East,1,B10,29,119.4,94.8,64.4,0.032,110.4,100.6,0.9722222222222222,0.7777777777777778,0.6111111111111112,0.3888888888888889,0.3055555555555556,0.19444444444444445,0
2023,Fairleigh Dickinson,2,0,East,16,NEC,19,106.2,118.4,68.8,0.017,96.3,110.3,0.027777777777777776,0.0,0.0,0.0,0.0,0.0,0
2023,Memphis,1,1,East,8,Amer,26,114.7,96.0,71.8,-0.037,108.5,101.3,0.5,0.1388888888888889,0.05555555555555555,0.05555555555555555,0.05555555555555555,0.0,0
2023,Florida Atlantic,5,1,East,9,CUSA,31,114.3,96.0,68.4,0.053,105.6,105.1,0.5,0.08333333333333333,0.08333333333333333,0.027777777777777776,0.0,0.0,0
2023,Duke,2,1,East,5,ACC,26,113.2,94.8,65.3,0.059,109.8,103.0,0.5833333333333334,0.3055555555555556,0.05555555555555555,0.027777777777777776,0.0,0.0,0
2023,Oral Roberts,1,1,East,12,Sum,30,115.3,102.0,70.5,0.103,104.2,108.1,0.4166666666666667,0.08333333333333333,0.027777777777777776,0.0,0.0,0.0,0
2023,Tennessee,3,0,East,4,SEC,23,112.7,88.0,65.5,-0.071,109.5,100.7,0.8055555555555556,0.5833333333333334,0.16666666666666666,0.05555555555555555,0.027777777777777776,0.0,0
2023,Louisiana,1,1,East,13,SB,26,112.2,104.0,68.4,0.077,104.2,104.5,0.19444444444444445,0.027777777777777776,0.0,0.0,0.0,0.0,0
2023,Kentucky,2,0,East,6,SEC,21,117.4,99.6,66.0,-0.014,109.4,100.7,0.4722222222222222,0.1388888888888889,0.05555555555555555,0.0,0.0,0.0,0
2023,Providence,1,0,East,11,BE,21,116.8,102.1,66.9,-0.01,108.3,101.7,0.5277777777777778,0.3055555555555556,0.1111111111111111,0.05555555555555555,0.0,0.0,0
2023,Kansas State,4,0,East,3,B12,23,112.5,94.2,70.2,0.036,109.3,98.9,0.8333333333333334,0.5555555555555556,0.25,0.08333333333333333,0.05555555555555555,0.0,0
2023,Montana State,1,1,East,14,BSky,25,105.4,99.6,66.5,0.082,106.3,107.4,0.16666666666666666,0.0,0.0,0.0,0.0,0.0,0
2023,Michigan State,3,0,East,7,B10,19,113.4,96.7,64.9,0.015,112.3,100.0,0.6388888888888888,0.25,0.08333333333333333,0.08333333333333333,0.027777777777777776,0.027777777777777776,0
2023,USC,1,0,East,10,P12,22,113.1,97.5,68.1,0.018,107.4,99.5,0.3611111111111111,0.08333333333333333,0.05555555555555555,0.027777777777777776,0.0,0.0,0
2023,Marquette,2,1,East,2,BE,28,119.3,97.5,68.4,0.014,109.5,100.9,0.8888888888888888,0.5833333333333334,0.4166666666666667,0.19444444444444445,0.027777777777777776,0.027777777777777776,0
2023,Vermont,1,1,East,15,AE,23,109.8,104.4,64.6,0.051,103.4,107.0,0.1111111111111111,0.08333333333333333,0.027777777777777776,0.0,0.0,0.0,0
2023,Kansas,2,0,Midwest,1,B12,27,114.6,91.5,69.3,0.106,111.7,97.5,0.9722222222222222,0.7777777777777778,0.6111111111111112,0.3888888888888889,0.3055555555555556,0.19444444444444445,0
2023,Howard,1,1,Midwest,16,MEAC,22,103.7,106.9,69.0,0.096,101.4,107.5,0.027777777777777776,0.0,0.0,0.0,0.0,0.0,0
2023,Arkansas,3,0,Midwest,8,SEC,20,112.6,94.0,69.7,-0.072,109.9,100.0,0.5,0.1388888888888889,0.05555555555555555,0.05555555555555555,0.05555555555555555,0.0,0
2023,Illinois,1,0,Midwest,9,B10,20,112.2,95.7,69.4,-0.045,109.1,100.6,0.5,0.08333333333333333,0.08333333333333333,0.027777777777777776,0.0,0.0,0
2023,Saint Mary's,2,0,Midwest,5,WCC,26,113.5,91.6,61.7,0.004,110.2,103.8,0.5833333333333334,0.3055555555555556,0.05555555555555555,0.027777777777777776,0.0,0.0,0
2023,VCU,1,1,Midwest,12,A10,27,107.2,94.0,68.0,0.017,105.1,104.7,0.4166666666666667,0.08333333333333333,0.027777777777777776,0.0,0.0,0.0,0
2023,Connecticut,7,0,Midwest,4,BE,25,119.4,94.1,66.7,-0.061,109.1,100.6,0.8055555555555556,0.5833333333333334,0.16666666666666666,0.05555555555555555,0.027777777777777776,0.0,0
2023,Iona,1,1,Midwest,13,MAAC,27,110.9,99.1,68.9,-0.006,102.6,106.4,0.19444444444444445,0.027777777777777776,0.0,0.0,0.0,0.0,0
2023,TCU,2,0,Midwest,6,B12,21,112.4,94.3,69.8,-0.034,109.8,99.1,0.4722222222222222,0.1388888888888889,0.05555555555555555,0.0,0.0,0.0,0
2023,Arizona State,1,0,Midwest,11,P12,22,107.6,95.2,68.4,0.069,108.9,100.3,0.5277777777777778,0.3055555555555556,0.1111111111111111,0.05555555555555555,0.0,0.0,0
2023,Gonzaga,4,1,Midwest,3,WCC,28,124.0,99.7,70.1,0.047,110.2,102.7,0.8333333333333334,0.5555555555555556,0.25,0.08333333333333333,0.05555555555555555,0.0,0
2023,Grand Canyon,1,1,Midwest,14,WAC,24,112.3,106.3,65.2,0.042,104.7,103.7,0.16666666666666666,0.0,0.0,0.0,0.0,0.0,0
2023,Northwestern,2,0,Midwest,7,B10,21,108.5,93.7,64.9,0.033,109.5,100.8,0.6388888888888888,0.25,0.08333333333333333,0.08333333333333333,0.027777777777777776,0.027777777777777776,0
2023,Boise State,1,0,Midwest,10,MWC,24,111.0,93.8,66.5,0.013,109.5,101.9,0.3611111111111111,0.08333333333333333,0.05555555555555555,0.027777777777777776,0.0,0.0,0
2023,UCLA,3,0,Midwest,2,P12,29,114.9,87.2,66.3,-0.001,109.7,100.7,0.8888888888888888,0.5833333333333334,0.4166666666666667,0.19444444444444445,0.027777777777777776,0.027777777777777776,0
2023,UNC Asheville,1,1,Midwest,15,BSth,27,104.1,102.6,68.5,0.152,102.8,108.1,0.1111111111111111,0.08333333333333333,0.027777777777777776,0.0,0.0,0.0,0
2023,Houston,3,0,South,1,Amer,31,118.4,89.6,63.3,0.025,107.3,103.1,0.9722222222222222,0.7777777777777778,0.6111111111111112,0.3888888888888889,0.3055555555555556,0.19444444444444445,0
2023,Northern Kentucky,1,1,South,16,Horz,22,103.3,102.8,62.0,0.053,104.4,108.3,0.027777777777777776,0.0,0.0,0.0,0.0,0.0,0
2023,Iowa,1,0,South,8,B10,19,120.5,104.9,69.5,-0.042,108.9,99.3,0.5,0.1388888888888889,0.05555555555555555,0.05555555555555555,0.05555555555555555,0.0,0
2023,Auburn,2,0,South,9,SEC,20,112.7,95.2,67.6,-0.029,109.5,99.7,0.5,0.08333333333333333,0.08333333333333333,0.027777777777777776,0.0,0.0,0
2023,Miami FL,5,0,South,5,ACC,25,118.2,103.3,68.9,0.017,108.0,103.2,0.5833333333333334,0.3055555555555556,0.05555555555555555,0.027777777777777776,0.0,0.0,0
2023,Drake,1,1,South,12,MVC,27,109.8,97.3,66.4,0.026,104.0,105.7,0.4166666666666667,0.08333333333333333,0.027777777777777776,0.0,0.0,0.0,0
2023,Indiana,2,0,South,4,B10,22,114.7,97.3,68.1,0.022,110.7,100.1,0.8055555555555556,0.5833333333333334,0.16666666666666666,0.05555555555555555,0.027777777777777776,0.0,0
2023,Kent State,1,1,South,13,MAC,28,108.3,96.4,68.1,0.019,106.3,107.7,0.19444444444444445,0.027777777777777776,0.0,0.0,0.0,0.0,0
2023,Iowa State,1,0,South,6,B12,19,109.9,91.6,64.3,-0.034,112.4,99.5,0.4722222222222222,0.1388888888888889,0.05555555555555555,0.0,0.0,0.0,0
2023,Pittsburgh,2,0,South,11,ACC,22,115.1,103.8,67.3,0.03,108.1,104.4,0.5277777777777778,0.3055555555555556,0.1111111111111111,0.05555555555555555,0.0,0.0,0
2023,Xavier,3,0,South,3,BE,25,119.3,99.6,70.4,-0.004,110.3,100.5,0.8333333333333334,0.5555555555555556,0.25,0.08333333333333333,0.05555555555555555,0.0,0
2023,Kennesaw State,1,1,South,14,ASun,26,106.3,102.7,68.5,0.147,105.1,106.7,0.16666666666666666,0.0,0.0,0.0,0.0,0.0,0
2023,Texas A&M,1,0,South,7,SEC,25,114.5,96.2,66.2,0.042,108.8,100.9,0.6388888888888888,0.25,0.08333333333333333,0.08333333333333333,0.027777777777777776,0.027777777777777776,0
2023,Penn State,2,0,South,10,B10,22,116.8,101.8,64.6,0.009,109.6,99.9,0.3611111111111111,0.08333333333333333,0.05555555555555555,0.027777777777777776,0.0,0.0,0
2023,Texas,4,1,South,2,B12,26,116.6,92.0,69.1,0.02,111.0,98.9,0.8888888888888888,0.5833333333333334,0.4166666666666667,0.19444444444444445,0.027777777777777776,0.027777777777777776,0
2023,Colgate,1,1,South,15,Pat,26,113.0,107.7,67.9,0.004,100.7,108.4,0.1111111111111111,0.08333333333333333,0.027777777777777776,0.0,0.0,0.0,0
2023,Alabama,3,1,West,1,SEC,29,116.1,88.6,72.7,0.074,110.9,99.2,0.9722222222222222,0.7777777777777778,0.6111111111111112,0.3888888888888889,0.3055555555555556,0.19444444444444445,0
2023,Texas A&M Corpus Christi,1,1,West,16,Slnd,23,107.4,107.6,69.3,0.019,101.2,110.2,0.027777777777777776,0.0,0.0,0.0,0.0,0.0,0
2023,Maryland,2,0,West,8,B10,21,114.1,95.8,64.6,-0.039,109.3,101.3,0.5,0.1388888888888889,0.05555555555555555,0.05555555555555555,0.05555555555555555,0.0,0
2023,West Virginia,1,0,West,9,B12,19,117.1,98.0,68.9,-0.054,111.0,98.2,0.5,0.08333333333333333,0.08333333333333333,0.027777777777777776,0.0,0.0,0
2023,San Diego State,6,1,West,5,MWC,27,111.9,91.7,66.0,0.047,110.4,101.4,0.5833333333333334,0.3055555555555556,0.05555555555555555,0.027777777777777776,0.0,0.0,0
2023,Charleston,1,1,West,12,CAA,31,111.4,99.6,71.0,0.052,102.3,108.0,0.4166666666666667,0.08333333333333333,0.027777777777777776,0.0,0.0,0.0,0
2023,Virginia,1,0,West,4,ACC,25,111.2,94.8,61.6,0.045,108.5,102.9,0.8055555555555556,0.5833333333333334,0.16666666666666666,0.05555555555555555,0.027777777777777776,0.0,0
2023,Furman,2,1,West,13,SC,27,114.2,105.8,68.5,0.0,104.0,108.4,0.19444444444444445,0.027777777777777776,0.0,0.0,0.0,0.0,0
2023,Creighton,4,0,West,6,BE,21,114.6,94.0,68.0,-0.074,110.9,100.5,0.4722222222222222,0.1388888888888889,0.05555555555555555,0.0,0.0,0.0,0
2023,North Carolina State,1,0,West,11,ACC,23,113.9,100.6,69.1,0.03,108.6,103.8,0.5277777777777778,0.3055555555555556,0.1111111111111111,0.05555555555555555,0.0,0.0,0
2023,Baylor,2,0,West,3,B12,22,121.9,101.9,66.6,0.032,110.8,97.9,0.8333333333333334,0.5555555555555556,0.25,0.08333333333333333,0.05555555555555555,0.0,0
2023,UC Santa Barbara,1,1,West,14,BW,27,111.3,104.7,65.0,0.057,102.8,105.2,0.16666666666666666,0.0,0.0,0.0,0.0,0.0,0
2023,Missouri,2,0,West,7,SEC,24,119.3,105.4,69.1,0.11,108.1,100.4,0.6388888888888888,0.25,0.08333333333333333,0.08333333333333333,0.027777777777777776,0.027777777777777776,0
2023,Utah State,1,0,West,10,MWC,26,117.8,98.9,68.8,0.008,108.8,101.1,0.3611111111111111,0.08333333333333333,0.05555555555555555,0.027777777777777776,0.0,0.0,0
2023,Arizona,1,1,West,2,P12,28,120.0,97.1,72.3,0.041,107.9,99.1,0.8888888888888888,0.5833333333333334,0.4166666666666667,0.19444444444444445,0.027777777777777776,0.027777777777777776,0
2023,Princeton,3,1,West,15,Ivy,21,109.1,103.5,67.5,0.024,103.4,105.9,0.1111111111111111,0.08333333333333333,0.027777777777777776,0.0,0.0,0.0,0
2024,Connecticut,7,1,West,1,BE,31,126.6,94.4,64.5,0.047,111.6,101.2,0.95,0.75,0.55,0.35,0.275,0.175,0
2024,Stetson,1,1,West,16,ASun,22,110.3,114.4,66.2,0.137,105.3,108.6,0.05,0.0,0.0,0.0,0.0,0.0,0
2024,Florida Atlantic,1,0,West,8,Amer,25,119.0,102.7,68.1,-0.012,109.4,104.1,0.5,0.15,0.05,0.05,0.05,0.0,0
2024,Northwestern,2,0,West,9,B10,21,116.7,100.8,63.7,0.008,111.8,102.0,0.5,0.1,0.1,0.05,0.0,0.0,0
2024,San Diego State,3,0,West,5,MWC,24,113.5,93.8,66.0,-0.032,112.7,101.7,0.625,0.325,0.1,0.075,0.025,0.0,0
2024,UAB,1,1,West,12,Amer,23,113.7,107.4,67.8,0.116,108.8,104.4,0.375,0.075,0.025,0.0,0.0,0.0,0
2024,Auburn,1,1,West,4,SEC,27,120.6,91.7,69.8,-0.067,111.9,102.3,0.8,0.575,0.175,0.075,0.05,0.025,0
2024,Yale,2,1,West,13,Ivy,22,110.8,101.4,64.5,0.001,108.3,106.2,0.2,0.025,0.0,0.0,0.0,0.0,0
2024,BYU,1,0,West,6,B12,23,120.5,99.5,69.1,-0.034,110.5,100.8,0.5,0.15,0.075,0.0,0.0,0.0,0
2024,Duquesne,2,1,West,11,A10,24,106.9,97.5,66.3,0.049,109.1,104.2,0.5,0.275,0.1,0.05,0.0,0.0,0
2024,Illinois,4,1,West,3,B10,26,125.6,101.6,69.9,-0.032,111.6,100.5,0.85,0.575,0.275,0.075,0.05,0.0,0
2024,Morehead State,1,1,West,14,OVC,26,109.0,103.5,64.2,0.044,103.1,108.9,0.15,0.0,0.0,0.0,0.0,0.0,0
2024,Washington State,2,0,West,7,P12,24,113.4,97.2,64.8,0.021,109.9,103.0,0.65,0.25,0.075,0.075,0.025,0.025,0
2024,Drake,1,1,West,10,MVC,28,115.6,100.9,67.8,0.065,107.8,105.2,0.35,0.075,0.05,0.025,0.0,0.0,0
2024,Iowa State,3,1,West,2,B12,27,113.9,87.1,67.3,0.012,111.0,100.6,0.875,0.575,0.4,0.175,0.025,0.025,0
2024,South Dakota State,1,1,West,15,Sum,22,108.7,105.7,67.9,-0.018,105.6,108.0,0.125,0.1,0.025,0.0,0.0,0.0,0
2024,North Carolina,3,0,East,1,ACC,27,117.8,93.2,70.4,-0.024,112.4,101.2,0.95,0.75,0.55,0.35,0.275,0.175,0
2024,Wagner,1,1,East,16,NEC,16,95.8,105.9,61.3,0.022,100.2,108.4,0.05,0.0,0.0,0.0,0.0,0.0,0
2024,Mississippi State,1,0,East,8,SEC,21,113.7,95.7,67.1,-0.044,112.6,101.4,0.5,0.15,0.05,0.05,0.05,0.0,0
2024,Michigan State,2,0,East,9,B10,19,113.8,93.7,65.2,-0.104,114.1,101.8,0.5,0.1,0.1,0.05,0.0,0.0,0
2024,Saint Mary's,1,1,East,5,WCC,26,114.9,95.0,61.9,0.02,108.3,105.2,0.625,0.325,0.1,0.075,0.025,0.0,0
2024,Grand Canyon,2,1,East,12,WAC,29,113.5,99.6,68.1,0.022,104.1,105.6,0.375,0.075,0.025,0.0,0.0,0.0,0
2024,Alabama,5,0,East,4,SEC,21,125.6,103.1,72.6,-0.028,114.5,100.8,0.8,0.575,0.175,0.075,0.05,0.025,0
2024,Charleston,1,1,East,13,CAA,27,113.7,106.1,69.8,0.05,105.4,107.6,0.2,0.025,0.0,0.0,0.0,0.0,0
2024,Clemson,4,0,East,6,ACC,21,117.4,100.5,66.1,-0.022,112.2,102.1,0.5,0.15,0.075,0.0,0.0,0.0,0
2024,New Mexico,1,1,East,11,MWC,26,115.4,96.5,72.7,-0.021,110.2,103.3,0.5,0.275,0.1,0.05,0.0,0.0,0
2024,Baylor,2,0,East,3,B12,23,122.5,100.2,65.6,-0.004,112.8,98.7,0.85,0.575,0.275,0.075,0.05,0.0,0
2024,Colgate,1,1,East,14,Pat,25,104.7,102.5,66.2,0.057,101.9,108.9,0.15,0.0,0.0,0.0,0.0,0.0,0
2024,Dayton,2,0,East,7,A10,24,118.6,101.3,64.2,0.003,108.7,102.7,0.65,0.25,0.075,0.075,0.025,0.025,0
2024,Nevada,1,0,East,10,MWC,26,115.5,98.7,66.6,0.059,109.7,104.1,0.35,0.075,0.05,0.025,0.0,0.0,0
2024,Arizona,3,0,East,2,P12,25,121.1,94.5,71.8,-0.043,111.9,101.1,0.875,0.575,0.4,0.175,0.025,0.025,0
2024,Long Beach State,1,1,East,15,BW,21,107.9,107.9,71.2,0.047,104.9,105.5,0.125,0.1,0.025,0.0,0.0,0.0,0
2024,Purdue,6,0,Midwest,1,B10,29,125.0,95.9,67.4,0.045,114.0,100.3,0.95,0.75,0.55,0.35,0.275,0.175,0
2024,Grambling,1,1,Midwest,16,SWAC,20,99.3,107.1,64.8,0.131,101.0,106.6,0.05,0.0,0.0,0.0,0.0,0.0,0
2024,Utah State,2,0,Midwest,8,MWC,27,115.6,100.5,68.5,0.1,109.4,103.3,0.5,0.15,0.05,0.05,0.05,0.0,0
2024,TCU,1,0,Midwest,9,B12,21,115.1,97.8,69.7,-0.049,110.6,100.8,0.5,0.1,0.1,0.05,0.0,0.0,0
2024,Gonzaga,3,0,Midwest,5,WCC,25,121.0,99.4,69.1,-0.052,108.4,105.0,0.625,0.325,0.1,0.075,0.025,0.0,0
2024,McNeese State,1,1,Midwest,12,Slnd,30,114.0,101.2,65.6,0.016,102.3,109.0,0.375,0.075,0.025,0.0,0.0,0.0,0
2024,Kansas,2,0,Midwest,4,B12,22,113.4,94.2,68.9,0.048,112.9,99.1,0.8,0.575,0.175,0.075,0.05,0.025,0
2024,Samford,1,1,Midwest,13,SC,29,113.1,103.3,72.5,0.129,104.3,107.0,0.2,0.025,0.0,0.0,0.0,0.0,0
2024,South Carolina,1,0,Midwest,6,SEC,26,114.7,99.7,62.9,0.152,110.4,102.8,0.5,0.15,0.075,0.0,0.0,0.0,0
2024,Oregon,2,1,Midwest,11,P12,23,114.0,100.6,67.2,0.049,110.9,101.8,0.5,0.275,0.1,0.05,0.0,0.0,0
2024,Creighton,3,0,Midwest,3,BE,23,120.1,96.7,67.0,-0.013,112.1,101.0,0.85,0.575,0.275,0.075,0.05,0.0,0
2024,Akron,1,1,Midwest,14,MAC,24,107.0,102.1,65.9,-0.002,105.4,107.3,0.15,0.0,0.0,0.0,0.0,0.0,0
2024,Texas,2,0,Midwest,7,B12,20,118.5,100.1,67.2,-0.034,111.2,100.7,0.65,0.25,0.075,0.075,0.025,0.025,0
2024,Colorado State,1,0,Midwest,10,MWC,24,115.4,98.8,65.8,-0.025,112.1,103.0,0.35,0.075,0.05,0.025,0.0,0.0,0
2024,Tennessee,4,0,Midwest,2,SEC,24,117.0,91.0,69.2,-0.03,114.3,101.7,0.875,0.575,0.4,0.175,0.025,0.025,0
2024,Saint Peter's,1,1,Midwest,15,MAAC,19,98.6,100.9,64.0,0.021,102.7,107.0,0.125,0.1,0.025,0.0,0.0,0.0,0
2024,Houston,3,0,South,1,B12,30,118.9,87.1,63.3,0.053,111.9,100.1,0.95,0.75,0.55,0.35,0.275,0.175,0
2024,Longwood,1,1,South,16,BSth,21,105.7,104.8,66.8,-0.047,104.5,108.5,0.05,0.0,0.0,0.0,0.0,0.0,0
2024,Nebraska,1,0,South,8,B10,23,115.9,97.7,68.6,0.014,110.8,101.7,0.5,0.15,0.05,0.05,0.05,0.0,0
2024,Texas A&M,2,0,South,9,SEC,20,116.0,99.9,65.8,-0.025,112.7,101.2,0.5,0.1,0.1,0.05,0.0,0.0,0
2024,Wisconsin,1,0,South,5,B10,22,120.1,99.5,65.2,-0.031,113.3,99.3,0.625,0.325,0.1,0.075,0.025,0.0,0
2024,James Madison,2,1,South,12,SB,31,113.9,101.0,69.5,0.027,103.4,107.8,0.375,0.075,0.025,0.0,0.0,0.0,0
2024,Duke,4,0,South,4,ACC,24,121.8,97.0,66.7,-0.077,110.6,102.0,0.8,0.575,0.175,0.075,0.05,0.025,0
2024,Vermont,1,1,South,13,AE,28,107.1,100.1,63.2,0.063,104.3,107.0,0.2,0.025,0.0,0.0,0.0,0.0,0
2024,Texas Tech,1,0,South,6,B12,23,117.9,99.4,66.6,0.04,111.3,100.8,0.5,0.15,0.075,0.0,0.0,0.0,0
2024,North Carolina State,5,1,South,11,ACC,22,114.4,101.3,68.1,-0.0,110.9,101.5,0.5,0.275,0.1,0.05,0.0,0.0,0
2024,Kentucky,1,0,South,3,SEC,23,122.7,102.7,72.6,-0.027,111.3,102.2,0.85,0.575,0.275,0.075,0.05,0.0,0
2024,Oakland,2,1,South,14,Horz,23,108.6,105.8,66.7,0.082,107.1,108.2,0.15,0.0,0.0,0.0,0.0,0.0,0
2024,Florida,1,0,South,7,SEC,24,119.3,101.1,71.7,-0.007,112.3,101.5,0.65,0.25,0.075,0.075,0.025,0.025,0
2024,Colorado,2,0,South,10,P12,24,117.6,99.1,67.5,0.012,110.3,102.1,0.35,0.075,0.05,0.025,0.0,0.0,0
2024,Marquette,3,0,South,2,BE,25,118.3,95.6,69.0,0.036,113.3,100.2,0.875,0.575,0.4,0.175,0.025,0.025,0
2024,Western Kentucky,1,1,South,15,CUSA,22,105.6,102.5,75.1,-0.051,103.7,106.2,0.125,0.1,0.025,0.0,0.0,0.0,0
