Season,TeamName,Off_1,RankOff_1,Off_2,RankOff_2,Off_3,RankOff_3,Def_1,RankDef_1,Def_2,RankDef_2,Def_3,RankDef_3
2002,"Air Force",20.6231,183,40.4984,323,38.8785,7,26.3647,16,53.4262,140,20.2091,319
2002,Akron,25.2647,12,48.8932,250,25.8422,180,20.0985,195,53.1782,145,26.7234,160
2002,Alabama,23.3634,50,52.1445,172,24.4921,222,19.7943,211,52.9563,153,27.2494,137
2002,"Alabama A&M",20.569,184,50.7463,206,28.6847,109,22.4388,98,53.5732,132,23.988,255
2002,"Alabama St.",23.7462,40,50.1535,223,26.1003,173,18.323,268,59.6273,4,22.0497,298
2002,Albany,15.0659,326,54.2373,116,30.6968,70,20.9775,160,48.8742,267,30.1483,58
2002,"Alcorn St.",20.4099,192,58.3856,27,21.2045,279,20.2691,188,54.8611,79,24.8698,228
2002,American,20.3338,194,47.041,282,32.6252,44,20.0927,196,51.3138,207,28.5935,101
2002,"Appalachian St.",22.9145,65,53.1411,139,23.9444,239,20.3229,186,57.7398,13,21.9373,301
2002,Arizona,23.8095,38,48.4783,260,27.7121,129,16.8812,302,54.9584,77,28.1605,113
2002,"Arizona St.",20.6819,178,59.9372,14,19.3809,309,28.6181,2,48.8329,269,22.549,288
2002,Arkansas,17.8802,296,50.0461,227,32.0737,54,26.8501,11,46.1101,314,27.0398,148
2002,"Arkansas Little Rock",21.3455,141,49.0642,245,29.5903,90,20.9036,161,52.1502,182,26.9461,152
2002,"Arkansas Pine Bluff",21.6595,117,54.4181,110,23.9224,240,20.7738,166,56.0135,46,23.2128,272
2002,"Arkansas St.",18.4428,284,55.5718,84,25.9854,177,21.965,121,51.0288,215,27.0062,149
2002,Army,23.1893,53,54.2056,118,22.6051,260,23.3172,62,54.7119,83,21.9709,300
2002,Auburn,19.2916,244,54.0599,124,26.6485,160,21.8767,126,53.8338,112,24.2895,241
2002,"Austin Peay",20.8829,163,54.2659,114,24.8512,211,18.8778,250,50.8797,220,30.2425,55
2002,"Ball St.",20.7616,171,45.1849,306,34.0535,31,20.0636,197,57.2904,19,22.646,284
2002,Baylor,18.6902,273,45.6023,304,35.7075,17,16.3592,312,54.6602,88,28.9806,88
2002,Belmont,17.8218,297,42.9703,319,39.2079,5,17.3729,291,50.565,233,32.0621,27
2002,"Bethune Cookman",24.71,21,52.7484,149,22.5416,263,23.7383,49,54.1121,101,22.1495,295
2002,Binghamton,20.7068,176,47.1563,281,32.1369,50,19.4215,227,55.4752,61,25.1033,219
2002,"Birmingham Southern",20,213,45.5484,305,34.4516,27,25.6158,17,48.1527,284,26.2315,179
2002,"Boise St.",19.4892,238,54.1921,119,26.3187,167,28.1823,6,49.6595,250,22.1582,293
2002,"Boston College",22.9397,63,50.0425,228,27.0178,149,22.685,89,52.9907,152,24.3243,240
2002,"Boston University",20.8663,166,50.7685,205,28.3652,115,21.8368,128,45.0415,320,33.1216,11
2002,"Bowling Green",24.2681,28,51.4213,188,24.3106,227,28.0816,7,48.8415,268,23.0769,275
2002,Bradley,25.6396,8,51.5065,186,22.8539,257,24.5353,28,47.9023,288,27.5624,128
2002,Brown,23.8071,39,52.8378,146,23.3551,251,19.2746,236,52.7461,162,27.9793,116
2002,Bucknell,21.3289,143,52.373,165,26.2982,168,22.3579,104,53.1067,149,24.5353,234
2002,Buffalo,21.11,153,49.4549,242,29.4351,95,22.8558,80,51.8448,192,25.2995,213
2002,Butler,17.5478,305,45.1355,308,37.3167,10,20.7139,169,54.2996,96,24.9865,224
2002,BYU,25.0745,15,50.3476,219,24.578,219,22.5501,95,55.3214,66,22.1286,296
2002,"Cal Poly",18.7919,268,50.3356,220,30.8725,67,20.3525,184,55.9409,49,23.7067,264
2002,"Cal St. Fullerton",22.5827,75,48.7835,253,28.6338,110,22.1688,113,52.6709,165,25.1603,216
2002,"Cal St. Northridge",22.4309,86,52.3757,164,25.1934,199,29.1732,1,46.6561,309,24.1706,247
2002,California,19.6104,230,56.1039,68,24.2857,230,21.1737,155,47.6995,290,31.1268,38
2002,Campbell,20.2093,202,53.8546,128,25.9361,178,17.9241,278,54.9736,75,27.1024,143
2002,Canisius,19.2875,245,49.5674,240,31.145,64,24.4552,33,49.9758,244,25.569,201
2002,Centenary,21.4286,134,51.0746,196,27.4968,139,25.3538,19,53.4154,141,21.2308,312
2002,"Central Connecticut",22.5,81,59.2105,20,18.2895,314,14.3211,327,57.5818,18,28.0971,114
2002,"Central Michigan",25.0398,16,56.3395,63,18.6207,312,21.7047,132,50.0496,242,28.2458,107
2002,"Charleston Southern",21.6264,120,56.8061,50,21.5675,273,26.884,10,50.6681,224,22.4479,291
2002,Charlotte,19.7732,221,46.6213,291,33.6054,36,19.6403,222,51.3369,206,29.0228,86
2002,Chattanooga,20.3164,195,56.2531,65,23.4305,249,17.4065,288,55.0623,72,27.5312,129
2002,"Chicago St.",19.8332,219,60.1549,12,20.0119,300,19.6211,223,53.5859,131,26.793,156
2002,Cincinnati,21.7312,114,55.3689,89,22.8999,256,19.9527,200,55.792,56,24.2553,243
2002,Clemson,19.0075,257,56.8011,51,24.1914,232,19.3926,230,46.2473,313,34.3601,8
2002,"Cleveland St.",20.5101,188,55.5792,82,23.9107,241,20.8399,164,52.0735,183,27.0866,144
2002,"Coastal Carolina",25.321,11,45.7114,300,28.9676,102,23.918,43,61.5945,1,14.4875,327
2002,Colgate,23.4595,48,55.7838,76,20.7568,288,22.6872,88,52.8634,155,24.4493,238
2002,"College of Charleston",22.6991,71,52.9473,143,24.3537,225,17.6126,285,52.5453,168,29.842,66
2002,Colorado,19.4183,240,55.481,87,25.1007,205,16.0763,320,50.9537,218,32.97,15
2002,"Colorado St.",23.1855,54,56.5524,60,20.2621,295,27.2409,9,43.7656,323,28.9935,87
2002,Columbia,22.5806,77,42.4965,320,34.9229,20,19.9463,201,48.2203,282,31.8334,30
2002,Connecticut,20.7105,175,61.8292,6,17.4603,322,20.2209,192,51.9966,186,27.7825,123
2002,"Coppin St.",22.6471,73,56.3529,62,21,284,15.6173,322,47.1988,303,37.1839,4
2002,Cornell,16.6779,314,45.6448,302,37.6772,8,21.9749,120,47.3744,297,30.6507,50
2002,Creighton,20.3635,193,51.1359,193,28.5006,111,21.3928,146,48.9759,262,29.6313,70
2002,Dartmouth,15.5376,323,38.036,327,46.4264,1,19.2329,238,46.5753,310,34.1918,9
2002,Davidson,19.4532,239,46.7928,288,33.7539,33,23.832,47,47.979,287,28.189,110
2002,Dayton,20.8209,169,50.4489,216,28.7302,108,20.6863,170,52.2549,178,27.0588,146
2002,Delaware,18.8811,263,49.0509,246,32.0679,55,23.0194,70,53.2138,144,23.7668,261
2002,"Delaware St.",19.9671,214,44.9808,310,35.0521,19,18,275,55.3333,65,26.6667,165
2002,Denver,16.2349,318,56.6494,56,27.1157,145,20.2324,190,54.094,102,25.6735,197
2002,DePaul,20.1918,204,54.8208,100,24.9874,208,19.8784,207,56.4079,36,23.7138,263
2002,Detroit,17.5749,303,57.8301,35,24.595,217,23.4085,56,50.1253,240,26.4662,171
2002,Drake,21.7738,113,43.5476,317,34.6786,23,16.1636,317,51.704,194,32.1324,25
2002,Drexel,21.5686,126,50.7843,204,27.6471,133,17.2027,296,54.8733,78,27.924,119
2002,Duke,20.0835,207,50.8997,201,29.0167,99,19.3722,231,59.81,3,20.8178,314
2002,Duquesne,21.875,105,52.6786,153,25.4464,194,21.9802,119,45.0495,319,32.9703,14
2002,"East Carolina",21.9854,101,45.8777,297,32.1368,51,17.9006,279,53.3469,142,28.7525,96
2002,"East Tennessee St.",23.2252,52,58.5193,24,18.2556,315,22.3542,105,50.432,237,27.2138,140
2002,"Eastern Illinois",22.6138,74,50.514,213,26.8722,156,21.6119,137,58.5322,10,19.8559,321
2002,"Eastern Kentucky",20.2569,200,53.4734,134,26.2697,170,24.9495,24,52.3232,176,22.7273,280
2002,"Eastern Michigan",25.825,6,51.8596,179,22.3153,264,16.4508,311,53.6269,126,29.9223,63
2002,"Eastern Washington",24.2693,27,49.8956,235,25.8351,181,22.7038,87,55.6244,58,21.6718,307
2002,Elon,22.0701,99,60.3505,11,17.5794,320,25.5416,18,49.9748,245,24.4836,237
2002,Evansville,21.3946,138,52.6149,156,25.9905,176,24.6971,26,46.5051,312,28.7978,95
2002,Fairfield,25.2647,13,52.0693,175,22.666,259,22.6264,92,51.8658,191,25.5078,206
2002,"Fairleigh Dickinson",21.8041,111,49.9759,233,28.22,117,19.9402,202,55.0811,71,24.9787,225
2002,FIU,16.7855,311,65.277,1,17.9375,318,22.4604,97,47.0648,304,30.4747,54
2002,Florida,19.1984,248,52.9058,144,27.8958,123,20.3488,185,50.5814,231,29.0698,84
2002,"Florida A&M",22.2222,94,49.9195,234,27.8583,125,26.8316,12,46.9675,305,26.2009,180
2002,"Florida Atlantic",18.1239,292,57.8324,34,24.0437,237,20.7216,168,53.7465,117,25.5319,205
2002,"Florida St.",18.9721,258,56.6763,55,24.3516,226,19.3939,229,49.4172,253,31.1888,37
2002,Fordham,17.2222,309,65.0505,2,17.7273,319,21.8281,129,45.5662,317,32.6057,19
2002,"Fresno St.",19.6695,226,52.6401,155,27.6904,130,17.0711,298,52.8033,159,30.1255,59
2002,Furman,18.7708,270,52.8239,147,28.4053,114,21.5066,142,53.9301,108,24.5633,232
2002,"Gardner Webb",19.3133,242,47.946,266,32.7406,41,19.9875,199,56.5896,32,23.4229,270
2002,"George Mason",21.6403,119,53.7549,129,24.6047,216,17.3216,294,54.2916,98,28.3868,103
2002,"George Washington",25.1799,14,46.7626,289,28.0576,120,22.982,75,45.9639,315,31.0541,41
2002,Georgetown,24.7742,19,54.9677,95,20.2581,296,20.1453,194,55.8838,50,23.9709,256
2002,Georgia,21.1995,148,55.8101,75,22.9904,255,16.4637,310,54.5783,89,28.9581,90
2002,"Georgia Southern",19.1438,250,57.6239,39,23.2323,253,21.5766,139,51.4401,201,26.9833,150
2002,"Georgia St.",19.6878,223,52.732,150,27.5802,137,19.0259,245,53.8006,113,27.1734,141
2002,"Georgia Tech",18.6076,276,48.3544,261,33.038,39,22.2643,107,47.5589,292,30.1768,56
2002,Gonzaga,23.5226,45,50,231,26.4774,163,19.5723,224,49.4654,252,30.9623,42
2002,"Grambling St.",18.4623,283,59.3261,17,22.2117,267,24.5259,29,52.8445,156,22.6296,286
2002,"Green Bay",20.9645,160,50.2538,222,28.7817,107,20.5969,174,54.0117,103,25.3914,211
2002,Hampton,20.8268,168,54.0157,127,25.1575,200,18.3422,267,56.261,39,25.3968,210
2002,Hartford,20.472,189,56.1313,67,23.3966,250,22.9375,77,48.7363,272,28.3262,105
2002,Harvard,15.3661,324,57.2629,42,27.3709,140,21.7857,131,47.5,294,30.7143,48
2002,Hawaii,20.882,164,48.5084,259,30.6096,73,19.784,213,54.2955,97,25.9205,186
2002,"High Point",21.4474,131,52.7205,152,25.832,182,19.2817,235,53.7807,114,26.9376,153
2002,Hofstra,23.6942,41,54.226,117,22.0798,268,22.8889,79,51.3778,204,25.7333,194
2002,"Holy Cross",26.2602,4,52.4244,161,21.3154,276,19.8679,208,48.8821,266,31.25,35
2002,Houston,24.0087,33,57.1678,44,18.8235,311,18.256,269,53.7801,115,27.9639,117
2002,Howard,20.2755,198,50.5381,212,29.1864,97,22.0556,116,51.6101,196,26.3344,177
2002,Idaho,20.6447,180,51.5775,184,27.7778,128,16.5485,308,48.3452,278,35.1064,7
2002,"Idaho St.",20.0232,211,50.029,229,29.9478,82,22.5148,96,46.5341,311,30.9511,43
2002,Illinois,23.5598,44,48.3013,262,28.1388,119,21.2748,151,48.9658,264,29.7594,67
2002,"Illinois Chicago",21.8237,108,47.4503,277,30.726,68,23.8012,48,52.3976,173,23.8012,260
2002,"Illinois St.",20.519,187,55.8385,73,23.6425,246,17.3397,293,57.0071,23,25.6532,198
2002,Indiana,19.8723,218,49.7207,238,30.407,77,18.5333,262,55.4667,62,26,185
2002,"Indiana St.",20.1734,205,50.8671,202,28.9595,104,17.6038,286,56.8576,25,25.5386,204
2002,Iona,24.7655,20,54.409,111,20.8255,286,27.7624,8,48.0663,285,24.1713,246
2002,Iowa,23.1799,55,52.2629,170,24.5573,220,22.3993,100,48.1544,283,29.4463,74
2002,"Iowa St.",26.6081,2,59.2318,19,14.1601,327,19.2877,234,53.654,125,27.0583,147
2002,IPFW,20.0115,212,46.2514,293,33.737,34,22.4267,99,55.7931,55,21.7802,305
2002,IUPUI,20.2828,197,52.3647,166,27.3525,141,18.4401,264,50.65,226,30.91,45
2002,"Jackson St.",20.2247,201,56.766,53,23.0093,254,23.932,41,54.5705,90,21.4975,309
2002,Jacksonville,18.9024,262,52.1341,173,28.9634,103,21.1117,158,55.799,54,23.0893,274
2002,"Jacksonville St.",21.6986,115,52.5282,158,25.7732,184,22.383,101,53.4491,138,24.1679,248
2002,"James Madison",21.8119,110,52.4865,159,25.7016,186,21.9622,122,49.8008,248,28.2371,108
2002,Kansas,18.8452,265,61.1675,8,19.9873,301,17.936,276,51.5613,198,30.5027,53
2002,"Kansas St.",20.5542,186,56.6247,57,22.8212,258,22.0488,117,48.9756,263,28.9756,89
2002,"Kent St.",20.0606,209,55.6397,81,24.2998,228,21.0997,159,51.9446,187,26.9557,151
2002,Kentucky,17.8053,299,54.9103,98,27.2844,143,18.8679,252,51.4151,202,29.717,68
2002,"La Salle",20.8647,167,54.3233,113,24.812,213,20.4296,181,46.8007,308,32.7697,17
2002,Lafayette,22.123,97,46.0317,296,31.8452,56,21.2451,152,50.5929,230,28.1621,112
2002,Lamar,22.3917,87,48.8189,252,28.7894,106,19.5558,225,52.9213,154,27.5229,130
2002,Lehigh,20.9224,161,52.4184,162,26.6592,159,22.8212,83,48.4635,276,28.7154,98
2002,Liberty,20.9033,162,58.9461,22,20.1506,298,22.6066,93,48.5308,274,28.8626,94
2002,Lipscomb,22.6572,72,45.6702,301,31.6726,57,22.0978,115,54.6843,86,23.2179,271
2002,"LIU Brooklyn",17.5669,304,57.9075,32,24.5255,221,18.7626,255,58.3097,12,22.9276,276
2002,"Long Beach St.",17.7215,301,55.4041,88,26.8744,155,19.3016,233,51.5337,199,29.1647,81
2002,"Louisiana Lafayette",21.4044,137,58.9831,21,19.6126,305,22.9574,76,52.5313,169,24.5113,235
2002,"Louisiana Monroe",18.7213,272,57.1297,45,24.149,234,19.0843,243,54.1251,100,26.7906,157
2002,"Louisiana Tech",23.8979,36,54.942,96,21.1601,280,22.028,118,49.0509,259,28.9211,93
2002,Louisville,19.0868,251,48.7042,255,32.209,49,22.5567,94,53.4904,136,23.9529,257
2002,"Loyola Chicago",22.7189,69,56.9585,47,20.3226,294,23.4012,57,48.3183,279,28.2804,106
2002,"Loyola Marymount",23.8938,37,54.5549,104,21.5513,274,21.1566,157,51.0578,214,27.7856,122
2002,"Loyola MD",26.4403,3,50.091,225,23.4688,248,19.1109,242,56.8217,26,24.0675,252
2002,LSU,18.1416,290,55.5752,83,26.2832,169,16.3198,314,52.6017,166,31.0785,40
2002,Maine,21.0168,158,52.7254,151,26.2579,171,14.5145,326,55.4555,63,30.03,61
2002,Manhattan,24.8621,18,55.6985,79,19.4393,307,28.2038,5,47.5553,293,24.2409,244
2002,Marist,22.5108,80,47.619,275,29.8701,85,21.5572,140,53.4958,135,24.947,227
2002,Marquette,20.6382,181,57.8533,33,21.5085,275,19.3114,232,50,243,30.6886,49
2002,Marshall,18.7938,266,47.6858,273,33.5203,37,18.3461,266,53.5924,129,28.0615,115
2002,Maryland,22.1242,96,56.6013,58,21.2745,278,19.0047,246,54.3103,95,26.685,162
2002,"Maryland Eastern Shore",19.5812,233,47.7487,270,32.6702,42,25.0596,22,56.5031,33,18.4374,323
2002,Massachusetts,16.4611,316,50.7239,207,32.815,40,25.1832,20,48.9005,265,25.9162,187
2002,"McNeese St.",21.1023,155,54.0218,126,24.8759,210,21.3634,149,53.6769,124,24.9597,226
2002,Memphis,21.4465,132,59.4343,15,19.1192,310,23.0293,69,55.3033,67,21.6674,308
2002,Mercer,18.3684,287,57.8066,37,23.825,244,18.4404,263,48.8073,270,32.7523,18
2002,"Miami FL",21.8372,107,48.6013,257,29.5616,91,20.4082,182,50.6494,227,28.9425,92
2002,"Miami OH",21.1005,156,56.3352,64,22.5644,262,21.6715,133,47.7162,289,30.6122,52
2002,Michigan,19.6822,224,51.8708,178,28.447,113,17.7388,283,53.6062,128,28.655,100
2002,"Michigan St.",20.5581,185,54.3256,112,25.1163,203,20.4752,179,48.4328,277,31.092,39
2002,"Middle Tennessee",16.2103,320,52.2453,171,31.5444,59,17.3107,295,53.1498,147,29.5394,73
2002,Milwaukee,15.7895,322,47.678,274,36.5325,14,19.8159,210,54.6833,87,25.5008,207
2002,Minnesota,18.927,260,54.6781,102,26.3948,166,23.5704,50,43.5146,324,32.9149,16
2002,Mississippi,22.7167,70,45.1553,307,32.128,52,22.2222,111,54.9871,74,22.7907,278
2002,"Mississippi St.",19.5198,236,58.172,29,22.3083,265,17.6521,284,54.8415,80,27.5064,131
2002,"Mississippi Valley St.",15.2992,325,50.3861,218,34.3147,28,19.2326,239,52.4099,172,28.3575,104
2002,Missouri,16.9969,310,49.0094,247,33.9937,32,19.7318,216,57.6245,17,22.6437,285
2002,Monmouth,18.4698,281,55.0682,93,26.462,164,21.2433,153,45.7171,316,33.0396,13
2002,Montana,22.2652,92,49.274,243,28.4608,112,21.8428,127,47.4275,296,30.7297,47
2002,"Montana St.",21.4692,128,46.2494,294,32.2814,47,14.8488,324,59.0713,7,26.0799,183
2002,"Morehead St.",21.4213,135,56.9543,48,21.6244,272,16.6157,305,53.7207,120,29.6636,69
2002,"Morgan St.",19.6175,228,59.235,18,21.1475,281,23.8404,46,53.6178,127,22.5417,289
2002,"Morris Brown",21.5724,125,54.0611,123,24.3665,224,20.5647,175,51.2,209,28.2353,109
2002,"Mount St. Mary's",22.2561,93,51.5854,183,26.1585,172,19.2383,237,56.7383,28,24.0234,254
2002,"Murray St.",17.5271,306,57.3536,40,25.1193,202,22.3708,103,52.4955,170,25.1337,218
2002,Navy,24.9002,17,49.8004,237,25.2994,196,26.8188,13,47.3609,298,25.8203,193
2002,Nebraska,19.1914,249,39.8158,325,40.9928,3,17.9293,277,49.798,249,32.2727,24
2002,Nevada,29.2235,1,53.5529,130,17.2235,324,23.9162,44,53.9304,107,22.1534,294
2002,"New Hampshire",25.8836,5,40.0218,324,34.0946,29,19.4008,228,49.8035,247,30.7957,46
2002,"New Mexico",21.4869,127,54.0345,125,24.4787,223,21.894,125,53.0708,151,25.0352,220
2002,"New Mexico St.",20.7957,170,55.3345,90,23.8698,243,19.6667,220,56.7619,27,23.5714,267
2002,"New Orleans",25.6896,7,54.1915,120,20.119,299,17.7859,281,53.0955,150,29.1186,83
2002,Niagara,23.0477,59,49.9789,232,26.9734,154,23.3505,60,55.1842,70,21.4653,311
2002,"Nicholls St.",18.0339,293,52.474,160,29.4922,93,18.5798,260,56.6148,31,24.8054,230
2002,"Norfolk St.",19.2789,246,55.7837,77,24.9374,209,20.4628,180,54.3557,93,25.1815,215
2002,"North Carolina",19.5846,232,48.9614,249,31.454,60,17.4819,287,53.1703,146,29.3478,76
2002,"North Carolina A&T",23.4873,47,51.9252,177,24.5875,218,22.2391,109,50.8612,222,26.8997,154
2002,"North Carolina St.",21.8713,106,45.614,303,32.5146,46,23.3073,63,54.6875,85,22.0052,299
2002,"North Texas",24.5665,23,51.1561,192,24.2775,231,21.51,141,55.8405,53,22.6496,283
2002,Northeastern,16.6415,315,52.2876,168,31.0709,65,24.9643,23,52.7817,160,22.2539,292
2002,"Northern Arizona",22.5547,79,57.7675,38,19.6778,304,20.5602,176,51.8768,190,27.563,127
2002,"Northern Illinois",19.7514,222,55.2486,91,25,207,26.58,15,49.2156,254,24.2044,245
2002,"Northern Iowa",21.4494,130,46.8872,286,31.6634,58,19.169,240,54.4854,91,26.3456,176
2002,Northwestern,18.9705,259,44.7658,312,36.2637,15,16.793,303,51.895,189,31.312,34
2002,"Northwestern St.",22.4641,83,51.1348,194,26.4011,165,23.2527,65,53.5385,134,23.2088,273
2002,"Notre Dame",19.0571,252,52.8965,145,28.0463,121,16.5605,307,54.7771,81,28.6624,99
2002,Oakland,21.4549,129,48.9871,248,29.558,92,19.9348,204,52.8179,158,27.2473,138
2002,Ohio,21.5779,123,54.4677,107,23.9544,238,20.6554,173,47.4677,295,31.8769,29
2002,"Ohio St.",22.735,68,55.0381,94,22.2269,266,20.5486,177,52.743,163,26.7084,161
2002,Oklahoma,19.5582,235,55.2191,92,25.2227,197,24.3661,34,53.7172,121,21.9166,302
2002,"Oklahoma St.",19.8866,217,58.2643,28,21.8491,270,18.439,265,56.0976,43,25.4634,208
2002,"Old Dominion",20.7499,172,51.3611,190,27.8891,124,24.715,25,49.6373,251,25.6477,199
2002,"Oral Roberts",22.9458,62,48.8636,251,28.1906,118,23.9276,42,57.1973,21,18.8751,322
2002,Oregon,22.2032,95,47.2118,280,30.585,74,18.755,256,58.4739,11,22.7711,279
2002,"Oregon St.",20.8671,165,47.7457,271,31.3873,61,17.3865,290,55.371,64,27.2425,139
2002,Pacific,22.5823,76,44.856,311,32.5617,45,21.3582,150,49.069,258,29.5728,72
2002,Penn,19.0436,254,46.883,287,34.0734,30,18.9308,247,51.4958,200,29.5733,71
2002,"Penn St.",18.9083,261,45.1322,309,35.9595,16,23.4598,54,56.2839,38,20.2563,317
2002,Pepperdine,19.0417,255,52.9533,142,28.005,122,23.9399,40,46.9081,306,29.1519,82
2002,Pittsburgh,17.9447,295,55.9684,70,26.087,174,19.7843,212,54.7586,82,25.4571,209
2002,Portland,22.7484,66,43.5469,318,33.7047,35,23.2558,64,50.5814,232,26.1628,182
2002,"Portland St.",17.8152,298,47.5753,276,34.6095,26,20.7732,167,47.2287,301,31.9981,28
2002,"Prairie View A&M",20.6247,182,54.239,115,25.1363,201,18.9155,248,51.198,210,29.8865,64
2002,Princeton,18.5509,279,41.3492,322,40.0999,4,23.3249,61,49.1783,255,27.4968,132
2002,Providence,21.7804,112,48.5314,258,29.6882,87,24.2831,36,53.9315,106,21.7854,304
2002,Purdue,21.9501,103,46.8934,285,31.1565,63,17.1558,297,56.4334,35,26.4108,173
2002,Quinnipiac,18.6076,275,56.7089,54,24.6835,215,22.683,90,55.6073,59,21.7097,306
2002,Radford,21.1348,152,51.0638,197,27.8014,127,21.1943,154,53.255,143,25.5507,202
2002,"Rhode Island",21.4327,133,51.5309,185,27.0364,147,18.8632,253,48.6922,273,32.4447,20
2002,Rice,22.4436,85,53.4872,132,24.0692,236,24.5571,27,49.9016,246,25.5413,203
2002,Richmond,19.2478,247,43.7168,315,37.0354,11,16.3579,313,52.3272,175,31.315,32
2002,Rider,18.7468,271,50.6316,210,30.6215,71,21.6712,134,52.2911,177,26.0377,184
2002,"Robert Morris",19.027,256,50.4817,214,30.4913,76,20.2873,187,50.3591,238,29.3537,75
2002,Rutgers,20.0763,208,54.4588,108,25.4649,193,22.3742,102,53.7372,118,23.8886,259
2002,"Sacramento St.",21.9447,104,52.3911,163,25.6642,188,22.9862,74,50.4912,234,26.5226,169
2002,"Sacred Heart",18.5009,280,61.0057,9,20.4934,292,23.3853,58,56.0356,45,20.5791,316
2002,"Saint Joseph's",18.4668,282,50.6565,209,30.8767,66,18.113,271,51.7134,193,30.1736,57
2002,"Saint Louis",19.6419,227,54.4246,109,25.9335,179,22.8468,82,57.0397,22,20.1135,320
2002,"Saint Mary's",23.5821,43,56,69,20.4179,293,28.4459,3,53.9264,109,17.6277,325
2002,"Saint Peter's",19.2982,243,60.9649,10,19.7368,303,19.6601,221,53.4681,137,26.8718,155
2002,"Sam Houston St.",23.3493,51,49.6651,239,26.9856,151,23.5122,51,53.9512,105,22.5366,290
2002,Samford,15.8405,321,41.5954,321,42.5641,2,16.0755,321,56.6362,30,27.2883,136
2002,"San Diego",24.2199,29,54.6805,101,21.0996,282,22.7718,85,50.4894,235,26.7388,159
2002,"San Diego St.",20.4497,190,61.3492,7,18.2011,316,23.972,39,51.6185,195,24.4094,239
2002,"San Francisco",21.6544,118,53.53,131,24.8156,212,23.4164,55,53.6864,123,22.8972,277
2002,"San Jose St.",21.4165,136,50.9275,200,27.656,131,20.2309,191,53.1124,148,26.6566,167
2002,"Santa Clara",22.3897,88,44.4444,314,33.1658,38,18.1061,272,48.8033,271,33.0905,12
2002,"Savannah St.",16.7382,312,53.2189,137,30.0429,79,20.8993,162,52.4272,171,26.6735,164
2002,"Seton Hall",18.4223,285,46.7418,290,34.8359,21,21.6295,136,55.6741,57,22.6964,282
2002,Siena,22.2884,91,47.9142,269,29.7974,86,23.8517,45,45.2055,318,30.9428,44
2002,SMU,24.0838,32,52.6416,154,23.2746,252,17.4018,289,49.1517,257,33.4464,10
2002,"South Alabama",17.2869,308,52.1008,174,30.6122,72,28.255,4,53.9168,110,17.8282,324
2002,"South Carolina",18.2634,289,51.0395,198,30.6971,69,17.8539,280,59.4229,5,22.7232,281
2002,"South Carolina St.",23.95,35,60,13,16.05,326,21.819,130,50.6126,228,27.5683,126
2002,"South Florida",18.3698,286,55.9611,71,25.6691,187,20.059,198,50.9903,216,28.9507,91
2002,"Southeast Missouri St.",21.3159,144,51.1147,195,27.5693,138,18.6275,258,56.3725,37,25,223
2002,"Southeastern Louisiana",21.1829,151,51.1692,191,27.6479,132,25.1676,21,50.7008,223,24.1316,250
2002,Southern,14.7692,327,50.4615,215,34.7692,22,19.6908,218,53.8427,111,26.4666,170
2002,"Southern Illinois",20.0589,210,55.6496,80,24.2915,229,24.4948,31,50.1443,239,25.3608,212
2002,"Southern Miss",22.0844,98,55.9553,72,21.9603,269,21.6686,135,50.8691,221,27.4623,134
2002,"Southern Utah",17.4404,307,47.9297,268,34.6299,24,23.4627,53,41.0746,326,35.4627,6
2002,"Southwest Missouri St.",21.6145,121,51.7865,180,26.599,161,20.7971,165,48.0073,286,31.1956,36
2002,"Southwest Texas St.",22.9177,64,45.7345,299,31.3478,62,24.1515,38,51.9429,188,23.9056,258
2002,"St. Bonaventure",21.2748,145,39.7351,326,38.9901,6,15.158,323,55.5081,60,29.3339,77
2002,"St. Francis NY",21.1861,150,53.2875,136,25.5264,191,23.3703,59,59.0687,8,17.561,326
2002,"St. Francis PA",21.6804,116,54.1716,121,24.1481,235,16.1102,318,57.6577,15,26.2321,178
2002,"St. John's",24.1333,31,57.3333,41,18.5333,313,24.2961,35,51.5895,197,24.1144,251
2002,Stanford,23.5124,46,50.8264,203,25.6612,189,21.3761,147,52.7523,161,25.8716,191
2002,"Stephen F. Austin",20.6452,179,58.0645,31,21.2903,277,23.195,66,56.1683,40,20.6367,315
2002,Stetson,20.4319,191,57.8073,36,21.7608,271,18.5407,261,56.8716,24,24.5877,231
2002,"Stony Brook",20.9971,159,58.4164,26,20.5865,291,19.4877,226,55.9518,48,24.5605,233
2002,Syracuse,16.2121,319,58.7783,23,25.0096,206,22.7121,86,47.3378,299,29.9501,62
2002,TCU,21.3295,142,52.6101,157,26.0604,175,18.0294,274,56.0916,44,25.879,190
2002,Temple,16.7086,313,45.7599,298,37.5315,9,16.7909,304,40.3332,327,42.8759,1
2002,Tennessee,19.7766,220,53.141,140,27.0824,146,18.8697,251,49.0425,260,32.0878,26
2002,"Tennessee Martin",22.3467,90,58.1333,30,19.52,306,22.8485,81,53.4474,139,23.7041,265
2002,"Tennessee St.",17.7177,302,53.1532,138,29.1291,98,24.4696,32,52.0509,185,23.4795,269
2002,"Tennessee Tech",22.7482,67,47.3398,279,29.912,84,16.2639,315,51.3941,203,32.342,22
2002,Texas,21.0388,157,56.3794,61,22.5819,261,18.6018,259,52.2298,179,29.1683,80
2002,"Texas A&M",18.8669,264,54.158,122,26.9751,153,22.2322,110,54.2754,99,23.4923,268
2002,"Texas A&M Corpus Chris",24.3187,26,54.9266,97,20.7547,289,20.201,193,52.0603,184,27.7387,125
2002,"Texas Pan American",21.2594,147,51.9899,176,26.7506,158,20.4888,178,52.8341,157,26.6771,163
2002,"Texas Southern",21.2667,146,49.5366,241,29.1967,96,16.5829,306,53.5404,133,29.8767,65
2002,"Texas Tech",20.6951,177,62.0063,5,17.2986,323,14.7469,325,59.3368,6,25.9162,188
2002,"The Citadel",24.5585,24,46.468,292,28.9735,101,26.7534,14,48.9819,261,24.2647,242
2002,Toledo,21.3645,140,50.996,199,27.6394,134,24.5127,30,53.9961,104,21.4912,310
2002,Towson,18.7721,269,64.5809,3,16.647,325,17.3475,292,56.4801,34,26.1725,181
2002,"Troy St.",16.3585,317,46.9417,284,36.6999,13,16.9056,300,44.3895,322,38.7049,2
2002,Tulane,17.987,294,62.581,4,19.432,308,17.7714,282,57.7329,14,24.4957,236
2002,Tulsa,20.2047,203,51.4784,187,28.3169,116,18.9024,249,54.7038,84,26.3937,174
2002,UAB,20.2844,196,50.7109,208,29.0047,100,21.1614,156,51.0827,213,27.7559,124
2002,"UC Irvine",21.575,124,54.52,106,23.9049,242,21.9307,124,50.5941,229,27.4752,133
2002,"UC Riverside",18.7928,267,53.3914,135,27.8158,126,20.6663,172,53.7549,116,25.5788,200
2002,"UC Santa Barbara",23.1762,56,47.3449,278,29.4789,94,23.1727,67,44.5046,321,32.3227,23
2002,UCF,18.637,274,54.5202,105,26.8428,157,21.3718,148,47.3161,300,31.3121,33
2002,UCLA,18.1341,291,54.8465,99,27.0194,148,16.8891,301,47.206,302,35.9049,5
2002,UMBC,22.5701,78,59.3458,16,18.0841,317,19.6858,219,56.161,42,24.1532,249
2002,UMKC,19.564,234,50.4192,217,30.0168,80,20.3672,183,41.7671,325,37.8657,3
2002,"UNC Asheville",23.1111,57,56.2222,66,20.6667,290,19.7796,214,52.361,174,27.8594,121
2002,"UNC Greensboro",23.4138,49,51.3852,189,25.2011,198,19.0386,244,55.2309,68,25.7304,195
2002,"UNC Wilmington",20.1339,206,50.2679,221,29.5982,89,20.8948,163,51.2291,208,27.8761,120
2002,UNLV,23.6727,42,55.489,86,20.8383,285,20.2484,189,57.6398,16,22.1118,297
2002,USC,19.0457,253,56.7763,52,24.178,233,21.595,138,48.2975,281,30.1075,60
2002,"UT Arlington",22.955,61,57.2597,43,19.7853,302,23.0058,71,47.6654,291,29.3288,78
2002,Utah,20.7337,174,43.7002,316,35.5662,18,22.9878,73,56.1668,41,20.8454,313
2002,"Utah St.",20.7385,173,58.4724,25,20.7891,287,18.099,273,53.7279,119,28.173,111
2002,UTEP,24,34,55.8118,74,20.1882,297,24.1778,37,49.1556,256,26.6667,166
2002,UTSA,25.572,9,48.7214,254,25.7066,185,21.4695,143,54.4847,92,24.0458,253
2002,Valparaiso,19.9513,215,47.9319,267,32.1168,53,18.2032,270,51.1759,211,30.6209,51
2002,Vanderbilt,18.6026,277,44.4541,313,36.9432,12,21.4317,145,52.1777,180,26.3907,175
2002,VCU,21.1952,149,51.5907,182,27.2141,144,22.1467,114,52.7174,164,25.1359,217
2002,Vermont,19.3504,241,55.5352,85,25.1144,204,16.103,319,57.2438,20,26.6532,168
2002,Villanova,22.4625,84,52.7802,148,24.7573,214,19.7077,217,48.4677,275,31.8246,31
2002,Virginia,22.0104,100,56.9324,49,21.0572,283,19.8236,209,54.9675,76,25.2089,214
2002,"Virginia Tech",19.9177,216,50.1287,224,29.9537,81,22.6425,91,48.3106,280,29.0469,85
2002,VMI,18.5714,278,51.746,181,29.6825,88,22.2484,108,55.8796,51,21.8721,303
2002,Wagner,17.7392,300,55.7155,78,26.5453,162,19.928,205,59.8291,2,20.2429,318
2002,"Wake Forest",19.6128,229,54.5715,103,25.8157,183,18.6641,257,52.5954,167,28.7405,97
2002,Washington,21.3858,139,53.0409,141,25.5733,190,22.2068,112,55.217,69,22.5762,287
2002,"Washington St.",22.4737,82,49.8947,236,27.6316,135,19.1244,241,55.8525,52,25.023,222
2002,"Weber St.",22.9914,60,50.0253,230,26.9833,152,21.4513,144,50.1059,241,28.4428,102
2002,"West Virginia",19.5876,231,56.5979,59,23.8144,245,19.897,206,52.1536,181,27.9494,118
2002,"Western Carolina",22.3757,89,52.2652,169,25.3591,195,19.7717,215,50.96,217,29.2683,79
2002,"Western Illinois",21.1093,154,48.6807,256,30.21,78,22.9325,78,51.3445,205,25.723,196
2002,"Western Kentucky",18.3566,288,47.028,283,34.6154,25,19.939,203,55.0356,73,25.0254,221
2002,"Western Michigan",19.6736,225,47.6881,272,32.6383,43,22.7901,84,53.5912,130,23.6188,266
2002,"Wichita St.",24.6569,22,48.0329,265,27.3102,142,20.6833,171,46.9067,307,32.41,21
2002,"William & Mary",20.2618,199,49.1747,244,30.5635,75,23.1135,68,50.4485,236,26.438,172
2002,Winthrop,21.8191,109,50.5876,211,27.5933,136,23.4796,52,50.661,225,25.8593,192
2002,Wisconsin,21.9748,102,48.1123,263,29.9129,83,16.9201,299,56.0078,47,27.0721,145
2002,Wofford,19.5184,237,53.4854,133,26.9962,150,21.9416,123,54.321,94,23.7374,262
2002,"Wright St.",21.6085,122,46.124,295,32.2674,48,16.2544,316,56.6381,29,27.1075,142
2002,Wyoming,25.4578,10,56.9897,46,17.5525,321,22.3084,106,50.9214,219,26.7701,158
2002,Xavier,24.4281,25,50.0647,226,25.5071,192,16.5252,309,58.6121,9,24.8627,229
2002,Yale,23.0969,58,48.0969,264,28.8062,105,23.0023,72,51.0855,212,25.9122,189
2002,"Youngstown St.",24.1662,30,52.3113,167,23.5225,247,18.8392,254,53.7137,122,27.4471,135
