Year,Team,Conf,Round,Wins,Conf Tourney,Region,Seed,Tempo,RankTempo,AdjTempo,RankAdjTempo,OE,RankOE,AdjOE,RankAdjOE,DE,RankDE,AdjDE,RankAdjDE,AdjEM,RankAdjEM,Off_1,RankOff_1,Off_2,RankOff_2,Off_3,RankOff_3,Def_1,RankDef_1,Def_2,RankDef_2,Def_3,RankDef_3,Size,SizeRank,Hgt5,Hgt5Rank,Hgt4,Hgt4Rank,Hgt3,Hgt3Rank,Hgt2,Hgt2Rank,Hgt1,Hgt1Rank,HgtEff,HgtEffRank,Exp,ExpRank,Bench,BenchRank,Pts5,Pts5Rank,Pts4,Pts4Rank,Pts3,Pts3Rank,Pts2,Pts2Rank,Pts1,Pts1Rank,OR5,OR5Rank,OR4,OR4Rank,OR3,OR3Rank,OR2,OR2Rank,OR1,OR1Rank,DR5,DR5Rank,DR4,DR4Rank,DR3,DR3Rank,DR2,DR2Rank,DR1,DR1Rank
2024,Connecticut,Big East,7,31,1,West,1,66.2316,299,64.4531,329,122.708,1,126.609,1,97.6459,27,94.3959,11,32.2129,1,17.2604422604423,270,51.4127764127764,153,31.3267813267813,149,20.2681388012618,110,52.0504731861199,124,27.6813880126183,277,78.42,23,2.47,10,0.59,105,0.39,125,1.16,49,1.83,39,1.53,24,2.43106,68,28.14,242,22.54,73,18.97,214,20.91,135,21.4,121,16.13,307,33.13,242,18.66,309,20.29,101,13.83,99,14.05,42,25.88,175,17.21,338,20.98,111,20.55,41,15.33,126
2024,Stetson,A-Sun,1,22,1,West,16,66.6291,277,66.1635,257,111.41,53,110.263,100,112.757,336,114.367,342,-4.10409,218,18.6785260482846,198,46.7598475222363,300,34.561626429479,69,15.1652892561983,342,53.4710743801653,79,31.3636363636364,141,77.68,90,2.02,20,0.65,97,-0.23,213,-0.34,238,0.64,123,1.34,35,1.78601,192,22.03,336,19.72,164,13.09,355,17.05,276,29.98,4,20.15,194,49.81,14,20.16,294,10.96,321,9.75,223,9.28,135,30.47,54,21.25,241,18.03,224,13.09,317,17.12,66
2024,Florida Atlantic,AAC,1,25,0,West,8,69.0573,140,68.0681,137,117.344,14,118.933,16,103.999,147,102.701,107,16.2324,41,18.6805306561492,197,50.7708856220868,173,30.5485837217641,175,16.6733466933868,286,52.6653306613226,101,30.6613226452906,164,76.55,276,1.86,27,-2.49,359,-1.58,348,-0.58,259,-0.13,198,-0.32,222,2.57785,43,32.11,150,25.39,23,19.8,182,24.11,50,15.1,333,15.61,322,37.57,148,25.63,176,11.59,309,15.45,73,9.76,122,25.3,195,17.58,333,21.0,110,19.28,67,16.84,77
2024,Northwestern,Big Ten,2,21,0,West,9,64.6269,346,63.7345,342,112.139,49,116.639,30,104.757,177,100.73,72,15.909,46,17.2884075411151,268,49.2579221821099,228,33.453670276775,97,21.5502555366269,55,49.0630323679727,244,29.3867120954003,228,77.59,101,1.26,54,-0.41,233,0.18,150,0.16,166,1.11,91,0.43,115,2.51412,56,24.66,301,13.81,337,18.47,230,21.54,113,19.93,179,26.22,42,40.51,108,26.31,161,15.69,209,9.09,251,8.35,164,20.68,318,22.87,198,25.3,25,17.36,135,13.74,218
2024,San Diego State,MWC,3,24,0,West,5,67.0337,265,65.9835,266,108.712,109,113.548,62,98.4268,31,93.8489,9,19.6992,21,21.1627906976744,63,50.4651162790698,184,28.3720930232558,242,19.7965239508266,138,48.410343365833,263,31.7931326833404,122,77.56,108,-0.19,190,1.39,33,1.17,40,1.34,36,-1.55,297,0.6,98,2.56787,44,29.61,207,21.62,97,25.37,29,18.38,220,18.5,227,16.07,308,40.9,100,30.47,103,9.03,345,11.68,158,7.84,183,24.84,210,23.33,185,22.48,83,16.92,159,12.38,278
2024,UAB,AAC,1,23,1,West,12,68.7165,157,67.7969,153,111.082,61,113.683,59,109.004,270,107.402,202,6.28169,106,23.1767850324551,19,52.7682321496754,114,24.0549828178694,326,18.2808245818748,214,51.0307273434461,171,30.6884480746791,162,77.09,186,-0.41,217,1.68,20,-1.12,312,-0.63,268,0.29,157,0.63,94,1.68339,223,26.83,270,18.72,194,22.67,93,22.29,88,16.66,290,19.61,207,33.77,231,38.06,22,14.66,241,7.73,289,5.72,282,22.17,290,36.83,4,12.4,352,13.81,298,14.75,159
2024,Auburn,SEC,1,27,1,West,4,70.9629,54,69.7854,58,117.364,13,120.584,10,95.7924,7,91.682,4,28.9015,4,20.9350292196631,76,50.1890684083878,193,28.8759023719491,225,25.8469259723965,5,48.4316185696361,262,25.7214554579674,325,77.68,89,0.95,74,0.56,108,1.14,43,0.35,145,-0.25,210,0.76,80,2.13746,117,43.34,7,26.41,13,20.75,145,16.19,298,18.46,230,18.19,260,43.39,63,20.79,277,20.65,97,8.94,259,6.24,253,33.22,23,24.13,154,17.25,249,13.53,306,11.88,303
2024,Yale,Ivy,2,22,1,West,13,65.6179,321,64.5214,327,110.425,75,110.826,89,102.165,100,101.353,90,9.47277,84,15.8289241622575,325,54.1446208112875,79,30.026455026455,195,17.7351427234441,242,47.1689284043051,301,35.0959288722508,44,78.2,35,1.57,40,-0.77,276,0.88,59,0.89,63,2.75,8,0.4,119,1.63571,235,23.14,328,23.44,50,17.97,247,23.04,65,20.39,158,15.15,330,35.51,192,31.5,89,12.44,290,6.63,317,13.88,44,36.8,4,18.9,300,12.24,355,14.24,282,17.79,49
2024,BYU,Big 12,1,23,0,West,6,70.0246,90,69.0567,85,116.926,16,120.487,11,99.9495,53,99.478,48,21.0093,16,14.6676300578035,347,44.364161849711,340,40.9682080924855,2,18.8393608074012,182,53.6585365853659,70,27.502102607233,284,78.49,19,1.59,36,0.49,120,0.1,160,1.79,17,2.82,7,1.04,54,2.06013,132,33.71,118,17.17,255,24.96,35,23.91,52,19.34,195,14.61,340,22.37,347,18.14,314,25.91,30,19.05,17,14.51,36,23.59,256,16.9,342,21.27,104,22.43,16,15.8,115
2024,Duquesne,A-10,2,24,1,West,11,66.8316,271,66.3228,251,104.828,190,106.921,166,99.8115,50,97.5502,28,9.37095,86,18.879173290938,182,48.8076311605723,245,32.3131955484897,123,20.4132231404959,99,50.3305785123967,201,29.2561983471074,232,76.49,288,-0.33,206,0.23,146,-0.45,239,-0.63,265,-2.06,323,-0.05,180,2.53548,51,34.31,107,18.75,192,16.39,302,19.02,201,27.77,15,18.02,266,34.67,210,29.85,114,17.99,146,10.3,204,7.14,214,26.05,167,26.0,88,20.76,119,15.1,247,12.05,297
2024,Illinois,Big Ten,4,26,1,West,3,70.5498,66,69.8866,56,118.858,6,125.554,3,104.051,151,101.566,93,23.9874,10,20.2967171717172,107,49.6843434343434,213,30.0189393939394,196,16.7204879799067,284,58.1987800502332,8,25.0807319698601,337,78.79,8,0.34,129,0.65,98,1.05,50,2.79,2,3.47,2,0.49,109,3.11248,11,28.32,238,20.47,139,17.23,276,17.79,245,27.05,19,17.41,281,24.26,341,23.83,222,26.59,24,10.11,213,15.16,22,24.6,222,24.98,120,18.74,195,15.98,215,15.65,119
2024,Morehead State,OVC,1,26,1,West,14,65.7279,318,64.2339,335,110.583,72,108.991,124,99.5625,44,103.522,120,5.46886,111,16.8153434433541,294,46.3871543264942,313,36.7975022301517,35,20.8759124087591,77,53.4306569343066,80,25.6934306569343,328,78.1,43,0.56,111,-0.03,168,0.46,116,1.61,27,2.24,17,0.26,132,1.93766,162,21.03,347,12.6,353,25.72,24,28.78,9,17.77,260,15.12,331,35.89,176,29.74,117,20.51,100,9.49,237,4.33,329,18.9,341,26.88,73,26.02,20,16.6,181,11.58,315
2024,Washington State,Pac-12,2,24,0,West,7,66.6789,275,64.82,315,110.65,71,113.431,64,99.4722,40,97.2153,27,16.2157,42,17.6767676767677,253,56.3325563325563,35,25.990675990676,299,20.0,125,54.3040685224839,56,25.6959314775161,327,79.28,2,1.29,52,1.61,21,2.88,1,3.18,1,1.79,41,1.45,28,1.18551,296,26.74,271,19.9,159,25.33,30,18.48,219,13.33,356,22.91,107,43.54,60,24.96,193,14.55,245,11.85,155,5.01,307,25.68,179,23.54,178,20.22,140,17.94,110,12.55,269
2024,Drake,MVC,1,28,1,West,10,68.6721,160,67.8374,150,114.237,25,115.619,38,100.305,62,100.905,75,14.7142,51,18.2656826568266,220,49.7416974169742,209,31.9926199261993,129,17.8213689482471,238,50.7512520868114,181,31.4273789649416,137,76.35,307,-0.18,188,-0.03,168,-0.98,299,-2.21,350,-0.5,232,-0.11,183,2.02995,140,27.48,253,19.68,166,28.12,7,17.48,256,17.54,268,17.18,288,50.38,12,14.82,346,13.15,275,12.26,140,9.37,134,31.42,41,25.94,91,14.15,333,14.08,286,14.42,173
2024,Iowa State,Big 12,3,27,1,West,2,68.1713,199,67.3386,179,110.446,74,113.865,55,89.9131,2,87.1473,1,26.7178,5,19.2680301399354,166,54.2518837459634,74,26.4800861141012,288,20.5972771190163,88,43.5660957400088,353,35.836627140975,30,77.55,110,0.06,166,0.63,101,0.34,130,0.75,97,0.33,152,0.34,126,2.10598,123,27.01,266,18.77,191,17.3,272,21.01,131,22.83,89,20.08,196,40.15,114,14.54,349,19.61,114,10.67,193,14.99,26,18.94,340,19.58,283,22.56,77,20.03,48,18.89,34
2024,South Dakota State,Summit,1,22,1,West,15,68.1353,200,67.8606,148,110.141,79,108.663,134,104.075,152,105.675,163,2.98785,134,16.3757273482959,307,50.2078137988362,191,33.4164588528678,98,16.3265306122449,309,42.9005644811116,357,40.7729049066435,1,77.08,187,0.59,99,0.66,96,-1.04,307,-0.56,258,0.09,180,0.63,95,2.12431,120,24.33,307,20.86,125,21.44,127,25.86,22,16.07,308,15.76,318,38.65,128,22.4,248,9.78,336,17.12,40,12.03,66,21.55,307,20.23,277,22.04,90,18.98,76,17.19,64
2024,North Carolina,ACC,3,27,0,East,1,71.4602,41,70.4464,41,113.459,31,117.798,24,97.8323,28,93.1528,6,24.6454,9,21.0751978891821,66,49.1424802110818,234,29.7823218997361,201,18.2515337423313,217,51.6104294478528,143,30.138036809816,198,77.19,161,1.36,48,0.58,106,0.17,151,-1.04,298,-0.78,264,0.97,63,3.2265,6,22.57,332,22.95,61,17.49,266,16.61,286,15.06,334,27.85,21,40.53,107,31.03,95,12.5,287,10.05,214,5.83,277,33.31,22,28.67,37,13.47,344,11.62,348,12.87,257
2024,Wagner,NEC,1,17,1,East,16,62.5685,361,61.2516,361,97.4514,315,95.785,334,99.3912,37,105.879,171,-10.0944,293,17.0135275754422,283,49.4276795005203,221,33.5587929240375,94,17.5226586102719,250,51.0574018126888,169,31.4199395770393,139,76.22,317,-1.3,319,-1.15,321,-1.0,302,-1.23,318,0.11,169,-1.22,330,0.991464,320,23.46,325,18.3,208,22.09,106,24.44,42,22.06,107,13.06,351,38.31,134,27.88,141,15.13,232,11.15,172,7.46,198,26.46,146,21.16,245,19.62,159,16.0,212,16.71,85
2024,Mississippi State,SEC,1,21,0,East,8,68.9135,148,67.0611,201,108.092,118,113.66,60,100.016,55,95.6804,20,17.9796,30,19.5912070960278,148,51.369070574624,155,29.0397223293482,219,19.9420769549028,130,49.4000827472073,232,30.6578402978899,165,76.88,226,1.07,65,0.25,142,0.76,87,-1.32,326,-2.05,322,0.66,91,2.52156,54,34.07,113,22.98,60,14.81,334,16.6,289,16.68,289,28.91,14,41.11,96,22.9,237,26.38,26,5.51,337,4.07,340,29.36,79,28.12,47,18.17,219,12.25,335,12.08,293
2024,Michigan State,Big Ten,2,19,0,East,9,66.3965,288,65.1871,305,109.535,93,113.763,57,99.3536,36,93.7282,8,20.0344,18,16.6993335946688,299,56.6052528420227,27,26.6954135633085,280,19.4204152249135,155,46.4532871972318,321,34.1262975778547,58,77.27,153,0.8,86,0.63,103,-0.99,301,-0.07,194,0.31,154,0.72,83,2.49035,61,31.03,176,13.28,347,21.32,132,19.45,185,18.13,245,27.79,22,37.18,155,30.06,109,18.02,145,7.54,293,7.18,210,31.17,48,25.27,108,16.54,274,14.89,259,12.12,291
2024,Saint Mary's,WCC,1,26,1,East,5,63.3514,355,61.9456,358,114.915,21,114.901,45,93.5732,3,95.0135,16,19.888,20,15.1100041511,339,53.6322125363221,89,31.2577833125778,152,20.9068010075567,75,54.3073047858942,55,24.7858942065491,341,78.5,18,1.07,67,1.07,55,1.39,29,1.16,48,2.15,19,1.07,49,1.87693,172,27.54,250,22.55,72,19.71,189,16.14,300,20.1,173,21.46,154,46.61,33,20.27,289,17.95,147,12.03,151,3.05,356,24.68,217,25.96,90,21.9,94,14.05,290,13.36,236
2024,Grand Canyon,WAC,2,29,1,East,12,69.3343,122,68.1075,134,112.74,40,113.48,63,95.7241,6,99.5663,51,13.9138,53,25.3686200378072,2,48.3175803402646,255,26.3137996219282,292,20.862676056338,78,50.6161971830986,191,28.5211267605634,252,78.09,45,0.14,157,0.29,136,1.87,17,0.79,70,1.71,45,0.22,134,2.49755,59,25.16,292,16.61,271,18.71,222,29.3,6,16.01,309,19.32,222,37.53,150,28.52,128,17.59,158,10.92,181,5.37,295,26.8,136,24.7,140,24.27,41,12.83,323,11.34,324
2024,Alabama,SEC,5,21,0,East,4,74.1625,7,72.6437,10,121.712,2,125.604,2,108.031,254,103.121,112,22.4823,13,19.4902548725637,152,43.3583208395802,351,37.1514242878561,31,22.3885562208916,34,49.9667332002661,210,27.6447105788423,279,78.2,36,1.59,36,2.92,1,0.58,106,-0.21,213,0.43,141,2.26,9,2.49044,60,32.32,140,18.15,217,17.73,256,18.68,208,18.32,239,27.13,28,19.27,356,36.7,29,16.79,184,16.16,54,11.09,85,23.82,248,24.89,129,16.93,262,17.93,111,16.44,94
2024,Charleston,CAA,1,27,1,East,13,69.7286,100,69.7742,59,114.421,23,113.737,58,104.197,160,106.13,176,7.60711,98,15.8625730994152,323,44.8830409356725,335,39.2543859649123,15,16.7329093799682,283,52.1462639109698,122,31.120826709062,147,77.5,117,1.0,69,1.07,56,-0.54,254,-0.78,281,1.11,91,1.03,55,1.68641,221,39.77,24,21.44,100,23.85,63,18.21,225,17.29,273,19.2,225,27.13,324,26.13,164,23.26,59,16.26,53,7.19,208,28.07,106,25.17,114,17.02,260,16.81,168,12.91,256
2024,Clemson,ACC,4,21,0,East,6,67.5823,233,66.1043,260,113.635,29,117.427,27,104.781,179,100.49,67,16.9367,34,18.2046678635548,226,49.9102333931777,200,31.8850987432675,133,19.5864221615295,146,46.3519313304721,324,34.0616465079984,62,78.47,20,0.59,100,2.18,8,1.69,21,0.79,70,1.44,65,1.39,34,2.81069,25,28.68,231,15.74,297,27.64,11,17.23,269,16.24,303,23.09,100,21.79,349,28.81,124,37.73,2,7.45,299,4.15,337,19.64,332,25.26,110,30.12,2,11.56,350,13.35,239
2024,New Mexico,MWC,1,26,1,East,11,72.4265,22,72.6818,8,112.623,41,115.408,41,98.1694,29,96.4708,23,18.9369,23,19.0526687875574,173,57.4054436196536,18,23.541887592789,333,20.4737053392212,97,51.7061421116018,138,27.820152549177,272,77.06,193,0.27,138,1.41,30,-0.66,269,-1.21,307,-0.18,201,0.84,71,2.62072,41,32.22,146,16.67,270,20.19,166,15.41,320,22.87,88,24.84,58,34.29,219,42.3,7,12.47,288,4.08,356,6.8,229,27.48,118,29.04,33,18.71,196,10.56,358,14.16,187
2024,Baylor,Big 12,2,23,0,East,3,66.8428,270,65.6019,281,117.262,15,122.491,6,104.166,157,100.186,64,22.305,14,20.9713024282561,74,46.3576158940397,314,32.6710816777042,116,18.2306738321621,220,53.4931789995866,78,28.2761471682513,260,78.26,32,1.67,33,1.7,17,-0.12,191,1.03,56,1.38,72,1.69,21,2.32054,88,24.37,303,20.68,131,18.37,233,22.56,79,18.52,225,19.85,202,43.21,67,26.1,165,15.21,228,9.62,231,5.82,279,23.13,267,24.56,145,17.22,250,17.41,133,17.67,52
2024,Colgate,Patriot,1,25,1,East,14,66.1152,302,66.2214,253,106.356,151,104.651,211,96.8562,16,102.501,104,2.15007,145,14.9391523289971,342,52.7066722618548,116,32.3541754091481,122,14.6485260770975,349,52.4263038548753,111,32.9251700680272,83,77.93,64,1.09,62,1.11,50,1.13,45,0.87,66,-0.24,208,1.1,47,2.001,151,36.83,58,22.77,65,19.33,203,17.98,238,18.65,218,21.22,164,47.75,24,25.41,180,15.71,208,5.76,331,5.28,300,21.58,306,19.91,280,18.79,189,14.74,266,24.93,3
2024,Dayton,A-10,2,24,0,East,7,64.5594,348,64.1751,337,115.089,20,118.604,18,102.217,102,101.307,87,17.2976,32,19.4444444444444,155,42.5653594771242,358,37.9901960784314,23,14.1814865481076,353,51.6187870497036,142,34.1997264021888,56,76.96,208,0.81,85,0.26,140,0.33,134,-0.63,266,-1.64,304,0.53,105,2.41661,71,21.21,345,30.77,4,17.82,251,19.23,190,15.7,317,16.4,301,34.34,218,26.42,158,11.6,308,17.45,35,10.09,115,31.8,32,22.14,216,19.85,150,16.04,209,10.1,344
2024,Nevada,MWC,1,26,0,East,10,67.0332,266,66.6261,235,112.969,37,115.582,40,100.085,57,98.7643,36,16.818,36,23.3734939759036,17,50.1204819277108,196,26.5060240963855,287,19.8917456021651,133,47.9025710419486,276,32.2056833558863,104,77.95,61,-0.02,175,0.18,150,0.88,59,1.61,28,1.43,67,0.08,157,3.1952,7,25.45,290,20.68,130,16.12,309,16.13,301,27.49,17,19.56,210,35.7,187,20.79,276,25.65,35,10.9,183,6.9,222,27.61,116,18.96,299,23.98,46,16.22,198,13.2,242
2024,Arizona,Pac-12,3,25,0,East,2,73.376,11,71.8363,16,117.653,10,121.127,8,96.9086,17,94.5032,12,26.6237,6,19.2859419827861,164,53.5543512910424,94,27.1597067261715,270,15.9984579799537,323,51.5034695451041,149,32.4980724749422,93,78.06,53,3.15,5,-0.33,226,-0.18,208,0.57,118,1.42,69,1.41,30,2.36067,81,26.22,279,22.21,80,19.49,197,18.09,230,23.73,69,16.41,300,49.17,15,22.39,249,15.68,212,7.68,290,5.01,308,35.34,11,18.88,303,15.91,296,17.73,120,12.08,294
2024,Long Beach State,Big West,1,21,1,East,15,71.9116,34,71.2551,27,106.086,159,107.739,147,105.086,185,107.757,210,-0.0179405,163,21.6518718641451,51,57.2751833269008,19,21.0729448089541,353,18.6028560401389,195,44.6931686607487,346,36.7039752991123,15,77.17,167,0.7,92,-0.3,221,-0.12,191,1.04,55,-1.15,287,0.2,137,2.42807,69,26.21,280,17.43,246,19.82,181,20.26,156,17.9,254,24.55,68,33.98,225,20.43,286,15.61,217,21.69,8,8.21,170,29.85,63,20.8,260,19.61,160,19.7,56,9.98,349
2024,Purdue,Big Ten,6,29,0,Midwest,1,68.986,144,67.3768,174,119.453,4,124.99,4,100.728,71,95.8716,21,29.1188,3,21.0214886328247,70,49.2681407661165,227,29.7103706010589,204,14.3441099962839,351,54.3292456335935,54,31.3266443701226,143,78.08,47,5.45,1,0.89,77,0.13,156,-0.96,294,-0.75,262,3.17,1,2.44299,67,27.34,261,33.47,1,12.93,357,16.61,288,19.28,198,17.68,270,50.72,11,22.48,246,13.8,259,5.01,344,7.96,180,34.17,16,17.73,328,15.61,304,11.3,352,21.16,16
2024,Grambling,SWAC,1,21,1,Midwest,16,66.2915,294,64.8219,314,97.5516,313,99.2748,297,102.899,117,107.085,197,-7.81011,267,22.2067686601762,36,53.8711172925359,84,23.9221140472879,328,19.8343504795118,136,51.7872711421099,137,28.3783783783784,257,76.76,243,0.3,135,-0.21,211,-0.56,255,-1.52,334,0.11,169,0.04,164,1.71238,210,34.64,99,14.5,327,21.37,131,17.25,267,21.4,122,25.45,50,37.72,145,20.78,279,19.1,120,10.83,186,11.51,77,25.24,196,20.53,269,23.32,60,16.11,203,14.74,162
2024,Utah State,MWC,2,27,0,Midwest,8,69.0912,136,68.5317,107,112.576,42,115.616,39,101.866,92,100.502,68,15.1145,48,20.5916250480215,89,55.3207837111026,49,24.0875912408759,325,18.2387312186978,219,55.0918196994992,32,26.669449081803,307,77.28,152,0.96,73,0.23,145,-1.41,342,-0.21,213,1.19,89,0.6,99,2.37466,80,23.36,326,17.96,229,24.48,47,18.14,228,21.53,116,17.87,268,29.34,296,35.91,34,16.32,192,10.71,190,7.69,188,23.17,265,26.28,84,14.54,321,18.3,98,17.69,51
2024,TCU,Big 12,1,21,0,Midwest,9,70.6411,62,69.6647,63,110.06,83,115.101,44,99.7082,49,97.8086,31,17.2925,33,19.9106810569408,129,55.0800148864905,57,25.0093040565687,313,19.7211972119721,141,52.7265272652727,99,27.5522755227552,283,78.08,48,0.21,147,0.97,65,1.96,9,0.49,126,1.11,91,0.59,100,3.39031,3,33.66,119,15.92,293,21.16,135,22.55,80,19.36,194,21.0,172,43.88,59,20.42,287,24.39,44,8.13,278,3.15,354,25.54,185,21.04,248,20.4,128,16.34,193,16.66,87
2024,Gonzaga,WCC,3,25,0,Midwest,5,69.7948,98,69.0906,83,119.756,3,121.0,9,99.6295,46,99.4359,46,21.5643,15,16.361071932299,308,58.6741889985896,9,24.9647390691114,314,16.1658908167584,317,50.6982649174778,187,33.1358442657639,79,77.66,92,0.55,113,1.56,24,1.93,10,-0.66,269,-0.76,263,1.06,51,2.06142,131,21.38,343,23.1,55,26.7,14,15.93,306,17.36,271,16.87,291,31.66,264,35.47,43,23.65,53,3.81,358,5.36,296,26.71,139,28.03,48,20.5,124,9.96,361,14.76,155
2024,McNeese State,Southland,1,30,1,Midwest,12,66.8129,273,65.5784,282,117.513,11,114.034,51,96.1176,10,101.171,84,12.8625,60,20.4700854700855,98,50.9401709401709,166,28.5897435897436,233,20.0205867215646,124,40.452907874421,361,39.5265054040144,3,75.99,337,-0.75,255,-1.0,294,-1.2,330,-1.87,342,-0.89,267,-0.87,299,2.20246,103,26.66,273,16.81,263,18.05,243,21.69,106,17.28,275,26.15,43,25.98,331,42.12,8,11.01,320,9.77,221,11.11,84,23.53,258,30.92,17,14.51,322,12.42,332,18.61,37
2024,Kansas,Big 12,2,22,0,Midwest,4,69.6118,104,68.9374,92,107.292,134,113.385,65,99.1572,35,94.1588,10,19.2258,22,17.9806918744972,238,58.9702333065165,7,23.0490748189863,338,17.0258620689655,276,46.3793103448276,323,36.5948275862069,18,78.85,6,3.73,2,1.11,51,1.88,11,0.65,106,1.21,87,2.42,6,2.85292,22,24.11,310,26.31,14,23.64,65,21.96,98,15.39,328,12.65,353,38.23,136,21.83,257,22.35,72,12.09,148,5.42,291,37.82,2,23.64,170,16.48,279,14.87,260,7.14,362
2024,Samford,Southern,1,29,1,Midwest,13,73.7641,9,72.4765,14,113.993,26,113.084,69,100.909,76,103.292,116,9.79216,81,18.687230989957,196,46.3414634146341,316,34.9713055954089,64,20.2992317023858,108,47.7961989486454,283,31.9045693489689,113,75.76,349,-0.04,177,-1.13,320,-0.37,229,-2.47,356,-2.83,350,-0.59,258,2.19516,104,44.4,5,26.88,9,20.58,148,22.91,69,15.94,310,13.68,347,42.81,73,22.09,253,14.42,247,10.24,210,10.4,107,26.82,134,24.93,123,22.34,85,13.19,315,12.7,265
2024,South Carolina,SEC,1,26,0,Midwest,6,64.7592,345,62.8797,354,110.675,70,114.702,46,102.714,112,99.6458,54,15.0562,49,18.2040816326531,227,48.2448979591837,256,33.5510204081633,95,19.3295602960383,159,54.1575968654767,61,26.512842838485,309,77.43,135,-0.38,212,0.13,155,0.38,126,0.24,155,1.11,91,-0.13,184,2.78369,27,34.05,114,22.19,81,22.08,108,16.59,290,15.8,315,23.28,97,31.78,263,30.77,99,15.85,200,12.11,147,9.43,130,27.41,120,23.85,161,15.56,306,15.0,253,18.11,44
2024,Oregon,Pac-12,2,23,1,Midwest,11,68.6239,162,67.1532,197,109.416,96,114.037,50,104.173,159,100.607,70,13.4292,55,18.1550900404263,229,52.8482175670709,112,28.9966923925028,222,18.4857801691007,200,50.9607993850884,173,30.5534204458109,178,76.85,230,0.86,80,-0.61,260,-1.07,308,0.05,176,-0.64,252,0.13,151,1.88656,170,30.68,182,20.97,118,15.75,317,23.9,54,19.08,204,20.27,189,40.73,103,22.27,251,17.91,150,13.35,110,5.7,285,31.83,31,20.42,272,17.36,245,16.96,155,13.39,235
2024,Creighton,Big East,3,23,0,Midwest,3,67.9754,213,67.0282,207,116.365,18,120.092,12,100.617,68,96.6927,24,23.3993,11,14.49378330373,350,45.5417406749556,326,39.9644760213144,8,11.9787408013083,362,62.3875715453802,1,25.6336876533115,332,78.52,15,3.17,4,1.69,18,1.1,47,0.46,131,0.54,129,2.43,5,3.16294,8,19.38,355,24.57,33,15.5,322,25.1,30,18.87,213,15.91,314,46.25,36,29.16,121,10.67,324,7.53,294,6.33,248,22.29,287,17.92,325,29.18,6,17.43,131,13.15,246
2024,Akron,MAC,1,24,1,Midwest,14,66.7904,274,65.9084,267,107.817,122,106.985,163,99.6876,47,102.05,97,4.93477,116,18.6526315789474,201,50.2736842105263,190,31.0736842105263,156,17.2460496613995,264,54.176072234763,60,28.5778781038375,247,76.79,238,-0.75,254,0.3,134,-0.37,228,-0.36,240,-0.51,233,-0.23,200,2.85732,21,31.2,167,20.73,128,30.14,2,17.08,275,18.5,228,13.5,349,20.48,352,38.06,21,23.97,48,9.76,222,7.7,187,13.4,361,37.64,2,20.14,142,12.87,321,15.92,110
2024,Texas,Big 12,2,20,0,Midwest,7,68.1959,195,67.1597,196,111.933,52,118.527,19,102.265,104,100.123,61,18.4035,27,17.7136168552478,251,53.6090518923137,90,28.6773312524385,231,20.3245089666951,107,52.2630230572161,116,27.4124679760888,285,76.66,258,0.31,133,0.54,111,-0.08,183,-2.26,352,-0.89,267,0.42,116,3.23854,4,30.3,191,27.02,8,16.14,308,14.23,335,18.14,244,24.43,71,25.41,335,31.31,92,21.68,82,16.32,50,5.19,302,23.95,243,30.2,21,18.67,198,13.77,300,13.36,237
2024,Colorado State,MWC,1,25,0,Midwest,10,66.4971,283,65.8055,270,112.111,50,115.379,42,103.134,124,98.7759,37,16.603,38,18.0914512922465,232,53.2803180914513,101,28.6282306163022,232,19.4191590810576,156,52.8825314260945,91,27.6983094928479,276,76.53,277,-1.84,345,-0.47,246,-0.45,241,0.44,134,-0.67,255,-1.15,318,2.44345,66,29.41,217,22.71,67,23.45,69,17.55,252,13.18,357,23.08,102,28.74,301,32.85,72,21.69,81,9.11,249,7.58,193,17.85,351,30.12,23,24.06,44,14.74,267,13.19,243
2024,Tennessee,SEC,4,24,0,Midwest,2,70.591,64,69.1983,79,112.545,43,117.028,29,96.0253,8,91.0569,3,25.9708,7,19.851904090268,132,46.8265162200282,299,33.3215796897038,101,21.8466611706513,45,45.0123660346249,339,33.1409727947238,78,76.57,272,0.53,114,-0.28,218,0.0,172,-0.17,208,-2.9,351,0.13,152,2.75559,29,25.81,284,21.83,90,19.72,188,25.36,26,15.4,327,17.62,272,48.18,21,17.49,320,18.42,136,10.99,180,4.85,314,29.13,82,24.85,131,18.21,218,14.36,277,13.39,233
2024,Saint Peter's,MAAC,1,19,1,Midwest,15,65.2369,336,63.953,338,99.4394,292,98.5891,305,96.5396,12,100.911,76,-2.32155,187,23.4155781325593,13,49.7339138848573,211,26.8505079825835,278,24.1311796377876,15,48.8497307880568,253,27.0190895741557,296,77.25,157,-0.32,204,-0.91,287,-0.72,275,0.4,138,2.11,20,-0.61,262,1.03811,316,37.21,54,15.89,294,29.54,5,18.98,202,15.89,314,19.7,206,38.48,131,25.77,174,12.4,291,13.19,118,10.16,114,24.25,234,26.42,81,12.77,350,16.41,188,20.16,20
2024,Houston,Big 12,3,30,0,South,1,64.1588,351,63.267,348,113.057,34,118.869,17,88.2881,1,87.1503,2,31.7189,2,17.3529411764706,265,51.1029411764706,163,31.5441176470588,143,23.2176360225141,24,45.1219512195122,337,31.6604127579737,127,75.86,345,-1.88,346,-1.04,308,-1.76,352,-1.82,341,0.11,169,-1.46,345,2.27251,92,29.75,202,15.31,312,18.95,216,20.88,136,19.53,187,25.33,53,36.4,166,26.62,154,15.77,204,13.94,94,7.26,207,25.68,180,23.13,190,19.26,172,21.11,32,10.82,333
2024,Longwood,Big South,1,21,1,South,16,67.8933,215,66.7608,227,107.318,132,105.713,188,101.377,81,104.754,146,0.959163,157,21.7745392198886,44,55.2078868409773,51,23.0175739391342,339,19.5903829029386,145,48.0854853072128,269,32.3241317898486,100,77.07,191,0.13,158,-1.03,296,0.88,59,-0.41,248,0.11,169,-0.45,237,2.03755,138,29.45,214,26.3,15,19.27,205,17.37,260,14.88,340,22.17,133,41.46,89,13.51,354,17.56,160,16.41,47,11.03,89,27.87,109,22.2,213,20.2,141,15.02,252,14.69,164
2024,Nebraska,Big Ten,1,23,0,South,8,69.2526,125,68.6089,103,110.955,63,115.868,36,100.262,60,97.6758,30,18.1917,28,18.9178963299281,178,44.8732500945895,336,36.2088535754824,41,17.212774782248,267,46.9514724180838,307,35.8357527996682,31,77.44,131,0.01,171,0.39,125,0.79,84,0.24,154,0.12,168,0.2,138,2.54023,50,34.66,98,20.49,138,20.09,169,21.04,127,18.97,209,19.36,220,30.74,279,25.71,175,27.34,14,6.75,314,9.39,132,26.74,138,22.97,194,19.99,147,15.22,239,15.03,143
2024,Texas A&M,SEC,2,20,0,South,9,67.4371,249,65.8397,269,110.767,66,116.002,31,104.483,168,99.8937,57,16.1079,44,22.9897660818713,24,49.0497076023392,240,27.9605263157895,249,18.4098803550753,206,44.7703589347742,344,36.8197607101505,13,77.12,181,-0.95,286,-0.03,168,0.91,57,0.37,144,-0.36,217,-0.49,243,2.56219,45,31.35,163,16.42,277,12.84,358,15.8,311,24.99,43,29.93,9,28.88,299,35.42,44,15.31,224,13.64,103,6.72,234,22.27,289,26.53,78,18.23,214,16.92,157,16.03,106
2024,Wisconsin,Big Ten,1,22,0,South,5,65.7697,316,65.1516,307,113.142,33,120.064,13,104.746,176,99.4627,47,20.6008,17,19.6428571428571,146,51.7857142857143,139,28.5714285714286,234,19.047619047619,172,51.4285714285714,153,29.5238095238095,218,78.44,22,2.24,14,1.54,26,1.04,52,0.79,70,0.92,112,1.89,12,2.55745,47,26.12,281,18.69,195,17.34,270,28.97,8,20.14,167,14.85,338,34.55,213,32.89,71,15.68,213,8.44,268,8.41,162,29.41,75,20.86,256,18.78,190,16.17,200,14.76,156
2024,James Madison,Sun Belt,2,31,1,South,12,71.1256,51,69.4735,71,115.358,19,113.86,56,96.5285,11,100.96,79,12.9,59,18.499127399651,206,50.6108202443281,179,30.8900523560209,162,21.3322435635472,63,52.3089497343686,115,26.3588067020842,313,77.29,151,-0.81,265,0.19,148,0.76,86,0.63,110,0.02,187,-0.31,219,3.06988,12,33.35,125,25.46,20,17.93,249,24.46,40,17.17,280,14.97,334,43.04,71,21.83,256,18.31,138,13.13,121,3.66,346,34.93,13,15.84,347,16.86,264,19.88,50,12.46,271
2024,Duke,ACC,4,24,0,South,4,67.7309,224,66.677,231,118.229,7,121.828,7,99.4864,41,96.9516,26,24.8766,8,18.5159010600707,205,49.8939929328622,202,31.5901060070671,141,16.4222873900293,299,55.0481776288228,33,28.5295349811479,251,78.24,33,2.13,17,2.03,10,0.05,167,0.2,161,1.11,91,2.08,10,1.75731,197,25.8,285,23.72,45,18.51,228,16.56,293,21.81,114,19.38,219,36.48,163,39.74,16,5.74,360,9.36,241,8.66,153,31.56,38,23.39,184,14.56,320,20.53,42,9.94,350
2024,Vermont,AEC,1,28,1,South,13,65.4814,326,63.2315,349,107.533,125,107.124,159,97.2349,19,100.147,62,6.97711,104,16.8977469670711,292,47.7469670710572,271,35.3552859618718,57,17.1808258186996,268,52.2069292833412,119,30.6122448979592,170,76.91,217,-1.41,324,-0.39,230,-0.33,224,0.79,70,0.23,163,-0.9,301,2.26754,94,37.01,57,21.1,113,16.54,297,18.06,231,23.04,82,21.23,162,18.48,358,28.78,125,25.73,33,15.68,67,11.27,82,18.18,347,24.7,141,20.47,126,21.47,26,15.14,137
2024,Texas Tech,Big 12,1,23,0,South,6,67.21,258,66.6395,233,111.985,51,117.945,23,102.629,110,99.3999,45,18.5449,24,20.2264740335806,109,45.9195626708317,321,33.8539632955877,87,16.4695945945946,296,51.8581081081081,132,31.6722972972973,126,76.42,302,0.1,160,-1.18,324,-1.02,305,-0.87,284,-0.57,241,-0.54,253,2.31688,89,25.03,294,18.81,190,18.7,223,18.02,235,23.96,62,20.48,182,43.39,64,25.4,181,16.79,185,7.9,284,6.48,242,27.78,111,26.96,72,16.22,286,16.94,156,12.06,296
2024,North Carolina State,ACC,5,22,1,South,11,68.9,149,68.0591,138,109.748,90,114.386,47,104.556,169,101.33,89,13.0559,58,18.7681393099,191,53.6601096420509,88,27.571751048049,259,19.0006798096533,175,50.7138001359619,185,30.2855200543848,192,77.19,165,0.58,108,0.76,89,-1.47,346,-0.7,276,1.11,91,0.67,89,3.05258,14,25.59,289,16.59,272,23.52,66,20.21,160,14.91,337,24.73,60,43.93,57,25.11,189,11.04,318,12.69,133,7.17,212,36.11,5,19.32,290,15.02,315,13.6,304,15.93,109
2024,Kentucky,SEC,1,23,0,South,3,74.0781,8,72.6509,9,119.208,5,122.715,5,106.045,211,102.69,106,20.0246,19,17.0524166099387,281,49.5575221238938,219,33.3900612661675,100,19.4296577946768,154,48.0608365019011,271,32.5095057034221,92,78.78,9,2.34,12,1.32,36,1.63,22,0.83,67,2.11,20,1.83,13,1.75941,196,35.27,89,14.26,332,15.65,318,25.12,29,22.61,92,22.34,129,41.21,94,30.82,98,17.07,174,5.03,342,5.83,278,25.52,186,24.9,126,16.55,273,13.42,311,19.59,25
2024,Oakland,Horizon,2,23,1,South,14,68.1725,198,66.6611,232,110.679,69,108.595,135,105.581,196,105.778,165,2.81758,137,18.2115594329335,225,47.1101417666303,291,34.6782988004362,68,16.3629460895976,306,49.3545937737282,233,34.2824601366743,53,76.65,261,-1.08,302,-0.92,289,-1.1,310,-0.21,213,0.9,113,-1.0,306,2.17913,107,27.01,265,17.53,242,20.38,154,21.63,110,20.28,159,20.17,191,27.69,321,37.05,26,21.27,87,6.95,310,7.03,217,18.78,343,25.44,101,23.51,54,15.4,236,16.86,74
2024,Florida,SEC,1,24,0,South,7,72.9572,16,71.6891,18,114.641,22,119.32,14,105.628,198,101.132,83,18.1881,29,20.974025974026,73,51.7532467532468,140,27.2727272727273,268,20.0982111539811,120,54.2265871623992,59,25.6752016836198,330,78.66,13,2.4,11,2.49,4,-0.4,232,0.79,70,2.34,15,2.44,4,2.38391,78,30.49,189,16.28,280,19.85,180,18.0,236,20.18,163,25.67,47,40.74,102,30.38,106,12.81,280,10.9,182,5.13,303,31.21,47,25.37,105,14.36,329,13.82,297,15.22,131
2024,Colorado,Pac-12,2,25,0,South,10,69.0823,137,67.5073,165,113.528,30,117.58,25,101.908,93,99.1138,42,18.4666,26,19.8637137989779,130,54.1737649063032,76,25.9625212947189,300,16.3526752072344,307,55.1620195930671,30,28.4853051996986,253,78.75,10,1.22,57,1.58,23,2.46,3,1.71,22,1.11,91,1.4,31,1.85741,177,23.99,313,19.32,177,20.98,139,16.35,296,16.33,298,27.02,30,35.71,186,15.55,337,19.4,117,18.25,25,11.08,86,23.91,244,17.24,337,17.74,239,19.37,63,21.75,11
2024,Marquette,Big East,3,25,0,South,2,69.3264,123,68.9764,91,112.444,45,118.295,21,100.601,67,95.5586,19,22.7368,12,14.0235457063712,354,52.0083102493075,132,33.9681440443213,81,16.8021680216802,282,47.0770421989934,302,36.1207897793264,25,78.08,50,1.59,36,1.41,31,-0.12,191,0.64,108,1.22,84,1.5,26,2.04342,137,29.85,197,18.63,200,19.37,201,19.94,172,20.11,170,21.94,138,34.2,221,21.03,274,11.62,307,20.17,12,12.97,51,23.48,260,20.81,259,18.26,213,17.0,153,20.42,19
2024,Western Kentucky,CUSA,1,22,1,South,15,75.4183,1,75.1434,1,104.938,187,105.553,191,98.5188,32,102.49,103,3.06269,132,18.2637182637183,221,56.4291564291564,32,25.3071253071253,306,18.7904967602592,184,48.2937365010799,266,32.9157667386609,84,77.31,146,0.05,167,-0.43,237,0.45,118,0.79,93,0.04,185,-0.19,196,1.37781,265,39.64,29,22.03,85,17.28,273,19.97,170,18.86,214,21.81,144,46.68,32,20.73,282,12.15,298,11.46,166,8.92,142,23.81,249,24.34,149,20.53,122,18.83,78,12.44,274
