Feature,Importance,Importance_Normalized,Baseline_Loss
Conf_Big Ten,0.0031434675317037614,1.0,0.09454207364577939
Conf_Big East,0.001466155938076849,0.4664135777735206,0.09454207364577939
Seed,0.0014492760230054996,0.46104373860670705,0.09454207364577939
Winner_Actual_Full,0.001286281377725934,0.4091918764081424,0.09454207364577939
NCG_Actual_6,0.0011806306759205576,0.3755822714926071,0.09454207364577939
NCG_Actual_Full,0.001013166584152611,0.3223085888224442,0.09454207364577939
Winner_Actual_6,0.0010049074608547703,0.3196811962330369,0.09454207364577939
Conf_WCC,0.0009634247597015422,0.30648471790620513,0.09454207364577939
Winner_Actual_12,0.0009484362663830931,0.3017165778928978,0.09454207364577939
E8_Actual_6,0.00093737259924416,0.29819700371968005,0.09454207364577939
NCG_Actual_12,0.0009352671866355439,0.29752722978774604,0.09454207364577939
E8_Actual_12,0.0009062150922758555,0.2882851765243735,0.09454207364577939
E8_Actual_Full,0.00088528953524733,0.281628337598099,0.09454207364577939
S16_Actual_6,0.0008764053058900878,0.2788020862474363,0.09454207364577939
F4_Actual_Full,0.0008534313545534161,0.2714936120529471,0.09454207364577939
S16_Actual_Full,0.0008503520839905493,0.27051403439489574,0.09454207364577939
S16_Actual_12,0.0007854971712862452,0.24988238732038223,0.09454207364577939
F4_Actual_6,0.0007634537709871325,0.24286994005417326,0.09454207364577939
Hgt2Rank,0.0007476007233174764,0.23782676798073252,0.09454207364577939
Winner_Hgt2Rank_Avg,0.0006657079527657983,0.2117750369780292,0.09454207364577939
F4_Hgt2Rank_Avg,0.0006405020777515008,0.20375654314595332,0.09454207364577939
F4_Actual_12,0.0006286638045035209,0.1999905512505118,0.09454207364577939
E8_Hgt2Rank_Avg,0.0006194009125607552,0.19704383974503453,0.09454207364577939
S16_Hgt2Rank_Avg,0.0005774965989308739,0.18371323804253528,0.09454207364577939
R32_Hgt2Rank_Avg,0.000570739277539492,0.18156359872759717,0.09454207364577939
WinStreak,0.0005687572903153026,0.18093308888322948,0.09454207364577939
Conf Tourney,0.0005667627186279889,0.18029857566901705,0.09454207364577939
RankAdjEM,0.0005323089886972165,0.16933815391078805,0.09454207364577939
RankAdjOE,0.0004479713485660147,0.14250866091281494,0.09454207364577939
Hgt2Rank_Seed_Avg,0.00042265521531718864,0.13445509172735412,0.09454207364577939
R32_DR1Rank_Avg,0.0004204712071262384,0.13376031496604732,0.09454207364577939
NCG_Hgt2Rank_Avg,0.0003922353422350783,0.1247779206494576,0.09454207364577939
R32_Hgt2_Avg,0.00037587004973831106,0.11957179323388438,0.09454207364577939
Hgt2_Seed_Avg,0.00032293371278806215,0.10273168389082482,0.09454207364577939
S16_OR2_Avg,0.00031669574602302686,0.10074726168759808,0.09454207364577939
Conf_Pac-12,0.00031344715125884715,0.09971381860876374,0.09454207364577939
R32_Actual_12,0.0003093701004206473,0.09841682705498424,0.09454207364577939
Year,0.000302526247579496,0.09623966035225011,0.09454207364577939
E8_Hgt2_Avg,0.00029654325622913147,0.09433635093676468,0.09454207364577939
RankOE,0.0002958373061232866,0.09411177406465611,0.09454207364577939
Winner_Hgt2_Avg,0.00028763652012055163,0.09150293973758732,0.09454207364577939
R32_Actual_Full,0.0002798625951261624,0.08902989844926971,0.09454207364577939
RankDE,0.0002784271121784032,0.08857324256423782,0.09454207364577939
F4_Hgt2_Avg,0.0002755835901947362,0.08766866125236221,0.09454207364577939
Hgt2,0.00027173915540257276,0.08644566952320006,0.09454207364577939
RankAdjDE,0.0002657899393465335,0.08455310470551454,0.09454207364577939
R32_DR1_Avg,0.00025288840580370286,0.08044886840826926,0.09454207364577939
R32_SizeRank_Avg,0.00021835607128924128,0.06946344095715605,0.09454207364577939
E8_SizeRank_Avg,0.00020705074757126907,0.06586699098464918,0.09454207364577939
NCG_Hgt2_Avg,0.00019653695659542503,0.06252234343546786,0.09454207364577939
OR5Rank,0.00019648066496517902,0.06250443594010541,0.09454207364577939
S16_DR1Rank_Avg,0.0001953663626407809,0.06214995404609514,0.09454207364577939
S16_Hgt2_Avg,0.00019010039332911788,0.060474743706381895,0.09454207364577939
Conf_AAC,0.0001854490064163855,0.058995044340690875,0.09454207364577939
E8_Pts4Rank_Avg,0.00018471345305201559,0.05876105007895557,0.09454207364577939
Def_3_Seed_Avg,0.00018462813972176806,0.058733910199384017,0.09454207364577939
S16_RankOE_Avg,0.00017823439603957547,0.05669993223787882,0.09454207364577939
S16_DR1_Avg,0.00017215116668403696,0.0547647351047176,0.09454207364577939
R32_OR2_Avg,0.0001716320630423679,0.05459959783626052,0.09454207364577939
S16_SizeRank_Avg,0.0001697468998121121,0.053999889644194665,0.09454207364577939
S16_AdjOE_Avg,0.00016468346858382332,0.0523891107265755,0.09454207364577939
RankDef_3_Seed_Avg,0.00016144471741834365,0.051358799093700364,0.09454207364577939
E8_OR2_Avg,0.00015868150271769466,0.05047976513747835,0.09454207364577939
R32_Actual_6,0.00015706874090319622,0.049966713293222685,0.09454207364577939
S16_OE_Avg,0.0001519997015860114,0.04835415033016977,0.09454207364577939
E8_OR5Rank_Avg,0.00014593509768108526,0.046424878326002096,0.09454207364577939
WinStreak_SD,0.0001454050953308278,0.04625627395999161,0.09454207364577939
R32_OR5Rank_Avg,0.0001388742328940623,0.04417867577553517,0.09454207364577939
R32_Size_Avg,0.00013878567091005212,0.04415050243411619,0.09454207364577939
NCG_AdjOE_Avg,0.00013827841860217238,0.04398913531237442,0.09454207364577939
Conf_Ivy,0.00013782392387712283,0.04384455143470885,0.09454207364577939
S16_OR2Rank_Avg,0.00013717441099128647,0.04363792837298302,0.09454207364577939
NCG_OE_Avg,0.00012778327757774488,0.04065042068638332,0.09454207364577939
R32_RankDE_Avg,0.00012742207990090737,0.04053551646892453,0.09454207364577939
R32_Pts1Rank_Avg,0.00012607466978403759,0.04010687831590391,0.09454207364577939
Conf_CAA,0.00011953450994521553,0.0380263224415834,0.09454207364577939
R32_AdjOE_Avg,0.00011765173505928761,0.0374273740296978,0.09454207364577939
WinStreak_Avg,0.00011658696711371042,0.03708865001399273,0.09454207364577939
S16_AdjEM_Avg,0.00011626346209801797,0.03698573658720219,0.09454207364577939
RankOff_2_Seed_Avg,0.00011514368264979591,0.03662951231037146,0.09454207364577939
R32_RankDef_3_Avg,0.00011020708851787464,0.03505908281423932,0.09454207364577939
RankTempo,0.0001088136321797939,0.034615796435733134,0.09454207364577939
E8_Pts4_Avg,0.00010558741567737173,0.03358947233030375,0.09454207364577939
Pts4,0.00010420037432933016,0.03314822668865089,0.09454207364577939
F4_Hgt1Rank_Avg,0.00010281871167265588,0.03270869211648198,0.09454207364577939
F4_RankAdjTempo_Avg,0.00010243100079947165,0.03258535352008359,0.09454207364577939
E8_OE_Avg,0.00010234058692563941,0.03255659105541031,0.09454207364577939
Conf_MVC,0.00010198277041688353,0.0324427624552587,0.09454207364577939
R32_OR1Rank_Avg,9.961500467031703e-05,0.031689528733998294,0.09454207364577939
Winner_DR3_Avg,9.95824597364442e-05,0.03167917553850809,0.09454207364577939
Off_2_Seed_Avg,8.888884113240902e-05,0.028277321218021685,0.09454207364577939
E8_RankOE_Avg,8.821543625651962e-05,0.028063097635593136,0.09454207364577939
Winner_AdjEM_Avg,8.820960915643938e-05,0.0280612439183139,0.09454207364577939
S16_RankAdjOE_Avg,8.803424329852094e-05,0.028005456525522415,0.09454207364577939
R32_RankAdjDE_Avg,8.736806008317888e-05,0.027793530297997172,0.09454207364577939
R32_OE_Avg,8.724924762620878e-05,0.02775573367507303,0.09454207364577939
Winner_RankOE_Avg,8.610945707623885e-05,0.027393143465861556,0.09454207364577939
Conf_Southern,8.401539620436771e-05,0.026726980748813814,0.09454207364577939
Conf_MAAC,8.30880695111974e-05,0.0264319795490821,0.09454207364577939
E8_Size_Avg,8.262411981173334e-05,0.02628438785462849,0.09454207364577939
F4_OE_Avg,7.981227546571823e-05,0.025389883833939246,0.09454207364577939
R32_Bench_Avg,7.957616610784757e-05,0.02531477271684026,0.09454207364577939
NCG_AdjEM_Avg,7.903657283908627e-05,0.025143117287503333,0.09454207364577939
E8_Def_3_Avg,7.834184196177374e-05,0.024922109476763838,0.09454207364577939
S16_Pts4Rank_Avg,7.769077788159773e-05,0.024714992949040983,0.09454207364577939
Size_Seed_Avg,7.723611727472601e-05,0.024570356301044403,0.09454207364577939
NCG_Def_3_Avg,7.643138470107835e-05,0.024314354746858956,0.09454207364577939
AdjTempo_Seed_Avg,7.57421265753927e-05,0.02409508792805645,0.09454207364577939
F4_AdjOE_Avg,7.4574739736738e-05,0.023723718786533305,0.09454207364577939
Winner_DR3Rank_Avg,7.264776807905382e-05,0.023110710496086685,0.09454207364577939
Winner_AdjOE_Avg,7.076032027726609e-05,0.022510275536046002,0.09454207364577939
NCG_RankOff_2_Avg,7.061630057209056e-05,0.022464459982450172,0.09454207364577939
F4_SizeRank_Avg,7.061479988168529e-05,0.022463982582766495,0.09454207364577939
Winner_Pts4Rank_Avg,7.048497945864873e-05,0.02242268410529624,0.09454207364577939
NCG_DE_Avg,7.046288991460758e-05,0.02241565697878122,0.09454207364577939
S16_Hgt1Rank_Avg,7.015159868140053e-05,0.022316629000897717,0.09454207364577939
Winner_RankTempo_Avg,6.983089309108015e-05,0.02221460612740344,0.09454207364577939
S16_Off_1_Avg,6.868661591198644e-05,0.021850588631579803,0.09454207364577939
R32_AdjDE_Avg,6.861764751785182e-05,0.02182864840365029,0.09454207364577939
E8_RankAdjTempo_Avg,6.815008952940071e-05,0.021679908840179216,0.09454207364577939
OR1_Seed_Avg,6.75291229139674e-05,0.021482366918982164,0.09454207364577939
E8_DE_Avg,6.730647294242442e-05,0.021411537502327653,0.09454207364577939
Winner_Pts5_Avg,6.717311599394038e-05,0.02136911398525962,0.09454207364577939
Conf_Sun Belt,6.630679655932059e-05,0.021093520416729822,0.09454207364577939
E8_DR3_Avg,6.616516564549035e-05,0.021048464785519447,0.09454207364577939
F4_AdjEM_Avg,6.513315610835735e-05,0.02072016187584261,0.09454207364577939
NCG_DR3_Avg,6.464125423585876e-05,0.020563678035135664,0.09454207364577939
OE,6.45636229295865e-05,0.020538981961297047,0.09454207364577939
AdjOE,6.444277221426264e-05,0.020500536927554845,0.09454207364577939
DR3,6.388325278490481e-05,0.020322542587319185,0.09454207364577939
R32_OR2Rank_Avg,6.335260962064826e-05,0.020153734365537124,0.09454207364577939
Winner_DE_Avg,6.299496326622744e-05,0.020039959894888475,0.09454207364577939
NCG_RankDE_Avg,6.239888738771016e-05,0.019850336215780768,0.09454207364577939
AdjEM,6.197951961792181e-05,0.01971692692633885,0.09454207364577939
Winner_Off_2_Avg,6.091923311583869e-05,0.019379628547593244,0.09454207364577939
F4_Pts4Rank_Avg,6.081808109856257e-05,0.019347450064355884,0.09454207364577939
E8_RankOff_2_Avg,6.0325027361932126e-05,0.01919059979259144,0.09454207364577939
F4_OR2_Avg,5.992921200187462e-05,0.019064682996548385,0.09454207364577939
R32_Def_3_Avg,5.9811085210845216e-05,0.01902710449769703,0.09454207364577939
S16_OR1_Avg,5.970446521058603e-05,0.018993186539523817,0.09454207364577939
RankAdjTempo_Seed_Avg,5.961245693809902e-05,0.018963916864695285,0.09454207364577939
R32_Off_2_Avg,5.816973315675433e-05,0.01850495752543253,0.09454207364577939
E8_Hgt1Rank_Avg,5.742186627807899e-05,0.018267046088100137,0.09454207364577939
NCG_RankOE_Avg,5.681338549683168e-05,0.01807347616090655,0.09454207364577939
Conf_OVC,5.3446367222334534e-05,0.017002360190870675,0.09454207364577939
S16_Def_3_Avg,5.28650537322678e-05,0.016817432723287874,0.09454207364577939
Winner_RankAdjTempo_Avg,5.2283883305845325e-05,0.016632550767116536,0.09454207364577939
Def_3,5.196866282747292e-05,0.016532272817625024,0.09454207364577939
E8_OR2Rank_Avg,5.174965548387922e-05,0.01646260219389983,0.09454207364577939
Hgt5_Seed_Avg,5.1746928142373805e-05,0.016461734571925717,0.09454207364577939
DR3Rank,5.118765412226445e-05,0.016283818301288677,0.09454207364577939
S16_OR1Rank_Avg,5.1013631967689044e-05,0.01622845836745119,0.09454207364577939
Conf_Big South,5.0456759218747704e-05,0.016051305989281242,0.09454207364577939
E8_OR5_Avg,4.867441439131148e-05,0.015484306391079509,0.09454207364577939
F4_Hgt1_Avg,4.8074818391516394e-05,0.015293562890869056,0.09454207364577939
Winner_RankDE_Avg,4.787905635256218e-05,0.015231287064260435,0.09454207364577939
R32_Hgt1Rank_Avg,4.709146110561113e-05,0.01498073723703694,0.09454207364577939
OR3Rank,4.692757333163433e-05,0.014928601252706293,0.09454207364577939
F4_DR3Rank_Avg,4.6636808227362714e-05,0.01483610304767027,0.09454207364577939
S16_RankOff_1_Avg,4.617128187731079e-05,0.014688009789077071,0.09454207364577939
NCG_Off_2_Avg,4.582414355648601e-05,0.014577578134439738,0.09454207364577939
F4_Pts4_Avg,4.539362573943717e-05,0.01444062179157734,0.09454207364577939
S16_RankDE_Avg,4.473675535700272e-05,0.014231658162779041,0.09454207364577939
E8_Off_2_Avg,4.44035070309573e-05,0.014125645193761735,0.09454207364577939
NCG_RankTempo_Avg,4.394512972738518e-05,0.013979826190082164,0.09454207364577939
E8_DR3Rank_Avg,4.368782066520305e-05,0.013897971022313764,0.09454207364577939
F4_Def_3_Avg,4.353748172430949e-05,0.013850145193232567,0.09454207364577939
R32_Pts1_Avg,4.314124065966929e-05,0.013724092972032928,0.09454207364577939
E8_RankAdjOE_Avg,4.2709090659495685e-05,0.01358661739901838,0.09454207364577939
Wins,4.2378105957127654e-05,0.013481324534043682,0.09454207364577939
F4_RankDE_Avg,4.196288784623359e-05,0.013349235334232854,0.09454207364577939
R32_Hgt3Rank_Avg,4.100810121804299e-05,0.01304549857902193,0.09454207364577939
E8_AdjOE_Avg,3.97673213121813e-05,0.012650781632418322,0.09454207364577939
E8_OR3_Avg,3.959449684369509e-05,0.012595802706520989,0.09454207364577939
Conf_Patriot,3.8594359227567265e-05,0.012277638893457602,0.09454207364577939
E8_DR1_Avg,3.828216429210829e-05,0.012178323429782438,0.09454207364577939
NCG_RankAdjTempo_Avg,3.7939735599790136e-05,0.012069390002328663,0.09454207364577939
Winner_OR5Rank_Avg,3.764358994726158e-05,0.011975180137094888,0.09454207364577939
Winner_Pts4_Avg,3.712416342693814e-05,0.011809940154469106,0.09454207364577939
R32_Pts4_Avg,3.668647320217988e-05,0.011670702125017907,0.09454207364577939
F4_DR3_Avg,3.649371875928675e-05,0.011609383074972349,0.09454207364577939
R32_Off_1_Avg,3.6421075932657754e-05,0.011586273936450524,0.09454207364577939
Winner_Hgt1Rank_Avg,3.6190383093909206e-05,0.011512885922602164,0.09454207364577939
Conf_Horizon,3.594461109802938e-05,0.01143470092676522,0.09454207364577939
R32_Hgt1_Avg,3.593025902451363e-05,0.011430135244641579,0.09454207364577939
NCG_RankAdjOE_Avg,3.4649132543848604e-05,0.011022583244264894,0.09454207364577939
R32_DE_Avg,3.402132310324768e-05,0.01082286448328865,0.09454207364577939
S16_OR5Rank_Avg,3.382580349084452e-05,0.010760665777422842,0.09454207364577939
F4_RankOE_Avg,3.311130827260422e-05,0.010533370533863244,0.09454207364577939
NCG_RankAdjEM_Avg,3.310632163995575e-05,0.010531784186112494,0.09454207364577939
NCG_DR3Rank_Avg,3.2236183871381385e-05,0.010254975929052893,0.09454207364577939
OR1,3.211827752479246e-05,0.010217467557994573,0.09454207364577939
F4_RankTempo_Avg,3.013059674235319e-05,0.009585146478679354,0.09454207364577939
R32_Hgt3_Avg,2.966940809365215e-05,0.009438433129790055,0.09454207364577939
RankAdjTempo,2.9167566293009095e-05,0.00927878719879771,0.09454207364577939
Pts5_Seed_Avg,2.9133123019081664e-05,0.009267830103303626,0.09454207364577939
Winner_Hgt1_Avg,2.8619961768866498e-05,0.009104583228621566,0.09454207364577939
Conf_Summit,2.861158861684754e-05,0.00910191956121145,0.09454207364577939
R32_OR1_Avg,2.8396749481546246e-05,0.009033574928052523,0.09454207364577939
Tempo_Seed_Avg,2.748597454430013e-05,0.008743839173488366,0.09454207364577939
E8_Off_1_Avg,2.7287429934352847e-05,0.008680678155299108,0.09454207364577939
Off_2,2.7231918656306364e-05,0.00866301890560538,0.09454207364577939
Winner_RankOff_2_Avg,2.6647406305396748e-05,0.00847707381630051,0.09454207364577939
NCG_AdjDE_Avg,2.5424505578450218e-05,0.0080880445947123,0.09454207364577939
E8_Hgt1_Avg,2.5087565397527434e-05,0.007980857172693607,0.09454207364577939
S16_OR3Rank_Avg,2.4987400294718132e-05,0.007948992646720592,0.09454207364577939
Winner_Def_3_Avg,2.444018143418769e-05,0.007774911363866099,0.09454207364577939
F4_Off_2_Avg,2.411889459204286e-05,0.007672703582521308,0.09454207364577939
F4_RankAdjDE_Avg,2.3536546724545193e-05,0.0074874470587543715,0.09454207364577939
S16_Pts4_Avg,2.315693488610937e-05,0.007366684927570509,0.09454207364577939
E8_AdjTempo_Avg,2.3029715954067664e-05,0.007326214036505586,0.09454207364577939
Winner_RankAdjDE_Avg,2.2673778163964653e-05,0.007212983094396859,0.09454207364577939
E8_RankTempo_Avg,2.2570360937737566e-05,0.007180084002809603,0.09454207364577939
NCG_OR5Rank_Avg,2.176382278541722e-05,0.0069235080578742975,0.09454207364577939
S16_Size_Avg,2.1485927886075173e-05,0.006835104122875984,0.09454207364577939
Winner_OE_Avg,2.085797719442173e-05,0.0066353404271100236,0.09454207364577939
R32_DR4_Avg,2.069188875641892e-05,0.006582504367463246,0.09454207364577939
Winner_OR1_Avg,2.0672069868651888e-05,0.006576199582200746,0.09454207364577939
Hgt1,2.0462376393179382e-05,0.006509491886524676,0.09454207364577939
DE,2.0292654181144898e-05,0.006455499850557154,0.09454207364577939
Winner_RankAdjOE_Avg,2.0287301557411763e-05,0.006453797073709883,0.09454207364577939
F4_OR5Rank_Avg,1.9486668048906974e-05,0.006199099514269577,0.09454207364577939
E8_RankDE_Avg,1.9465918253747105e-05,0.006192498588715044,0.09454207364577939
S16_OR3_Avg,1.886229181143062e-05,0.006000472923990166,0.09454207364577939
E8_RankAdjEM_Avg,1.835815712136757e-05,0.005840097578936162,0.09454207364577939
S16_Hgt1_Avg,1.772337796163148e-05,0.005638161610667376,0.09454207364577939
F4_RankAdjOE_Avg,1.747655872538778e-05,0.005559643466689626,0.09454207364577939
Hgt1Rank,1.637228329537388e-05,0.00520835132866796,0.09454207364577939
S16_RankAdjTempo_Avg,1.634845506069682e-05,0.005200771089827656,0.09454207364577939
S16_RankDef_3_Avg,1.5884633578613916e-05,0.005053220183891778,0.09454207364577939
NCG_Hgt1_Avg,1.564026072588265e-05,0.004975480283521687,0.09454207364577939
NCG_OR5_Avg,1.494728113268784e-05,0.004755029591346345,0.09454207364577939
AdjDE,1.489494840997696e-05,0.004738381503786008,0.09454207364577939
E8_AdjEM_Avg,1.4376976004940034e-05,0.004573604104365508,0.09454207364577939
NCG_Pts4_Avg,1.298308275149429e-05,0.004130178734328282,0.09454207364577939
Off_1_Seed_Avg,1.25619863948212e-05,0.0039962195467667504,0.09454207364577939
R32_RankAdjOE_Avg,1.1590264830468877e-05,0.003687095449077836,0.09454207364577939
Tempo,1.0926945779130004e-05,0.0034760803695044347,0.09454207364577939
Conf_Big Sky,1.0666110260959538e-05,0.0033931033654349533,0.09454207364577939
F4_DE_Avg,1.0385438710916461e-05,0.003303816122219512,0.09454207364577939
NCG_RankDef_3_Avg,1.0001094589109916e-05,0.003181548556885942,0.09454207364577939
R32_DR2Rank_Avg,9.764052568070336e-06,0.0031061407409473745,0.09454207364577939
R32_BenchRank_Avg,9.75107993410329e-06,0.0031020138861807167,0.09454207364577939
E8_Pts5_Avg,9.751039464447886e-06,0.0031020010119725385,0.09454207364577939
Conf_MAC,9.642922726649239e-06,0.0030676069116014597,0.09454207364577939
Conf_AEC,9.332165120154445e-06,0.002968748691066138,0.09454207364577939
E8_Pts1_Avg,8.742536501210596e-06,0.0027811760143971126,0.09454207364577939
NCG_Hgt1Rank_Avg,8.719140932436642e-06,0.0027737334152488804,0.09454207364577939
F4_Tempo_Avg,8.26717494281648e-06,0.0026299539789856412,0.09454207364577939
S16_Tempo_Avg,8.246083918847513e-06,0.0026232445017105458,0.09454207364577939
Pts5Rank_Seed_Avg,5.1119350524542195e-06,0.0016262089558416871,0.09454207364577939
F4_RankOff_2_Avg,4.877508195139102e-06,0.0015516330758776724,0.09454207364577939
Pts4Rank,4.52254945224051e-06,0.001438713588299506,0.09454207364577939
AdjTempo,4.439471373240966e-06,0.0014122847869323372,0.09454207364577939
Conf_MEAC,4.395722569203175e-06,0.0013983674158774247,0.09454207364577939
E8_Tempo_Avg,4.359796954872541e-06,0.0013869387582029608,0.09454207364577939
NCG_Pts4Rank_Avg,4.308679190628828e-06,0.0013706771732722562,0.09454207364577939
Conf_SWAC,3.917463681710198e-06,0.0012462236820327299,0.09454207364577939
Winner_OR5_Avg,3.7305859908604022e-06,0.001186774144550627,0.09454207364577939
RankAdjDE_Seed_Avg,3.422759037516321e-06,0.0010888482234970576,0.09454207364577939
E8_AdjDE_Avg,3.326601801745266e-06,0.0010582586803249867,0.09454207364577939
E8_DR4_Avg,3.3017468375057257e-06,0.0010503518182407238,0.09454207364577939
F4_RankDef_3_Avg,2.864934313562273e-06,0.0009113930030031125,0.09454207364577939
E8_RankDef_3_Avg,2.4544054083724953e-06,0.0007807955334732553,0.09454207364577939
F4_AdjTempo_Avg,2.0345160680890206e-06,0.0006472203220073699,0.09454207364577939
Conf_Southland,1.9356010659554723e-06,0.0006157534781045998,0.09454207364577939
Off_3_Seed_Avg,1.6452427291369087e-06,0.0005233846739448224,0.09454207364577939
Conf_A-Sun,1.09067326749257e-06,0.00034696501760952644,0.09454207364577939
NCG_Tempo_Avg,8.164768914575848e-07,0.00025973765697368407,0.09454207364577939
OR5,3.3722971050365036e-07,0.00010727952717897857,0.09454207364577939
Hgt1_Seed_Avg,1.3898107825704997e-07,4.421266542610737e-05,0.09454207364577939
Conf_Pac-10,2.7755575615628914e-17,8.829604675632e-15,0.09454207364577939
Conf_Mid-Cont,2.7755575615628914e-17,8.829604675632e-15,0.09454207364577939
First_Year,2.7755575615628914e-17,8.829604675632e-15,0.09454207364577939
Conf_CUSA,-3.3666191638637155e-07,-0.00010709890049473505,0.09454207364577939
S16_AdjTempo_Avg,-1.6356194714323147e-06,-0.0005203233228707178,0.09454207364577939
Conf_NEC,-1.645043872650076e-06,-0.0005233214137123476,0.09454207364577939
R32_RankAdjTempo_Avg,-2.1879087262616226e-06,-0.0006960175997350845,0.09454207364577939
F4_OR5_Avg,-2.38651689650482e-06,-0.0007591988377278789,0.09454207364577939
RankOE_Seed_Avg,-2.6051932032339353e-06,-0.000828764151994253,0.09454207364577939
F4_AdjDE_Avg,-3.3747384775573153e-06,-0.001073571921300617,0.09454207364577939
F4_RankAdjEM_Avg,-3.379173343767694e-06,-0.0010749827410929803,0.09454207364577939
OR5Rank_Seed_Avg,-3.996008434939413e-06,-0.001271210341648916,0.09454207364577939
R32_DR3_Avg,-4.3533229005660035e-06,-0.001384879231822859,0.09454207364577939
Conf_SEC,-4.450115340517979e-06,-0.0014156708461709525,0.09454207364577939
R32_AdjTempo_Avg,-4.5920031376961434e-06,-0.0014608081971208638,0.09454207364577939
Pts4Rank_Seed_Avg,-4.793081932880083e-06,-0.0015247753904053306,0.09454207364577939
Winner_RankAdjEM_Avg,-5.420812131257113e-06,-0.0017244689428425654,0.09454207364577939
R32_Pts4Rank_Avg,-5.8858121774058025e-06,-0.0018723947736198467,0.09454207364577939
S16_RankAdjEM_Avg,-6.1458029862321295e-06,-0.00195510305872353,0.09454207364577939
NCG_Pts5_Avg,-6.419328074380726e-06,-0.002042116869233717,0.09454207364577939
HgtEff_Seed_Avg,-6.425612860114227e-06,-0.002044116185488813,0.09454207364577939
Conf_Big West,-6.827954483659693e-06,-0.0021721091166985707,0.09454207364577939
NCG_RankAdjDE_Avg,-7.146069292127133e-06,-0.002273307810580108,0.09454207364577939
Winner_AdjDE_Avg,-8.161666246397914e-06,-0.0025963895488286736,0.09454207364577939
Winner_Off_1_Avg,-8.29879275492107e-06,-0.0026400122384668367,0.09454207364577939
R32_OR5_Avg,-9.660899957630864e-06,-0.0030733258289436347,0.09454207364577939
RankDE_Seed_Avg,-9.888286591083761e-06,-0.0031456620726488956,0.09454207364577939
RankAdjEM_Seed_Avg,-1.0211813936678027e-05,-0.0032485826030285788,0.09454207364577939
OR1Rank_Seed_Avg,-1.0366503174610853e-05,-0.0032977923487544983,0.09454207364577939
NCG_OR1_Avg,-1.0473313754949531e-05,-0.0033317709342691984,0.09454207364577939
F4_Size_Avg,-1.08414872776047e-05,-0.00344889430804097,0.09454207364577939
F4_OR1_Avg,-1.1680793415208557e-05,-0.0037158944055889643,0.09454207364577939
S16_DR2Rank_Avg,-1.1968346688970288e-05,-0.003807370862992002,0.09454207364577939
F4_OR3_Avg,-1.2318385063950221e-05,-0.003918725082957561,0.09454207364577939
R32_Tempo_Avg,-1.2474524368935591e-05,-0.003968396124064431,0.09454207364577939
Winner_Tempo_Avg,-1.2976272578943404e-05,-0.004128012282000653,0.09454207364577939
S16_RankAdjDE_Avg,-1.3480804138335523e-05,-0.004288513879139358,0.09454207364577939
R32_Pts5_Avg,-1.3611916076655683e-05,-0.004330223213496344,0.09454207364577939
Region_Midwest,-1.410128318656001e-05,-0.004485900695439061,0.09454207364577939
DR4,-1.605549506375481e-05,-0.005107574645459348,0.09454207364577939
NCG_AdjTempo_Avg,-1.6098035585346282e-05,-0.0051211076376606116,0.09454207364577939
Winner_AdjTempo_Avg,-1.668010892950933e-05,-0.005306276830054834,0.09454207364577939
S16_Pts1_Avg,-1.670564974576294e-05,-0.005314401875405555,0.09454207364577939
Winner_OR3_Avg,-1.7126518022964055e-05,-0.005448288506317567,0.09454207364577939
Winner_RankDef_3_Avg,-1.732599556296399e-05,-0.00551174630824747,0.09454207364577939
E8_Bench_Avg,-1.752953867303897e-05,-0.005576497449470378,0.09454207364577939
F4_Def_2_Avg,-1.7848819865468046e-05,-0.005678067193458166,0.09454207364577939
R32_DR2_Avg,-1.799049608956771e-05,-0.005723137238773021,0.09454207364577939
S16_RankTempo_Avg,-1.860515961681075e-05,-0.005918674021336796,0.09454207364577939
S16_DE_Avg,-1.9861637380005903e-05,-0.006318384770858722,0.09454207364577939
Hgt3_Seed_Avg,-2.090831531163795e-05,-0.006651353990701354,0.09454207364577939
NCG_SizeRank_Avg,-2.1761959585406276e-05,-0.006922915336622319,0.09454207364577939
RankAdjOE_Seed_Avg,-2.200903907963181e-05,-0.00700151627387826,0.09454207364577939
NCG_OR2_Avg,-2.2252386989898842e-05,-0.007078930119516149,0.09454207364577939
SizeRank_Seed_Avg,-2.3264140907044983e-05,-0.007400789310661594,0.09454207364577939
Winner_Size_Avg,-2.4208086119054117e-05,-0.0077010771941815855,0.09454207364577939
NCG_Off_1_Avg,-2.424884210640299e-05,-0.00771404249028782,0.09454207364577939
S16_Hgt3Rank_Avg,-2.4354256650135908e-05,-0.00774757696858917,0.09454207364577939
R32_DR4Rank_Avg,-2.4738126206333422e-05,-0.007869693565094767,0.09454207364577939
RankTempo_Seed_Avg,-2.4991002451776878e-05,-0.007950138565048814,0.09454207364577939
NCG_Size_Avg,-2.523318345153125e-05,-0.008027181193074022,0.09454207364577939
S16_DR4_Avg,-2.5906286418145297e-05,-0.008241308732113442,0.09454207364577939
Winner_Def_2_Avg,-2.5912134702460454e-05,-0.008243169188522224,0.09454207364577939
OR5_Seed_Avg,-2.5933813851103382e-05,-0.00825006576003896,0.09454207364577939
E8_RankAdjDE_Avg,-2.6228201038522303e-05,-0.008343716222291185,0.09454207364577939
Conf_A-10,-2.6640350940090873e-05,-0.008474829363245177,0.09454207364577939
DR3_Seed_Avg,-2.6980331007911418e-05,-0.008582983834189012,0.09454207364577939
OR3,-2.713538515826397e-05,-0.008632309665866526,0.09454207364577939
S16_Pts5_Avg,-2.7626012389106447e-05,-0.008788388017525708,0.09454207364577939
Bench_Seed_Avg,-2.768981944761828e-05,-0.008808686321188239,0.09454207364577939
E8_DR1Rank_Avg,-2.8128473476440874e-05,-0.008948230956021748,0.09454207364577939
NCG_Bench_Avg,-2.8483715688198963e-05,-0.00906124062072331,0.09454207364577939
S16_OR5_Avg,-2.8878325469508526e-05,-0.009186773898013336,0.09454207364577939
F4_Bench_Avg,-2.9069407727427832e-05,-0.009247560992517138,0.09454207364577939
Pts4_Seed_Avg,-3.1413263810717296e-05,-0.009993188570868198,0.09454207364577939
S16_DR3_Avg,-3.2428364323253134e-05,-0.01031611238105486,0.09454207364577939
Def_2,-3.314725695995058e-05,-0.010544806531526268,0.09454207364577939
E8_DR2Rank_Avg,-3.3996656735910125e-05,-0.010815017617657376,0.09454207364577939
R32_OR4_Avg,-3.41644529930768e-05,-0.01086839696879568,0.09454207364577939
RankOff_1_Seed_Avg,-3.5323524726973976e-05,-0.011237120908905524,0.09454207364577939
S16_DR4Rank_Avg,-3.5413155691638165e-05,-0.011265634314487166,0.09454207364577939
R32_RankAdjEM_Avg,-3.5465058105241254e-05,-0.011282145512099237,0.09454207364577939
AdjEM_Seed_Avg,-3.589158103371737e-05,-0.011417831000870592,0.09454207364577939
F4_Pts5_Avg,-3.6078058001862146e-05,-0.011477153060431903,0.09454207364577939
Pts5,-3.649201453637119e-05,-0.011608840927519456,0.09454207364577939
E8_OR1_Avg,-3.688763117976057e-05,-0.011734694507809168,0.09454207364577939
R32_RankOff_1_Avg,-3.7967467618651995e-05,-0.01207821211312897,0.09454207364577939
Winner_OR1Rank_Avg,-3.8716834158333824e-05,-0.012316600622672655,0.09454207364577939
NCG_OR3_Avg,-3.878645415933413e-05,-0.012338748139800841,0.09454207364577939
RankOff_3_Seed_Avg,-3.906502977121806e-05,-0.012427368623096544,0.09454207364577939
DE_Seed_Avg,-4.0609093713242506e-05,-0.012918566297782739,0.09454207364577939
E8_DR4Rank_Avg,-4.0714360800331306e-05,-0.012952053867171359,0.09454207364577939
Conf_WAC,-4.083682296258939e-05,-0.012991011534468055,0.09454207364577939
OR2,-4.092003833447433e-05,-0.013017484011452678,0.09454207364577939
Winner_SizeRank_Avg,-4.185715423196679e-05,-0.01331559935320222,0.09454207364577939
R32_OR3_Avg,-4.193409826304395e-05,-0.013340076791031986,0.09454207364577939
S16_Pts2_Avg,-4.201469412715153e-05,-0.013365715950111798,0.09454207364577939
F4_Off_1_Avg,-4.2893135747512634e-05,-0.013645165828789245,0.09454207364577939
NCG_Pts1_Avg,-4.379849417114612e-05,-0.013933178481855452,0.09454207364577939
HgtEffRank_Seed_Avg,-4.429792028483315e-05,-0.014092055934429724,0.09454207364577939
R32_AdjEM_Avg,-4.630372901949509e-05,-0.014730143878533537,0.09454207364577939
S16_Hgt3_Avg,-4.652646633286628e-05,-0.014801001080373464,0.09454207364577939
R32_RankOE_Avg,-4.795005047679435e-05,-0.015253871717518708,0.09454207364577939
Hgt4_Seed_Avg,-4.8498205937191896e-05,-0.015428250951555348,0.09454207364577939
R32_HgtEff_Avg,-4.87134661582983e-05,-0.015496729540545174,0.09454207364577939
Hgt1Rank_Seed_Avg,-4.9194839578312055e-05,-0.01564986406958319,0.09454207364577939
Hgt5Rank_Seed_Avg,-5.0090845674921614e-05,-0.015934901560052808,0.09454207364577939
RankOff_2,-5.0092805609719404e-05,-0.015935525054578525,0.09454207364577939
DR3Rank_Seed_Avg,-5.018592301217484e-05,-0.015965147565871005,0.09454207364577939
Off_1,-5.032604872351465e-05,-0.016009724362013023,0.09454207364577939
NCG_Def_2_Avg,-5.177613497935052e-05,-0.016471025851915774,0.09454207364577939
Winner_OR2_Avg,-5.491484499424437e-05,-0.017469512390503518,0.09454207364577939
S16_DR3Rank_Avg,-5.594060615224383e-05,-0.017795827565594096,0.09454207364577939
F4_RankDef_2_Avg,-5.603780716863238e-05,-0.017826749156292336,0.09454207364577939
F4_Pts1_Avg,-5.6859855888116706e-05,-0.01808825932339076,0.09454207364577939
Hgt3,-5.8548456714824226e-05,-0.018625437076835633,0.09454207364577939
F4_Pts2_Avg,-6.010884334983757e-05,-0.019121827327180485,0.09454207364577939
Winner_Bench_Avg,-6.0181707897816183e-05,-0.019145006999705724,0.09454207364577939
S16_RankDef_2_Avg,-6.054665492599698e-05,-0.019261103960943618,0.09454207364577939
S16_Def_2_Avg,-6.122703495863024e-05,-0.019477546480476976,0.09454207364577939
OR4,-6.149946869818401e-05,-0.019564213111134397,0.09454207364577939
Winner_DR4_Avg,-6.178001011818146e-05,-0.01965345895737522,0.09454207364577939
Winner_Pts2_Avg,-6.181950443988338e-05,-0.01966602289236217,0.09454207364577939
E8_OR3Rank_Avg,-6.232331292374549e-05,-0.01982629446468824,0.09454207364577939
F4_OR2Rank_Avg,-6.234235943082533e-05,-0.019832353540179794,0.09454207364577939
Conf_MWC,-6.271529292914413e-05,-0.01995099115757445,0.09454207364577939
Size,-6.300533045634771e-05,-0.020043257905768403,0.09454207364577939
Winner_OR3Rank_Avg,-6.32727695705354e-05,-0.02012833564603148,0.09454207364577939
Winner_Hgt3_Avg,-6.421209801299455e-05,-0.02042715484266241,0.09454207364577939
R32_Hgt4_Avg,-6.424879724709065e-05,-0.020438829604283445,0.09454207364577939
R32_DR3Rank_Avg,-6.494338441104253e-05,-0.020659791696923675,0.09454207364577939
OE_Seed_Avg,-6.848929503243395e-05,-0.0217878169065461,0.09454207364577939
Winner_OR4_Avg,-6.858052775499113e-05,-0.021816839863404106,0.09454207364577939
NCG_Pts2Rank_Avg,-6.918835579403093e-05,-0.022010202140224047,0.09454207364577939
Bench,-7.133808475015546e-05,-0.022694073990161486,0.09454207364577939
NCG_Hgt3_Avg,-7.155987991985802e-05,-0.022764631477224934,0.09454207364577939
Pts2_Seed_Avg,-7.179535106491275e-05,-0.022839539566040824,0.09454207364577939
S16_Bench_Avg,-7.195597005663079e-05,-0.02289063568524616,0.09454207364577939
OR3_Seed_Avg,-7.220480236479199e-05,-0.02296979422773199,0.09454207364577939
BenchRank_Seed_Avg,-7.241409900889118e-05,-0.023036375683397847,0.09454207364577939
AdjOE_Seed_Avg,-7.337305964132124e-05,-0.023341440272981916,0.09454207364577939
Pts1_Seed_Avg,-7.50946248991996e-05,-0.023889104672411954,0.09454207364577939
R32_Pts5Rank_Avg,-7.509651254263006e-05,-0.023889705169605393,0.09454207364577939
E8_Pts2_Avg,-7.551750929675471e-05,-0.02402363267160077,0.09454207364577939
Pts2,-7.579298457054129e-05,-0.02411126687523362,0.09454207364577939
Last10,-7.636097712701573e-05,-0.024291956686960922,0.09454207364577939
E8_Pts5Rank_Avg,-7.720975364726435e-05,-0.024561969502963694,0.09454207364577939
S16_Pts1Rank_Avg,-7.775235594636998e-05,-0.024734582165137922,0.09454207364577939
Hgt4Rank_Seed_Avg,-7.812666121936873e-05,-0.02485365617154125,0.09454207364577939
Winner_Pts1_Avg,-7.827233024104707e-05,-0.024899996405760048,0.09454207364577939
E8_Pts1Rank_Avg,-7.84146601364305e-05,-0.024945274397006324,0.09454207364577939
RankOff_3,-7.945284921569151e-05,-0.025275543142838832,0.09454207364577939
Hgt4,-7.994321434957874e-05,-0.025431538116205535,0.09454207364577939
AdjDE_Seed_Avg,-7.994638809216692e-05,-0.02543254774730755,0.09454207364577939
S16_Pts2Rank_Avg,-8.212766897841561e-05,-0.02612645689834829,0.09454207364577939
E8_Hgt4_Avg,-8.220027737773639e-05,-0.026149555084853632,0.09454207364577939
R32_RankTempo_Avg,-8.254192446939534e-05,-0.026258239869478648,0.09454207364577939
NCG_Pts2_Avg,-8.328333686324907e-05,-0.026494098005876158,0.09454207364577939
F4_Hgt3_Avg,-8.38856307801561e-05,-0.026685699767571652,0.09454207364577939
F4_OR3Rank_Avg,-8.529538181770158e-05,-0.027134169816435617,0.09454207364577939
R32_RankOff_2_Avg,-8.597421403711003e-05,-0.02735011994557232,0.09454207364577939
R32_Pts2Rank_Avg,-8.637726629714959e-05,-0.027478338944488177,0.09454207364577939
S16_Pts5Rank_Avg,-8.672180405802643e-05,-0.02758794330890485,0.09454207364577939
Pts1,-8.801216207096618e-05,-0.02799843204464833,0.09454207364577939
Winner_Hgt4_Avg,-8.842021434053715e-05,-0.0281282416467694,0.09454207364577939
E8_Pts2Rank_Avg,-8.863857638434502e-05,-0.02819770698770439,0.09454207364577939
NCG_RankOff_1_Avg,-8.898102378443462e-05,-0.028306646366475067,0.09454207364577939
F4_DR4_Avg,-9.216661270140813e-05,-0.029320046023015155,0.09454207364577939
DR5Rank,-9.263646139141823e-05,-0.02946951430454547,0.09454207364577939
E8_Hgt3_Avg,-9.295202206820175e-05,-0.0295699004779673,0.09454207364577939
F4_Hgt4_Avg,-9.386282663503831e-05,-0.029859645658297795,0.09454207364577939
S16_Hgt4_Avg,-9.431726209990776e-05,-0.030004210684112822,0.09454207364577939
BenchRank,-9.47734696502972e-05,-0.03014933944583481,0.09454207364577939
Pts2Rank_Seed_Avg,-9.631074179455856e-05,-0.03063837651358151,0.09454207364577939
R32_Exp_Avg,-9.718496975158475e-05,-0.03091648594153299,0.09454207364577939
E8_BenchRank_Avg,-9.755478169388987e-05,-0.03103413052942052,0.09454207364577939
S16_Off_2_Avg,-9.800198201946608e-05,-0.031176393912473132,0.09454207364577939
R32_Pts2_Avg,-9.808508491376822e-05,-0.03120283060808522,0.09454207364577939
F4_HgtEff_Avg,-9.946308478653298e-05,-0.03164119997531004,0.09454207364577939
R32_ExpRank_Avg,-9.950341175397892e-05,-0.031654028791589905,0.09454207364577939
NCG_OR1Rank_Avg,-0.00010117961428868227,-0.03218726239995323,0.09454207364577939
F4_OR1Rank_Avg,-0.00010278353814180408,-0.032697502711629835,0.09454207364577939
HgtEff,-0.00010327740100193883,-0.03285461038179148,0.09454207364577939
R32_Hgt4Rank_Avg,-0.00010612944804876123,-0.033761903687053195,0.09454207364577939
NCG_DR4_Avg,-0.00010622683382482956,-0.03379288405350716,0.09454207364577939
Pts5Rank,-0.00010803879924853321,-0.034369306556818836,0.09454207364577939
NCG_DR1_Avg,-0.00010815994089019565,-0.03440784414005794,0.09454207364577939
ExpRank_Seed_Avg,-0.00010839386501650117,-0.03448226009121577,0.09454207364577939
E8_RankDef_2_Avg,-0.0001091540571459132,-0.03472409243773917,0.09454207364577939
NCG_RankDef_2_Avg,-0.00011103750328515793,-0.03532325438875315,0.09454207364577939
NCG_Hgt4_Avg,-0.00011183133828142344,-0.03557578920524456,0.09454207364577939
Winner_Hgt5Rank_Avg,-0.00011242167582198315,-0.035763587404082565,0.09454207364577939
F4_OR4_Avg,-0.00011546860007516369,-0.03673287505297681,0.09454207364577939
Winner_HgtEff_Avg,-0.000115589164402366,-0.03677122898091987,0.09454207364577939
R32_OR3Rank_Avg,-0.00011567329360843981,-0.03679799216686829,0.09454207364577939
Winner_BenchRank_Avg,-0.00011582461606975125,-0.03684613087349887,0.09454207364577939
F4_BenchRank_Avg,-0.00011703278300763398,-0.03723047298160008,0.09454207364577939
S16_HgtEff_Avg,-0.00011746077253320386,-0.037366625024289675,0.09454207364577939
Winner_DR1_Avg,-0.00011754409159166201,-0.03739313048605056,0.09454207364577939
DR1,-0.00011962638559813443,-0.03805554992747034,0.09454207364577939
NCG_OR3Rank_Avg,-0.00012005267957983234,-0.038191162583684685,0.09454207364577939
NCG_HgtEff_Avg,-0.00012190181324550631,-0.038779409049418574,0.09454207364577939
NCG_Hgt5_Avg,-0.00012197651101295004,-0.038803171905783515,0.09454207364577939
E8_Def_2_Avg,-0.000123837827829279,-0.039395294075825496,0.09454207364577939
Winner_Pts5Rank_Avg,-0.00012733624900969354,-0.04050821194284046,0.09454207364577939
R32_OR4Rank_Avg,-0.00012819084782104972,-0.04078007694629192,0.09454207364577939
S16_AdjDE_Avg,-0.0001282122692038562,-0.04078689151733184,0.09454207364577939
Winner_RankOff_1_Avg,-0.00012830820751806582,-0.04081741141716921,0.09454207364577939
R32_Pts3_Avg,-0.00012895388297125276,-0.041022813714687766,0.09454207364577939
E8_DR5_Avg,-0.0001291175341931322,-0.041074874447057014,0.09454207364577939
Winner_Off_3_Avg,-0.00013008353129181915,-0.0413821774775303,0.09454207364577939
E8_RankOff_1_Avg,-0.00013104636462131503,-0.041688474049639004,0.09454207364577939
E8_HgtEff_Avg,-0.00013129533535419236,-0.04176767662780032,0.09454207364577939
NCG_Hgt5Rank_Avg,-0.00013134889414670448,-0.04178471475272827,0.09454207364577939
Winner_Pts1Rank_Avg,-0.00013429513055664144,-0.04272197158144445,0.09454207364577939
F4_Pts1Rank_Avg,-0.00013574951364420107,-0.04318463997960391,0.09454207364577939
Exp_Seed_Avg,-0.00013751681199453136,-0.043746852991987856,0.09454207364577939
F4_Pts2Rank_Avg,-0.00013816414103029473,-0.04395278132725286,0.09454207364577939
E8_Hgt5_Avg,-0.00013973506138673097,-0.044452522565421405,0.09454207364577939
NCG_OR4_Avg,-0.0001407472559735723,-0.04477452194242553,0.09454207364577939
ExpRank,-0.00014113711913781024,-0.04489854522572843,0.09454207364577939
NCG_Pts1Rank_Avg,-0.00014133184452136405,-0.04496049127148519,0.09454207364577939
S16_RankOff_2_Avg,-0.00014308781569122297,-0.045519100880825475,0.09454207364577939
Winner_Pts2Rank_Avg,-0.00014422240960922095,-0.045880037937294144,0.09454207364577939
Def_2_Seed_Avg,-0.00014505723144001004,-0.046145611487003,0.09454207364577939
Winner_RankDef_2_Avg,-0.0001470233448310071,-0.04677107154700604,0.09454207364577939
Pts1Rank_Seed_Avg,-0.00014970757371722543,-0.04762497853320719,0.09454207364577939
S16_DR2_Avg,-0.0001499001627690566,-0.04768624496904239,0.09454207364577939
DR1_Seed_Avg,-0.00015075864049277077,-0.04795934393222744,0.09454207364577939
F4_Hgt5_Avg,-0.00015278634943310943,-0.04860439877051923,0.09454207364577939
Off_3,-0.00015333081213896038,-0.04877760326535168,0.09454207364577939
RankDef_3,-0.0001551626355547342,-0.04936034299378812,0.09454207364577939
DR4Rank,-0.0001553864789278353,-0.049431552055387615,0.09454207364577939
Winner_Hgt5_Avg,-0.0001555284780304228,-0.0494767248148182,0.09454207364577939
E8_OR4_Avg,-0.00015927907217608284,-0.05066986395426629,0.09454207364577939
E8_DR2_Avg,-0.00016028498364788202,-0.05098986454649571,0.09454207364577939
R32_Def_2_Avg,-0.00016090656275929982,-0.051187601314936555,0.09454207364577939
F4_DR1_Avg,-0.0001611326697770754,-0.05125953048725825,0.09454207364577939
DR5_Seed_Avg,-0.00016546232414142714,-0.05263688028352132,0.09454207364577939
F4_Hgt5Rank_Avg,-0.0001660703994846996,-0.052830321232772315,0.09454207364577939
E8_DR5Rank_Avg,-0.00016712786151619474,-0.0531667210908367,0.09454207364577939
NCG_Pts5Rank_Avg,-0.0001720554398892543,-0.05473428249344766,0.09454207364577939
NCG_DR4Rank_Avg,-0.0001727224475482625,-0.0549464709930205,0.09454207364577939
NCG_DR5_Avg,-0.0001741258179179389,-0.05539291122360109,0.09454207364577939
S16_Hgt4Rank_Avg,-0.00017584345884781583,-0.055939327215671464,0.09454207364577939
S16_Pts3_Avg,-0.0001765041305238635,-0.056149500112125585,0.09454207364577939
E8_Hgt4Rank_Avg,-0.00017713793333321015,-0.05635112548377469,0.09454207364577939
Hgt5,-0.00017825802986182193,-0.05670745063022998,0.09454207364577939
DR4_Seed_Avg,-0.00017930627967095714,-0.05704091989579833,0.09454207364577939
OR3Rank_Seed_Avg,-0.00018017358763658398,-0.057316827935846304,0.09454207364577939
Hgt3Rank_Seed_Avg,-0.0001803777747660107,-0.05738178395252768,0.09454207364577939
NCG_OR2Rank_Avg,-0.0001818153457077698,-0.0578391040702831,0.09454207364577939
S16_Hgt5_Avg,-0.00018461400129371475,-0.058729412482162284,0.09454207364577939
E8_Hgt5Rank_Avg,-0.0001846235617981029,-0.05873245387014919,0.09454207364577939
F4_DR5_Avg,-0.00018483764350192555,-0.05880055754917991,0.09454207364577939
R32_Hgt5_Avg,-0.0001855208705792144,-0.05901790577065766,0.09454207364577939
S16_BenchRank_Avg,-0.00018656010644090004,-0.05934850751895132,0.09454207364577939
E8_OR1Rank_Avg,-0.00019305436780175933,-0.061414462167873496,0.09454207364577939
F4_DR4Rank_Avg,-0.00019547538661893182,-0.06218463675779849,0.09454207364577939
Winner_OR2Rank_Avg,-0.00019553361611514275,-0.062203160727148786,0.09454207364577939
Winner_DR4Rank_Avg,-0.00019600437484938726,-0.06235291851198246,0.09454207364577939
R32_DR5_Avg,-0.0001964076934106579,-0.06248122222665516,0.09454207364577939
S16_ExpRank_Avg,-0.00019704279253786317,-0.06268325998298632,0.09454207364577939
OR4_Seed_Avg,-0.00019724992906929029,-0.06274915426353417,0.09454207364577939
RankDef_2_Seed_Avg,-0.00020103206278600239,-0.0639523267724171,0.09454207364577939
OR2_Seed_Avg,-0.00020479881777774045,-0.06515060700077896,0.09454207364577939
E8_Off_3_Avg,-0.0002054248508837897,-0.06534976067414613,0.09454207364577939
Winner_Exp_Avg,-0.0002079484255103764,-0.06615256032171206,0.09454207364577939
E8_OR4Rank_Avg,-0.00021067537728189367,-0.06702005831366341,0.09454207364577939
Pts3_Seed_Avg,-0.00021163843929386528,-0.06732642763424922,0.09454207364577939
NCG_DR2_Avg,-0.00021461314467746684,-0.06827274101385306,0.09454207364577939
F4_Hgt3Rank_Avg,-0.0002185113486052187,-0.06951283778228987,0.09454207364577939
F4_Pts3_Avg,-0.00021873980082839917,-0.06958551301143615,0.09454207364577939
NCG_Hgt4Rank_Avg,-0.00022143917524782009,-0.07044423809518399,0.09454207364577939
F4_RankOff_1_Avg,-0.00022431413375759157,-0.07135881999583217,0.09454207364577939
E8_Hgt3Rank_Avg,-0.00022618849097134908,-0.07195509057755553,0.09454207364577939
R32_Off_3_Avg,-0.00022961149848350904,-0.07304401784581482,0.09454207364577939
R32_RankDef_2_Avg,-0.00023013841239144517,-0.07321163971644715,0.09454207364577939
Winner_DR5_Avg,-0.0002303953539907616,-0.07329337798691599,0.09454207364577939
NCG_Pts3_Avg,-0.00023063565698058786,-0.07336982318235785,0.09454207364577939
R32_Pts3Rank_Avg,-0.00023208636529788162,-0.07383132256247313,0.09454207364577939
E8_Pts3_Avg,-0.0002324432984677216,-0.07394487015481824,0.09454207364577939
R32_Hgt5Rank_Avg,-0.00023454323146931966,-0.07461290091397797,0.09454207364577939
NCG_Off_3_Avg,-0.00023507329693697732,-0.074781525358898,0.09454207364577939
NCG_BenchRank_Avg,-0.00023619412480527235,-0.07513808315915864,0.09454207364577939
S16_OR4_Avg,-0.00024006108756520483,-0.0763682414862073,0.09454207364577939
DR5,-0.00024357086094198288,-0.07748477071432239,0.09454207364577939
F4_Def_1_Avg,-0.00024391090258052417,-0.07759294477214604,0.09454207364577939
R32_Def_1_Avg,-0.0002461478578584392,-0.0783045650625909,0.09454207364577939
F4_HgtEffRank_Avg,-0.0002513335125896715,-0.07995422572519735,0.09454207364577939
OR1Rank,-0.00025202626151660246,-0.08017460303781285,0.09454207364577939
S16_Hgt5Rank_Avg,-0.00025237301742245255,-0.0802849130385852,0.09454207364577939
Winner_ExpRank_Avg,-0.0002527929121105138,-0.08041848995128634,0.09454207364577939
Exp,-0.0002566496942934815,-0.08164540963283855,0.09454207364577939
NCG_Exp_Avg,-0.0002587970613303764,-0.0823285301089489,0.09454207364577939
S16_DR5_Avg,-0.00026038191940230826,-0.08283270521365338,0.09454207364577939
NCG_HgtEffRank_Avg,-0.0002604290891699279,-0.08284771086176136,0.09454207364577939
NCG_ExpRank_Avg,-0.00026166854669888717,-0.083242007133779,0.09454207364577939
F4_Pts5Rank_Avg,-0.0002643235032007696,-0.08408660198806192,0.09454207364577939
NCG_DR1Rank_Avg,-0.00026442182409512627,-0.08411787983437814,0.09454207364577939
Winner_Hgt4Rank_Avg,-0.0002652741898761385,-0.08438903446613928,0.09454207364577939
NCG_Hgt3Rank_Avg,-0.0002674621174642011,-0.08508505806619115,0.09454207364577939
F4_Hgt4Rank_Avg,-0.00026889828152984463,-0.08554193062846799,0.09454207364577939
Pts3,-0.00027155987780197455,-0.08638863772669188,0.09454207364577939
F4_DR2_Avg,-0.00027316262473822683,-0.08689850363753321,0.09454207364577939
E8_HgtEffRank_Avg,-0.00027641104974719666,-0.0879318927138343,0.09454207364577939
F4_Off_3_Avg,-0.00028263090142262304,-0.08991055214412758,0.09454207364577939
OR2Rank_Seed_Avg,-0.00028415838397899407,-0.09039647494783573,0.09454207364577939
F4_DR2Rank_Avg,-0.0002863310150998527,-0.09108763243521116,0.09454207364577939
Def_1_Seed_Avg,-0.0002867484888909727,-0.09122043921209355,0.09454207364577939
Winner_Pts3_Avg,-0.0002868004526288409,-0.09123696991818296,0.09454207364577939
Winner_RankOff_3_Avg,-0.00029094872285077844,-0.09255661778478241,0.09454207364577939
Def_1,-0.000291006815230449,-0.09257509813461415,0.09454207364577939
S16_HgtEffRank_Avg,-0.0002914091333189872,-0.09270308357886657,0.09454207364577939
DR1Rank_Seed_Avg,-0.00029200498998679936,-0.09289263752265718,0.09454207364577939
NCG_DR5Rank_Avg,-0.00029704565807667227,-0.09449617502989552,0.09454207364577939
S16_Exp_Avg,-0.0003086207212477654,-0.09817843452656652,0.09454207364577939
NCG_DR2Rank_Avg,-0.00031423974323292747,-0.09996595799499457,0.09454207364577939
R32_DR5Rank_Avg,-0.00031519150100434157,-0.10026873121018291,0.09454207364577939
OR2Rank,-0.0003153806262480574,-0.10032889573926056,0.09454207364577939
Winner_HgtEffRank_Avg,-0.0003156150375644706,-0.10040346667535233,0.09454207364577939
OR4Rank_Seed_Avg,-0.00031869121457446525,-0.10138206021225689,0.09454207364577939
SizeRank,-0.0003196757581232501,-0.10169526324007731,0.09454207364577939
Region_West,-0.0003200681443284725,-0.10182008915326553,0.09454207364577939
F4_Exp_Avg,-0.00032180649876042966,-0.10237309452533468,0.09454207364577939
Winner_Hgt3Rank_Avg,-0.00032903857497539046,-0.10467376286118385,0.09454207364577939
DR4Rank_Seed_Avg,-0.00032953869466553765,-0.10483286095432565,0.09454207364577939
DR5Rank_Seed_Avg,-0.0003316462935788189,-0.10550333039357541,0.09454207364577939
Pts1Rank,-0.0003340628155456826,-0.10627207444532451,0.09454207364577939
NCG_Def_1_Avg,-0.0003347306378179149,-0.10648452208968441,0.09454207364577939
R32_RankDef_1_Avg,-0.0003347383071582305,-0.10648696186049109,0.09454207364577939
Hgt5Rank,-0.0003386707496045027,-0.1077379505876248,0.09454207364577939
Winner_DR2_Avg,-0.0003387217344677368,-0.10775416989408171,0.09454207364577939
E8_Def_1_Avg,-0.00034017321261328726,-0.10821591417198866,0.09454207364577939
R32_HgtEffRank_Avg,-0.0003491236288043903,-0.11106322088053032,0.09454207364577939
Winner_DR2Rank_Avg,-0.0003495819269111744,-0.11120901469012495,0.09454207364577939
Winner_OR4Rank_Avg,-0.00034969596794322266,-0.1112452934271878,0.09454207364577939
DR2Rank_Seed_Avg,-0.0003508379274213269,-0.11160857361589242,0.09454207364577939
E8_RankOff_3_Avg,-0.0003540182683981624,-0.11262030379753415,0.09454207364577939
F4_OR4Rank_Avg,-0.0003569209272920315,-0.11354369774533034,0.09454207364577939
S16_Off_3_Avg,-0.00037559891006980206,-0.11948553827315252,0.09454207364577939
OR4Rank,-0.0003809128885534918,-0.12117602129233279,0.09454207364577939
S16_Pts3Rank_Avg,-0.000381582749932427,-0.12138911761738762,0.09454207364577939
F4_DR5Rank_Avg,-0.000384263604458826,-0.12224195115212623,0.09454207364577939
F4_ExpRank_Avg,-0.0003913775880881598,-0.12450505187054785,0.09454207364577939
DR2,-0.0003922286482027637,-0.12477579114366597,0.09454207364577939
E8_Exp_Avg,-0.0003950977529143668,-0.12568851083383817,0.09454207364577939
Pts2Rank,-0.00039902753155653115,-0.1269386521515169,0.09454207364577939
E8_ExpRank_Avg,-0.00040031232463234867,-0.1273473705692704,0.09454207364577939
S16_Def_1_Avg,-0.0004081957915199469,-0.12985525932844758,0.09454207364577939
NCG_RankOff_3_Avg,-0.0004149443928321561,-0.1320021246114974,0.09454207364577939
Winner_Def_1_Avg,-0.0004164987624788036,-0.13249660073729502,0.09454207364577939
Winner_DR5Rank_Avg,-0.00042012682007709634,-0.1336507585460529,0.09454207364577939
NCG_OR4Rank_Avg,-0.0004408309063785171,-0.14023714319695438,0.09454207364577939
RankDef_1_Seed_Avg,-0.0004432802981969436,-0.14101634380702047,0.09454207364577939
RankDef_1,-0.0004677895683641575,-0.14881323368102845,0.09454207364577939
Winner_DR1Rank_Avg,-0.0004760761113632578,-0.15144934902674953,0.09454207364577939
RankDef_2,-0.0004906050991870109,-0.1560713111361779,0.09454207364577939
Conf_ACC,-0.0004945091284421776,-0.15731326105797358,0.09454207364577939
F4_DR1Rank_Avg,-0.000531303133528116,-0.16901817122957505,0.09454207364577939
RankOff_1,-0.0005391463922191503,-0.17151326895586944,0.09454207364577939
S16_DR5Rank_Avg,-0.0005444863780365017,-0.17321202542893444,0.09454207364577939
S16_OR4Rank_Avg,-0.0005453293873687315,-0.17348020358688504,0.09454207364577939
F4_RankDef_1_Avg,-0.0005561635707875545,-0.17692677439111754,0.09454207364577939
Pts3Rank_Seed_Avg,-0.0005679740913611675,-0.18068393760482876,0.09454207364577939
F4_RankOff_3_Avg,-0.0005868775698853329,-0.18669751284729985,0.09454207364577939
DR2Rank,-0.0005921628991220479,-0.18837888196704078,0.09454207364577939
R32_RankOff_3_Avg,-0.0005985186478521531,-0.19040077297307273,0.09454207364577939
S16_RankDef_1_Avg,-0.0006184344637921724,-0.19673639302931833,0.09454207364577939
E8_RankDef_1_Avg,-0.0006202756747434174,-0.19732211912086384,0.09454207364577939
DR2_Seed_Avg,-0.0006343344850450044,-0.20179450834066506,0.09454207364577939
Pts3Rank,-0.0006451806141501842,-0.2052448793070549,0.09454207364577939
S16_RankOff_3_Avg,-0.0006780236484318497,-0.2156929065096341,0.09454207364577939
Hgt3Rank,-0.0007052800356540101,-0.224363709356256,0.09454207364577939
Region_South,-0.0007258473388179337,-0.23090658055072197,0.09454207364577939
NCG_RankDef_1_Avg,-0.0007442792394457692,-0.23677013741648842,0.09454207364577939
DR1Rank,-0.0007488740733680999,-0.2382318461429152,0.09454207364577939
F4_Pts3Rank_Avg,-0.0008262316985851448,-0.26284085655477624,0.09454207364577939
Region_East,-0.0008310350930520322,-0.2643689125688569,0.09454207364577939
E8_Pts3Rank_Avg,-0.0009001530859312212,-0.2863567308561758,0.09454207364577939
HgtEffRank,-0.0009720863854294076,-0.30924015458258486,0.09454207364577939
NCG_Pts3Rank_Avg,-0.0010576207494854273,-0.33645034943694685,0.09454207364577939
Winner_Pts3Rank_Avg,-0.001244716231275228,-0.395969170580423,0.09454207364577939
Hgt4Rank,-0.001265541275391427,-0.4025940343355488,0.09454207364577939
Winner_RankDef_1_Avg,-0.0013599949832712732,-0.43264165115589887,0.09454207364577939
Conf_Big 12,-0.001430342402566967,-0.4550205746173941,0.09454207364577939
