Team,Conf,W,AdjO,AdjD,AdjT,Luck,OppO,OppD,Year
Florida,SEC,26,118.4,83.4,62.5,-0.106,104.0,96.5,2013
Louisville,BE,29,114.6,81.0,67.2,-0.03,105.7,95.7,2013
Indiana,B10,27,123.2,89.0,67.8,-0.023,105.1,96.0,2013
Gonzaga,WCC,31,119.8,88.4,64.6,0.033,103.5,99.4,2013
Ohio St.,B10,26,114.7,86.5,64.3,0.019,105.4,95.2,2013
Duke,ACC,27,119.6,90.6,67.9,0.018,106.7,96.7,2013
Pittsburgh,BE,24,116.5,88.7,60.2,-0.059,103.5,98.7,2013
Kansas,B12,29,112.7,85.9,67.7,0.019,105.1,98.3,2013
Wisconsin,B10,23,108.8,83.6,62.0,-0.026,107.4,96.1,2013
Michigan St.,B10,25,112.8,87.3,64.4,0.006,107.3,94.9,2013
Michigan,B10,26,120.6,93.9,65.0,-0.011,105.6,96.3,2013
Georgetown,BE,25,108.0,84.4,61.9,0.048,105.3,97.1,2013
Syracuse,BE,26,114.2,89.8,64.5,-0.002,104.7,95.2,2013
Miami FL,ACC,27,113.3,89.7,63.3,0.028,106.5,97.2,2013
Creighton,MVC,27,118.3,94.8,65.0,-0.021,103.2,98.4,2013
St. Louis,A10,27,108.2,87.0,65.1,-0.005,102.6,99.0,2013
New Mexico,MWC,29,109.7,88.2,64.8,0.083,105.3,95.8,2013
Missouri,SEC,23,115.0,93.1,67.4,-0.026,103.5,97.6,2013
Arizona,P12,25,113.3,92.0,67.0,0.006,104.5,96.7,2013
Oklahoma St.,B12,24,108.4,88.1,67.7,-0.014,105.2,99.0,2013
Virginia Commonwealth,A10,26,113.3,92.2,68.4,-0.01,103.6,99.3,2013
St. Mary's,WCC,27,115.6,94.6,64.8,0.04,103.0,100.0,2013
Minnesota,B10,20,112.6,92.2,63.0,-0.035,107.3,95.5,2013
Colorado St.,MWC,25,117.8,96.5,65.0,-0.003,104.0,96.7,2013
Marquette,BE,23,113.4,93.3,64.9,0.066,104.2,94.6,2013
San Diego St.,MWC,22,106.7,88.2,66.8,-0.046,105.4,96.7,2013
North Carolina,ACC,24,112.3,93.0,70.6,0.039,105.3,96.5,2013
Kansas St.,B12,27,113.2,94.2,62.8,0.068,104.3,97.8,2013
Notre Dame,BE,25,115.3,95.9,61.6,0.045,103.4,96.1,2013
Wichita St.,MVC,26,109.1,91.3,64.6,-0.002,104.2,99.2,2013
Mississippi,SEC,26,111.8,93.6,70.8,0.002,101.9,98.5,2013
North Carolina St.,ACC,24,116.1,97.2,68.2,-0.02,105.0,97.3,2013
Nevada Las Vegas,MWC,25,105.3,88.3,68.8,-0.001,104.9,97.8,2013
Iowa St.,B12,22,116.9,98.2,69.3,-0.034,103.0,97.6,2013
Memphis,CUSA,30,107.8,90.7,69.7,0.02,102.5,101.6,2013
Cincinnati,BE,22,104.4,88.4,64.3,0.002,103.8,96.5,2013
Illinois,B10,22,109.7,93.2,66.0,0.05,107.0,95.3,2013
Oregon,P12,26,104.1,88.6,68.9,0.063,102.8,98.7,2013
UCLA,P12,25,110.4,94.3,69.3,0.062,104.3,96.0,2013
Villanova,BE,20,105.4,90.0,67.7,0.022,105.2,94.8,2013
Belmont,OVC,26,109.9,93.9,67.3,0.01,101.9,103.0,2013
Colorado,P12,21,105.8,90.8,65.0,0.04,105.7,96.4,2013
Oklahoma,B12,20,110.6,95.4,66.8,0.003,104.8,97.2,2013
Butler,A10,26,108.0,93.5,64.4,0.106,105.0,97.9,2013
Akron,MAC,26,105.6,91.7,66.6,0.012,100.7,101.0,2013
La Salle,A10,21,109.8,95.5,66.5,0.03,103.4,98.7,2013
California,P12,20,105.8,92.9,65.9,0.043,104.5,96.3,2013
Davidson,SC,26,110.4,96.8,65.2,0.016,98.5,103.4,2013
Bucknell,Pat,28,105.3,92.7,63.2,-0.022,100.5,102.3,2013
Valparaiso,Horz,26,109.8,97.3,65.9,0.024,99.5,101.6,2013
Temple,A10,23,110.6,98.3,67.0,0.04,103.7,98.7,2013
New Mexico St.,WAC,24,104.0,94.6,65.1,0.027,101.5,100.4,2013
Iona,MAAC,20,113.1,105.5,70.6,-0.097,100.5,99.6,2013
South Dakota St.,Sum,25,110.4,103.1,64.1,0.03,99.4,103.3,2013
Harvard,Ivy,19,106.1,99.8,64.4,0.015,100.9,100.9,2013
Pacific,BW,22,105.0,100.5,63.2,0.058,102.8,101.2,2013
Florida Gulf Coast,ASun,24,101.5,97.9,68.7,0.035,98.8,103.4,2013
Northwestern St.,Slnd,23,105.3,102.3,72.9,0.039,97.2,102.2,2013
Montana,BSky,25,103.5,101.6,63.8,0.12,99.6,106.1,2013
Albany,AE,24,100.7,99.0,63.1,0.088,96.3,102.0,2013
Southern,SWAC,23,95.7,96.6,64.9,-0.018,92.5,106.2,2013
James Madison,CAA,20,97.3,98.9,64.5,0.059,99.4,103.7,2013
Western Kentucky,SB,20,100.1,101.8,65.7,0.039,99.0,101.4,2013
North Carolina A&T;,MEAC,19,89.6,95.3,66.8,0.017,94.9,102.9,2013
Arizona,P12,30,113.1,86.9,64.4,0.024,108.6,100.9,2014
Louisville,Amer,29,117.4,90.6,68.9,-0.044,105.9,103.3,2014
Florida,SEC,32,115.8,90.0,63.2,0.059,107.6,100.9,2014
Virginia,ACC,28,114.0,89.5,61.0,0.028,108.5,101.1,2014
Wichita St.,MVC,34,117.7,92.7,65.0,0.009,105.1,104.2,2014
Villanova,BE,28,115.8,93.7,67.1,0.086,110.0,102.4,2014
Duke,ACC,26,124.4,101.4,66.0,-0.026,108.5,100.4,2014
Creighton,BE,26,125.7,102.5,65.1,-0.009,107.4,100.5,2014
Kansas,B12,24,118.6,96.9,68.2,-0.04,111.1,100.1,2014
Michigan St.,B10,26,117.3,96.5,65.6,-0.009,108.5,100.6,2014
Wisconsin,B10,26,119.5,98.7,64.4,0.02,108.4,99.6,2014
VCU,A10,26,107.9,89.4,70.6,-0.044,106.7,101.6,2014
Tennessee,SEC,21,113.5,94.1,63.3,-0.097,107.5,101.3,2014
Michigan,B10,25,122.3,101.6,62.8,0.055,108.5,99.8,2014
Syracuse,ACC,27,113.2,94.2,61.3,0.035,108.6,102.4,2014
UCLA,P12,26,116.8,97.5,70.1,-0.015,107.9,101.9,2014
Kentucky,SEC,24,114.9,96.3,66.0,-0.06,108.4,101.2,2014
Pittsburgh,ACC,25,115.1,96.5,64.0,-0.047,107.1,100.8,2014
Ohio St.,B10,25,107.1,89.9,65.4,-0.028,108.2,101.6,2014
Gonzaga,WCC,28,111.5,93.7,66.1,-0.006,107.9,104.6,2014
San Diego St.,MWC,29,108.0,90.9,64.1,0.078,106.6,103.3,2014
Oklahoma St.,B12,21,114.0,96.0,68.5,-0.101,108.3,101.5,2014
Iowa St.,B12,26,115.9,97.8,71.7,0.072,110.2,101.4,2014
Cincinnati,Amer,27,107.9,91.4,63.2,0.05,106.1,102.8,2014
Connecticut,Amer,26,109.5,92.9,65.0,0.059,107.5,101.4,2014
North Carolina,ACC,23,111.0,94.5,70.9,0.006,109.2,102.0,2014
New Mexico,MWC,27,112.7,96.5,66.1,0.044,106.7,103.0,2014
Oklahoma,B12,23,116.9,100.3,71.3,-0.012,108.9,101.2,2014
Oregon,P12,23,117.1,100.6,68.8,-0.032,107.6,101.6,2014
Baylor,B12,24,118.6,102.0,62.6,0.012,109.0,100.9,2014
Harvard,Ivy,26,111.2,96.3,65.1,0.024,103.3,104.5,2014
Saint Louis,A10,26,104.6,91.2,67.2,0.024,106.1,102.3,2014
Stanford,P12,21,112.5,98.7,66.5,0.006,108.4,100.9,2014
Texas,B12,23,109.5,96.3,68.2,0.086,109.2,102.1,2014
Providence,BE,23,114.3,100.6,64.9,0.068,108.6,100.8,2014
Kansas St.,B12,20,108.0,95.5,65.4,0.012,109.0,102.6,2014
Memphis,Amer,23,110.4,97.8,69.4,0.039,106.9,101.7,2014
George Washington,A10,24,109.4,96.8,67.3,0.07,106.4,102.0,2014
Arizona St.,P12,21,108.3,96.0,69.3,0.019,107.6,101.4,2014
Nebraska,B10,19,108.2,96.0,66.2,0.052,106.8,99.8,2014
Saint Joseph's,A10,24,110.3,98.1,65.7,0.091,106.7,101.6,2014
BYU,WCC,23,113.7,101.2,72.2,-0.007,108.4,102.7,2014
Massachusetts,A10,24,108.4,96.8,71.6,0.053,107.1,100.5,2014
Dayton,A10,23,113.4,101.4,65.2,0.019,106.2,102.4,2014
North Dakota St.,Sum,25,114.7,103.2,64.2,0.071,105.9,105.3,2014
Stephen F. Austin,Slnd,31,111.6,100.8,63.6,0.051,101.5,108.9,2014
Colorado,P12,23,105.9,96.2,66.4,0.11,108.2,101.0,2014
North Carolina St.,ACC,21,113.6,103.4,66.1,0.081,107.6,101.1,2014
Manhattan,MAAC,25,106.0,96.7,69.5,-0.003,105.0,105.4,2014
Tulsa,CUSA,21,105.3,96.0,68.5,-0.025,104.4,103.6,2014
New Mexico St.,WAC,26,112.1,102.7,66.5,-0.017,103.3,105.8,2014
North Carolina Central,MEAC,28,107.5,99.0,64.3,0.037,98.3,107.0,2014
American,Pat,20,103.2,97.3,61.4,-0.032,103.1,105.4,2014
Mercer,ASun,26,107.5,101.6,65.0,0.007,102.7,107.9,2014
Delaware,CAA,25,110.9,105.6,72.1,0.059,104.8,105.3,2014
Western Michigan,MAC,23,106.7,102.3,66.9,0.086,103.3,105.4,2014
Louisiana Lafayette,SB,23,109.9,105.7,69.9,0.046,104.5,104.6,2014
Eastern Kentucky,OVC,24,111.3,108.3,66.1,0.041,103.7,108.4,2014
Milwaukee,Horz,21,104.5,104.9,67.5,0.12,104.0,103.7,2014
Weber St.,BSky,19,105.6,106.4,64.4,-0.001,103.4,109.3,2014
Cal Poly,BW,13,103.2,104.3,60.2,-0.059,107.0,104.5,2014
Albany,AE,18,101.9,103.4,63.2,-0.002,101.0,106.0,2014
Wofford,SC,20,100.9,102.8,62.0,0.024,103.2,108.5,2014
Coastal Carolina,BSth,21,97.3,102.5,67.2,0.042,101.7,109.9,2014
Kentucky,SEC,34,119.7,85.8,63.4,0.055,105.3,99.1,2015
Arizona,P12,31,116.0,86.4,66.7,-0.028,105.1,99.6,2015
Wisconsin,B10,31,124.7,94.3,58.7,0.009,106.0,98.4,2015
Virginia,ACC,29,112.2,85.4,58.2,0.032,105.6,99.0,2015
Villanova,BE,32,120.8,92.2,64.5,0.044,105.1,98.5,2015
Gonzaga,WCC,32,119.4,93.4,65.1,0.013,104.7,101.3,2015
Duke,ACC,29,122.0,96.1,66.2,0.067,107.1,99.2,2015
Utah,P12,24,113.0,90.6,61.2,-0.056,105.5,99.6,2015
Oklahoma,B12,22,109.3,88.9,67.6,-0.046,107.9,98.3,2015
Notre Dame,ACC,29,122.2,99.7,64.1,0.064,104.3,100.6,2015
Kansas,B12,26,110.8,90.5,67.4,0.079,108.5,96.4,2015
Northern Iowa,MVC,30,113.8,93.2,58.5,0.01,102.0,101.6,2015
Iowa St.,B12,25,118.9,97.7,69.6,0.023,106.4,97.5,2015
Wichita St.,MVC,28,113.0,92.9,62.1,0.018,102.0,100.4,2015
Baylor,B12,24,114.8,94.5,62.2,-0.018,106.4,97.4,2015
North Carolina,ACC,24,115.3,95.0,70.0,-0.034,108.1,97.5,2015
Michigan St.,B10,23,114.1,96.1,63.7,-0.053,107.1,99.9,2015
Louisville,ACC,24,105.9,89.4,65.5,0.027,106.2,99.2,2015
SMU,Amer,27,112.3,94.9,63.8,0.014,103.3,100.5,2015
Texas,B12,20,110.3,93.3,62.3,-0.071,106.2,98.0,2015
Ohio St.,B10,23,111.6,94.7,66.4,-0.051,105.1,100.7,2015
Georgetown,BE,21,110.3,93.7,64.4,-0.002,107.6,99.0,2015
Butler,BE,22,107.5,91.7,63.8,-0.014,107.0,100.0,2015
Iowa,B10,21,111.1,94.9,64.3,-0.003,105.5,99.3,2015
West Virginia,B12,23,111.2,95.4,68.7,0.05,106.3,98.4,2015
Xavier,BE,21,111.9,96.1,65.7,-0.063,106.7,98.0,2015
San Diego St.,MWC,26,102.4,88.3,60.7,0.014,103.6,100.8,2015
Providence,BE,22,110.7,95.5,65.7,0.043,107.2,98.2,2015
Arkansas,SEC,26,113.0,97.7,70.0,0.047,105.2,99.8,2015
VCU,A10,26,108.1,93.6,67.1,0.059,105.8,99.5,2015
Davidson,A10,24,118.5,103.1,67.0,0.037,103.0,100.4,2015
Maryland,B10,27,108.5,94.6,64.4,0.131,105.6,100.1,2015
Cincinnati,Amer,22,106.7,93.3,60.0,-0.027,102.2,99.8,2015
Stephen F. Austin,Slnd,29,113.0,99.1,66.8,0.03,101.1,104.9,2015
Georgia,SEC,21,107.0,93.9,64.2,0.01,106.1,98.6,2015
Oklahoma St.,B12,18,109.4,96.2,63.3,-0.034,105.7,96.6,2015
North Carolina St.,ACC,20,111.5,98.2,64.4,-0.02,106.4,99.2,2015
Dayton,A10,25,107.1,94.7,64.0,0.022,102.8,100.5,2015
UCLA,P12,20,110.2,97.4,66.0,0.026,105.2,98.2,2015
St. John's,BE,21,108.1,95.7,67.1,0.058,106.4,99.6,2015
LSU,SEC,22,106.8,94.7,69.8,-0.027,103.8,99.7,2015
Mississippi,SEC,20,112.9,100.1,66.4,-0.056,104.5,98.7,2015
Oregon,P12,25,113.3,100.6,66.5,0.127,105.5,99.9,2015
Purdue,B10,21,108.5,97.1,64.5,0.01,106.2,100.5,2015
Indiana,B10,20,116.6,104.7,66.6,-0.032,104.9,100.2,2015
Buffalo,MAC,23,109.8,98.5,69.3,0.011,104.6,101.9,2015
Valparaiso,Horz,28,103.8,94.3,62.8,0.07,102.0,104.3,2015
Georgia St.,SB,24,108.4,99.2,63.3,-0.008,100.0,101.9,2015
Harvard,Ivy,22,102.0,94.5,61.5,0.114,102.3,102.3,2015
New Mexico St.,WAC,23,104.1,97.9,63.7,-0.051,99.3,104.9,2015
Wofford,SC,28,103.3,97.5,61.5,0.141,102.3,105.5,2015
UC Irvine,BW,21,103.9,98.3,63.7,-0.007,102.6,101.7,2015
Wyoming,MWC,25,101.8,97.0,59.2,0.084,100.8,102.4,2015
Northeastern,CAA,23,106.0,102.4,63.7,0.037,102.1,103.5,2015
UAB,CUSA,19,103.8,100.3,65.0,0.011,101.5,101.5,2015
Albany,AE,24,104.2,101.7,61.3,0.06,98.4,103.9,2015
Eastern Washington,BSky,26,110.0,107.7,68.8,0.074,102.4,105.9,2015
Coastal Carolina,BSth,24,103.5,102.2,64.4,0.006,100.4,106.1,2015
Belmont,OVC,22,107.9,106.5,67.1,0.071,100.4,103.6,2015
North Dakota St.,Sum,23,101.0,100.1,61.2,0.117,100.6,104.8,2015
Robert Morris,NEC,19,101.0,102.3,65.6,0.037,100.6,104.7,2015
Lafayette,Pat,20,110.4,113.2,65.0,0.078,101.2,104.5,2015
Texas Southern,SWAC,22,101.7,104.9,63.9,0.131,99.1,104.3,2015
Hampton,MEAC,16,95.6,102.3,69.5,0.022,97.9,104.9,2015
Kansas,B12,30,118.9,92.0,69.7,0.062,109.6,99.0,2016
Virginia,ACC,26,118.3,91.9,61.4,-0.043,109.8,99.5,2016
Michigan St.,B10,29,121.3,94.8,67.4,-0.004,105.8,100.3,2016
North Carolina,ACC,28,119.5,94.0,72.0,-0.043,109.3,100.6,2016
Villanova,BE,29,117.2,93.0,67.4,0.012,107.7,100.5,2016
West Virginia,B12,26,114.8,92.4,70.5,0.008,109.4,99.5,2016
Oklahoma,B12,25,115.4,93.3,70.8,0.008,109.7,99.3,2016
Kentucky,SEC,26,122.3,98.9,67.6,-0.035,106.9,99.8,2016
Oregon,P12,28,119.4,97.4,68.7,0.035,107.0,99.3,2016
Purdue,B10,26,115.3,94.5,68.3,-0.031,107.5,101.6,2016
Wichita St.,MVC,24,108.9,89.9,67.0,-0.08,102.1,100.8,2016
Miami FL,ACC,25,117.2,97.1,66.8,0.054,109.5,100.3,2016
Indiana,B10,25,119.0,98.7,68.8,-0.003,106.5,102.3,2016
Xavier,BE,27,115.8,96.2,72.9,0.067,106.5,100.0,2016
Arizona,P12,25,116.1,96.5,69.2,-0.033,106.1,101.3,2016
Texas A&M;,SEC,26,112.6,93.7,67.5,0.002,107.7,101.1,2016
Iowa St.,B12,21,120.5,100.3,71.8,-0.07,108.0,98.4,2016
Iowa,B10,21,114.4,95.9,69.9,-0.099,108.3,101.2,2016
California,P12,23,111.3,93.8,68.8,-0.051,108.2,101.4,2016
Duke,ACC,23,119.3,100.7,68.5,-0.039,109.8,100.9,2016
Maryland,B10,25,113.8,96.3,68.0,0.006,107.3,100.5,2016
Baylor,B12,22,116.9,99.0,67.3,0.002,108.2,98.6,2016
Connecticut,Amer,24,110.4,93.7,66.3,-0.04,105.5,101.6,2016
Seton Hall,BE,25,110.7,94.0,70.3,0.008,106.1,99.9,2016
Gonzaga,WCC,26,114.6,97.8,68.0,-0.025,105.5,103.7,2016
Utah,P12,26,113.7,97.5,66.5,0.11,107.9,100.1,2016
Texas,B12,20,111.5,96.0,66.3,0.037,110.0,98.8,2016
Cincinnati,Amer,22,107.7,93.1,65.8,-0.053,105.6,101.7,2016
Wisconsin,B10,20,110.0,95.3,64.3,-0.031,108.0,100.3,2016
Stephen F. Austin,Slnd,27,110.4,95.7,68.3,0.025,101.9,107.3,2016
VCU,A10,24,108.8,95.0,69.9,-0.065,105.5,103.4,2016
Saint Joseph's,A10,27,112.9,99.2,71.3,0.034,104.9,102.2,2016
Yale,Ivy,22,108.0,95.0,66.7,0.031,104.1,105.2,2016
Notre Dame,ACC,21,117.8,103.7,65.8,0.033,108.7,101.1,2016
Butler,BE,21,115.6,101.8,68.9,-0.004,105.9,100.9,2016
Syracuse,ACC,19,109.4,96.4,65.7,-0.047,108.7,101.3,2016
Texas Tech,B12,19,113.5,100.1,66.7,0.036,108.6,99.2,2016
Pittsburgh,ACC,21,112.7,99.8,66.3,0.003,108.7,102.0,2016
Providence,BE,23,107.9,95.7,69.4,0.044,106.8,101.0,2016
Arkansas Little Rock,SB,29,108.3,96.1,64.0,0.032,102.6,104.2,2016
USC,P12,21,112.4,99.9,72.0,-0.012,107.2,100.8,2016
Dayton,A10,25,104.7,93.8,68.8,0.077,105.9,102.9,2016
Colorado,P12,22,106.6,95.5,69.8,0.026,108.0,101.8,2016
Michigan,B10,22,112.7,101.0,66.7,0.016,107.7,101.2,2016
Oregon St.,P12,19,109.3,98.4,68.2,0.052,108.5,99.7,2016
Hawaii,BW,27,107.0,96.6,71.2,0.009,100.8,104.2,2016
Iona,MAAC,22,110.4,101.2,72.2,-0.002,103.1,103.8,2016
UNC Wilmington,CAA,25,109.4,100.4,70.7,0.041,104.4,103.6,2016
Northern Iowa,MVC,22,105.7,97.2,62.9,0.017,104.0,101.1,2016
South Dakota St.,Sum,26,109.1,100.5,68.9,0.015,103.4,103.6,2016
Temple,Amer,21,105.1,97.5,66.9,0.113,106.0,101.1,2016
Stony Brook,AE,26,105.8,98.4,67.4,0.032,102.8,107.4,2016
Cal St. Bakersfield,WAC,24,102.3,95.4,68.6,-0.001,99.7,106.0,2016
Fresno St.,MWC,25,106.2,100.3,69.7,0.088,103.6,103.0,2016
Chattanooga,SC,29,105.1,99.4,67.0,0.119,104.0,106.2,2016
UNC Asheville,BSth,22,102.5,98.2,71.1,-0.045,102.9,106.4,2016
Green Bay,Horz,23,107.7,103.2,76.6,0.046,103.3,103.4,2016
Middle Tennessee,CUSA,24,102.2,99.0,68.3,0.058,103.8,105.8,2016
Buffalo,MAC,20,105.1,102.5,73.0,0.055,105.7,104.5,2016
Weber St.,BSky,26,102.6,100.0,67.9,-0.003,102.3,107.9,2016
Florida Gulf Coast,ASun,20,102.7,103.8,67.2,-0.034,103.2,108.3,2016
Austin Peay,OVC,18,104.4,108.9,70.4,0.058,104.2,106.8,2016
Hampton,MEAC,21,99.9,104.8,72.2,0.147,99.1,106.6,2016
Holy Cross,Pat,14,97.0,105.8,64.4,0.048,101.5,106.3,2016
Gonzaga,WCC,32,120.7,87.6,69.8,0.016,104.9,104.2,2017
Villanova,BE,31,122.7,92.0,63.8,0.026,110.1,100.1,2017
North Carolina,ACC,27,122.1,94.1,70.4,0.006,111.6,99.5,2017
Kentucky,SEC,29,119.2,91.9,72.5,0.008,109.4,99.6,2017
West Virginia,B12,26,116.5,89.7,69.6,-0.043,109.3,99.5,2017
Louisville,ACC,24,117.1,90.4,67.7,-0.011,111.9,99.7,2017
Virginia,ACC,22,113.7,87.0,58.6,-0.051,111.4,99.2,2017
Wichita St.,MVC,30,119.6,93.2,68.4,-0.014,104.3,103.6,2017
Florida,SEC,24,115.9,89.5,68.6,-0.046,110.1,98.5,2017
Kansas,B12,28,120.8,94.9,70.0,0.074,111.1,98.8,2017
SMU,Amer,30,120.1,94.8,63.3,0.02,104.9,101.8,2017
Duke,ACC,27,121.0,95.9,67.7,0.027,111.5,99.1,2017
Baylor,B12,25,117.3,92.3,62.8,0.002,111.3,98.5,2017
Saint Mary's,WCC,28,119.0,94.3,59.1,0.034,104.0,104.3,2017
Purdue,B10,25,116.9,92.7,68.7,-0.023,108.8,100.7,2017
Oregon,P12,29,117.7,93.9,66.5,0.036,107.8,101.4,2017
Iowa St.,B12,23,119.6,96.4,67.9,-0.01,112.1,98.4,2017
UCLA,P12,29,122.7,99.8,72.9,0.024,107.3,103.2,2017
Florida St.,ACC,25,116.7,94.0,70.5,0.023,110.9,101.2,2017
Arizona,P12,30,117.6,94.8,65.5,0.064,108.1,101.5,2017
Michigan,B10,24,121.6,99.0,62.6,-0.031,109.2,99.5,2017
Cincinnati,Amer,29,114.2,91.9,63.5,0.029,106.5,103.0,2017
Wisconsin,B10,25,113.6,91.3,63.1,-0.0,109.9,100.8,2017
Oklahoma St.,B12,20,124.8,102.7,70.0,-0.056,111.6,97.6,2017
Notre Dame,ACC,25,118.9,97.8,66.9,0.021,110.2,99.6,2017
Butler,BE,23,118.0,97.1,65.1,-0.001,110.6,99.8,2017
Creighton,BE,25,115.6,96.0,70.6,0.009,110.2,101.2,2017
Marquette,BE,19,121.0,103.4,69.7,-0.062,109.1,100.1,2017
Kansas St.,B12,20,112.0,94.5,65.9,-0.04,109.9,99.0,2017
South Carolina,SEC,22,105.5,88.5,67.9,-0.004,108.7,100.2,2017
Miami FL,ACC,21,110.4,93.4,62.8,0.03,111.0,100.9,2017
Minnesota,B10,24,109.5,93.0,69.1,0.028,108.8,100.6,2017
Vanderbilt,SEC,19,112.3,96.1,65.3,-0.035,109.9,98.7,2017
Dayton,A10,24,112.3,96.6,68.3,-0.011,105.6,102.2,2017
Rhode Island,A10,24,110.7,95.0,65.9,-0.024,106.3,102.6,2017
Arkansas,SEC,25,116.6,101.0,69.1,0.093,107.9,100.4,2017
Northwestern,B10,23,111.2,95.7,64.9,0.021,108.6,100.8,2017
Xavier,BE,21,114.8,99.5,66.9,0.03,110.8,99.7,2017
Michigan St.,B10,19,110.6,95.6,66.5,-0.012,110.2,99.5,2017
Virginia Tech,ACC,22,117.4,102.5,68.1,0.061,110.2,101.4,2017
Maryland,B10,24,113.6,98.8,66.8,0.064,107.9,100.3,2017
Middle Tennessee,CUSA,30,111.6,97.0,64.0,0.012,103.9,105.6,2017
VCU,A10,26,110.0,95.7,67.9,0.036,105.5,101.9,2017
Seton Hall,BE,21,109.8,95.9,67.0,0.071,109.9,100.2,2017
Nevada,MWC,28,114.5,101.2,69.4,0.059,104.0,103.2,2017
Princeton,Ivy,23,109.4,96.9,62.9,0.025,103.4,104.8,2017
UNC Wilmington,CAA,29,117.8,105.4,69.9,0.051,105.0,104.9,2017
USC,P12,24,112.5,100.2,68.6,0.078,108.0,103.8,2017
Vermont,AE,29,110.8,98.9,64.1,0.06,102.7,107.4,2017
East Tennessee St.,SC,27,108.0,96.5,69.8,0.002,105.3,106.7,2017
Bucknell,Pat,26,109.1,100.3,69.4,0.018,100.9,105.2,2017
New Mexico St.,WAC,28,110.0,102.7,67.3,0.057,100.1,105.9,2017
Florida Gulf Coast,ASun,26,109.5,104.5,64.9,0.051,103.6,108.6,2017
Winthrop,BSth,26,106.5,101.8,70.7,0.029,100.3,107.9,2017
Iona,MAAC,22,110.2,106.2,70.3,0.011,103.3,105.9,2017
Troy,SB,22,109.9,107.3,67.8,-0.037,102.2,105.1,2017
Kent St.,MAC,22,104.4,102.7,68.0,0.022,103.9,106.2,2017
Northern Kentucky,Horz,24,106.6,105.3,67.6,0.082,102.5,106.4,2017
Jacksonville St.,OVC,20,105.4,104.8,63.3,0.029,104.0,106.1,2017
North Dakota,BSky,22,102.9,103.2,71.0,0.047,102.3,108.9,2017
South Dakota St.,Sum,18,110.8,112.1,66.8,0.029,104.6,105.6,2017
Texas Southern,SWAC,23,103.6,107.3,68.2,0.12,99.7,108.7,2017
Mount St. Mary's,NEC,19,98.9,103.2,66.6,0.06,101.5,106.8,2017
UC Davis,BW,22,97.9,102.6,68.3,0.109,100.1,106.3,2017
Virginia,ACC,31,116.5,84.4,59.2,0.032,110.9,100.9,2018
Villanova,BE,30,127.4,96.0,68.3,-0.018,111.3,101.1,2018
Duke,ACC,26,122.6,93.5,70.0,-0.029,111.0,100.1,2018
Cincinnati,Amer,30,113.2,86.2,64.7,-0.004,107.0,103.8,2018
Purdue,B10,28,123.2,96.6,67.2,0.003,109.3,100.8,2018
Michigan St.,B10,29,120.0,93.6,67.1,0.048,109.0,102.5,2018
North Carolina,ACC,25,122.0,96.9,71.0,-0.019,112.5,98.4,2018
Gonzaga,WCC,30,119.8,95.1,69.0,-0.006,106.6,105.6,2018
Kansas,B12,27,120.9,97.7,68.4,0.06,111.7,100.2,2018
Michigan,B10,28,115.9,92.7,64.4,0.037,111.1,102.3,2018
Tennessee,SEC,25,114.8,92.7,66.2,0.04,112.2,100.5,2018
Texas Tech,B12,24,114.0,92.1,66.6,-0.021,110.4,101.1,2018
West Virginia,B12,24,119.2,97.4,69.0,-0.009,109.9,99.5,2018
Xavier,BE,28,120.7,99.0,70.4,0.109,110.3,100.7,2018
Ohio St.,B10,24,116.2,95.0,66.4,0.027,109.8,101.6,2018
Auburn,SEC,25,118.2,97.6,72.3,-0.012,109.1,101.5,2018
Houston,Amer,26,115.8,95.2,68.2,-0.009,106.7,103.3,2018
Kentucky,SEC,24,116.4,96.0,68.6,-0.001,111.1,99.9,2018
Clemson,ACC,23,113.8,93.5,65.6,0.004,110.9,101.1,2018
Wichita St.,Amer,25,121.9,101.9,68.6,-0.015,107.9,102.3,2018
Arizona,P12,27,119.0,99.6,67.3,0.025,108.9,102.6,2018
TCU,B12,21,120.6,101.7,68.7,-0.058,111.5,101.6,2018
Florida,SEC,20,115.1,96.4,66.8,-0.049,110.7,100.0,2018
Nevada,MWC,27,119.9,101.7,69.5,-0.028,107.3,102.9,2018
Butler,BE,20,115.8,97.9,67.8,-0.037,111.9,101.3,2018
Seton Hall,BE,21,116.3,99.0,69.3,-0.02,110.4,100.9,2018
Creighton,BE,21,116.5,99.2,70.8,-0.018,111.1,101.9,2018
Texas A&M;,SEC,20,111.2,94.3,69.0,-0.007,112.1,100.8,2018
Virginia Tech,ACC,21,115.0,98.4,68.7,-0.003,109.9,101.7,2018
Florida St.,ACC,20,115.8,100.0,71.6,-0.032,109.2,101.2,2018
Miami FL,ACC,22,113.3,97.6,67.1,0.034,109.6,101.4,2018
Arkansas,SEC,23,117.3,101.7,69.7,0.062,111.0,100.9,2018
Missouri,SEC,20,113.3,97.8,65.6,-0.021,110.1,100.5,2018
Texas,B12,19,109.4,93.9,65.2,-0.018,111.7,99.9,2018
Loyola Chicago,MVC,28,111.3,96.2,65.3,0.058,103.8,103.7,2018
North Carolina St.,ACC,21,116.4,101.3,71.4,0.007,108.9,101.3,2018
Davidson,A10,21,117.4,102.5,64.2,-0.051,105.9,104.0,2018
Kansas St.,B12,22,112.2,97.4,65.5,0.056,111.4,102.2,2018
Oklahoma,B12,18,115.1,100.7,75.8,0.005,111.9,99.9,2018
Rhode Island,A10,25,111.7,97.3,68.7,0.037,107.4,104.7,2018
San Diego St.,MWC,22,111.3,97.1,68.7,-0.015,107.5,104.2,2018
Alabama,SEC,19,108.5,94.6,68.8,0.0,111.0,100.0,2018
Syracuse,ACC,20,107.7,94.1,63.4,0.007,111.0,102.2,2018
New Mexico St.,WAC,28,108.5,94.9,68.2,0.032,104.2,105.8,2018
Murray St.,OVC,26,113.1,100.4,67.3,-0.013,102.8,107.0,2018
Providence,BE,21,108.9,97.0,67.1,0.088,112.0,101.6,2018
St. Bonaventure,A10,25,112.3,101.1,69.2,0.077,107.0,104.8,2018
Montana,BSky,26,110.1,99.3,68.0,-0.005,104.3,106.5,2018
South Dakota St.,Sum,28,114.6,104.0,70.3,0.111,106.1,106.2,2018
Buffalo,MAC,26,114.3,103.8,72.8,-0.005,104.8,105.8,2018
UNC Greensboro,SC,27,105.7,96.6,65.0,-0.011,103.6,108.6,2018
Georgia St.,SB,24,109.0,101.8,66.9,-0.022,103.7,106.5,2018
Bucknell,Pat,25,109.2,102.4,71.4,0.02,102.9,107.7,2018
Stephen F. Austin,Slnd,28,105.0,99.4,71.1,0.037,100.8,108.4,2018
Marshall,CUSA,24,109.3,103.9,74.8,0.04,104.8,106.4,2018
College of Charleston,CAA,26,109.9,105.2,64.6,0.049,104.9,109.5,2018
Penn,Ivy,24,103.6,99.9,68.9,0.078,103.7,108.3,2018
Iona,MAAC,20,110.3,107.4,70.7,-0.022,103.3,105.7,2018
Wright St.,Horz,25,101.1,98.3,68.2,0.056,102.6,107.4,2018
Cal St. Fullerton,BW,20,105.0,103.7,69.5,0.089,103.9,105.1,2018
Lipscomb,ASun,23,103.8,103.4,74.9,0.114,103.2,108.1,2018
Radford,BSth,22,103.6,103.6,62.7,0.044,102.7,107.1,2018
UMBC,AE,24,103.4,105.3,68.2,0.145,102.5,108.2,2018
Texas Southern,SWAC,15,105.3,112.9,71.6,-0.009,101.0,107.7,2018
Virginia,ACC,29,123.6,87.9,59.3,0.024,108.4,97.9,2019
Gonzaga,WCC,30,125.1,92.3,69.8,0.008,106.2,102.8,2019
Duke,ACC,29,120.1,88.1,72.2,0.018,110.4,97.2,2019
Michigan St.,B10,28,121.7,90.4,67.4,-0.007,110.2,96.7,2019
Michigan,B10,28,115.5,86.1,64.4,-0.014,109.3,97.6,2019
North Carolina,ACC,27,119.9,90.7,74.3,0.024,110.8,97.1,2019
Kentucky,SEC,27,118.2,90.8,65.8,0.037,110.0,99.0,2019
Tennessee,SEC,29,122.5,95.5,67.7,0.038,109.0,98.5,2019
Texas Tech,B12,26,112.7,85.9,66.5,0.004,107.8,99.5,2019
Purdue,B10,23,121.1,95.0,65.6,-0.012,109.7,96.7,2019
Virginia Tech,ACC,24,118.4,94.0,63.3,0.002,108.1,99.5,2019
Wisconsin,B10,23,110.8,87.1,63.6,-0.026,110.3,96.8,2019
Auburn,SEC,26,119.6,96.2,67.5,0.003,109.6,98.7,2019
Florida St.,ACC,27,113.0,90.4,68.3,0.045,109.5,98.8,2019
Houston,Amer,31,114.1,91.7,66.1,0.057,104.8,101.6,2019
Iowa St.,B12,23,119.0,97.1,67.6,-0.051,108.8,98.5,2019
Louisville,ACC,20,113.4,92.4,67.1,-0.054,110.6,97.6,2019
LSU,SEC,26,118.5,97.5,69.9,0.035,108.6,99.1,2019
Wofford,SC,29,118.4,97.6,65.6,0.06,105.4,104.0,2019
Kansas,B12,25,112.7,92.0,69.9,0.088,111.4,97.5,2019
Mississippi St.,SEC,23,117.4,96.7,67.4,-0.027,110.0,99.6,2019
Buffalo,MAC,31,114.9,94.6,73.8,0.041,105.2,102.4,2019
Kansas St.,B12,25,108.0,87.7,63.0,0.061,109.0,99.0,2019
Maryland,B10,22,113.8,93.8,65.6,0.001,109.5,98.4,2019
Nevada,MWC,29,114.0,95.1,69.2,0.039,105.2,103.8,2019
Villanova,BE,25,117.0,98.2,63.6,0.017,108.4,100.2,2019
Marquette,BE,24,114.2,95.7,68.6,0.007,107.5,99.9,2019
Florida,SEC,19,110.2,91.9,62.7,-0.072,110.4,98.7,2019
Saint Mary's,WCC,22,114.6,96.9,62.6,-0.033,106.4,102.7,2019
Cincinnati,Amer,28,111.6,94.5,63.2,0.06,106.3,102.1,2019
Utah St.,MWC,28,113.0,96.3,67.8,0.007,104.3,104.3,2019
Syracuse,ACC,20,110.2,93.9,66.1,0.005,108.5,98.5,2019
Iowa,B10,22,117.2,101.2,69.4,0.057,108.4,97.8,2019
VCU,A10,25,104.3,88.6,68.2,0.004,105.0,103.8,2019
Oklahoma,B12,19,109.4,93.9,68.7,0.031,109.7,97.0,2019
Baylor,B12,19,113.5,98.2,65.3,-0.032,107.9,98.7,2019
Oregon,P12,23,107.7,92.5,64.1,-0.039,106.9,102.8,2019
Mississippi,SEC,20,112.8,97.7,68.3,-0.018,108.8,100.1,2019
Ohio St.,B10,19,109.3,94.2,65.7,0.005,110.1,98.5,2019
UCF,Amer,23,110.3,95.7,64.8,0.029,105.2,101.6,2019
Minnesota,B10,21,110.7,96.2,67.5,0.082,109.8,97.7,2019
New Mexico St.,WAC,30,112.6,99.0,65.6,0.061,102.4,105.9,2019
Washington,P12,26,107.0,93.6,65.9,0.078,106.7,101.8,2019
Murray St.,OVC,27,112.0,98.7,69.0,0.033,102.1,106.9,2019
Belmont,OVC,26,114.8,101.8,71.1,0.041,102.7,105.9,2019
Seton Hall,BE,20,109.3,96.4,68.9,0.022,109.3,99.9,2019
Arizona St.,P12,22,109.8,98.6,70.5,0.046,106.6,101.8,2019
Liberty,ASun,28,110.6,99.7,61.8,0.006,101.3,105.9,2019
UC Irvine,BW,30,106.6,97.1,65.1,0.097,102.2,106.2,2019
Northeastern,CAA,23,111.5,102.7,66.0,0.023,106.0,106.8,2019
Vermont,AE,27,107.9,99.2,65.3,0.056,100.2,106.2,2019
Yale,Ivy,22,111.7,103.1,70.7,0.057,102.3,103.8,2019
Northern Kentucky,Horz,26,109.2,102.7,67.9,-0.008,103.0,107.2,2019
Saint Louis,A10,23,102.6,96.3,66.1,0.045,103.9,103.6,2019
Georgia St.,SB,24,107.9,102.3,69.9,0.126,104.8,103.9,2019
Old Dominion,CUSA,26,101.9,96.4,64.3,0.055,101.9,104.2,2019
Colgate,Pat,24,110.0,105.8,66.3,0.021,101.8,106.0,2019
Montana,BSky,26,107.4,103.8,66.5,0.057,102.0,108.6,2019
Abilene Christian,Slnd,27,103.6,101.5,66.0,0.087,99.6,108.6,2019
Bradley,MVC,20,100.9,101.2,65.1,0.04,102.1,104.2,2019
Gardner Webb,BSth,23,107.5,108.2,67.1,0.07,102.3,106.9,2019
Iona,MAAC,17,106.5,109.6,70.5,-0.025,100.0,106.6,2019
North Dakota St.,Sum,18,106.6,109.8,64.8,0.052,104.5,107.6,2019
Fairleigh Dickinson,NEC,20,106.2,110.4,66.8,0.01,98.7,107.4,2019
Gonzaga,WCC,26,126.0,89.5,74.8,0.018,105.8,98.1,2021
Michigan,B10,20,119.5,88.7,66.8,0.026,111.3,94.6,2021
Illinois,B10,23,119.0,88.4,70.7,0.03,112.6,93.8,2021
Baylor,B12,22,123.3,93.8,68.4,0.05,106.5,96.9,2021
Iowa,B10,21,123.5,94.7,70.0,-0.028,110.4,93.5,2021
Houston,Amer,24,119.0,90.1,64.9,-0.009,103.8,97.2,2021
Ohio St.,B10,21,122.3,96.9,67.1,0.003,111.7,93.0,2021
Alabama,SEC,24,111.8,86.7,73.9,0.031,109.8,95.5,2021
Loyola Chicago,MVC,24,110.5,86.7,64.2,-0.02,104.3,100.2,2021
Virginia,ACC,18,115.7,93.1,60.1,0.046,109.6,97.6,2021
Wisconsin,B10,17,112.6,89.9,64.9,-0.049,111.8,93.7,2021
Villanova,BE,16,118.7,96.0,65.1,-0.006,108.9,95.9,2021
Purdue,B10,18,113.7,91.4,66.5,0.019,111.5,94.3,2021
USC,P12,22,112.9,90.7,67.3,-0.006,108.1,97.0,2021
Florida St.,ACC,16,116.5,94.4,70.5,-0.011,108.8,96.3,2021
Connecticut,BE,15,113.6,91.7,66.0,-0.066,107.9,95.3,2021
Colorado,P12,22,114.5,92.8,66.4,-0.033,107.8,97.1,2021
Arkansas,SEC,22,111.6,90.0,73.1,0.056,108.2,97.0,2021
Creighton,BE,20,114.9,93.6,69.1,0.001,107.9,95.4,2021
San Diego St.,MWC,23,110.8,89.6,66.1,0.018,105.7,99.5,2021
Tennessee,SEC,18,108.9,87.8,67.3,-0.007,108.4,95.9,2021
Kansas,B12,20,109.7,88.6,68.3,0.042,110.1,95.4,2021
Texas Tech,B12,17,112.4,91.5,65.4,-0.091,108.0,96.7,2021
St. Bonaventure,A10,16,111.5,90.5,65.2,0.014,106.0,97.5,2021
BYU,WCC,20,113.1,92.2,68.0,0.045,107.9,97.7,2021
Texas,B12,19,113.9,93.3,69.2,0.017,109.0,95.0,2021
West Virginia,B12,18,116.2,95.8,69.6,-0.04,109.4,94.4,2021
North Carolina,ACC,18,110.2,90.1,71.8,-0.017,110.8,96.6,2021
LSU,SEC,18,119.9,100.2,70.7,0.002,107.9,94.3,2021
Oklahoma St.,B12,20,110.1,91.3,71.9,0.039,110.7,96.0,2021
Maryland,B10,16,111.0,92.3,65.3,-0.035,110.2,93.1,2021
Georgia Tech,ACC,17,113.4,94.8,67.8,-0.005,108.8,96.5,2021
Rutgers,B10,15,108.7,90.6,67.8,0.032,112.5,94.3,2021
Florida,SEC,14,111.1,93.4,68.6,0.003,109.8,95.1,2021
Oregon,P12,20,114.5,96.8,67.2,0.048,107.7,97.7,2021
Oklahoma,B12,15,111.5,94.8,67.7,-0.038,108.2,95.8,2021
Utah St.,MWC,20,105.8,89.3,68.9,-0.032,104.9,99.8,2021
Syracuse,ACC,16,113.9,97.7,69.2,0.017,108.6,96.9,2021
Clemson,ACC,16,106.9,90.8,64.2,0.123,109.6,95.4,2021
VCU,A10,19,105.6,89.6,69.8,0.035,106.7,97.6,2021
UCLA,P12,17,113.5,97.6,64.7,0.024,108.6,96.8,2021
Virginia Tech,ACC,15,110.1,94.9,66.1,0.066,107.6,98.3,2021
Missouri,SEC,16,110.3,95.1,68.7,0.088,109.9,94.8,2021
Drake,MVC,25,114.0,99.4,66.8,0.095,102.9,100.8,2021
Georgetown,BE,13,107.8,93.7,69.6,0.001,110.3,95.9,2021
UC Santa Barbara,BW,22,109.3,97.1,66.1,0.054,101.4,102.0,2021
North Texas,CUSA,17,105.4,93.7,63.1,-0.042,103.5,99.2,2021
Ohio,MAC,16,112.9,102.1,69.3,0.027,105.2,101.3,2021
Colgate,Pat,14,111.0,100.7,72.4,0.05,99.2,105.8,2021
Oregon St.,P12,17,109.4,99.2,65.4,0.075,108.6,97.5,2021
Abilene Christian,Slnd,23,103.1,93.0,69.9,-0.027,97.7,105.8,2021
Winthrop,BSth,23,105.2,96.2,73.6,0.032,98.9,105.3,2021
Liberty,ASun,23,110.2,101.8,63.1,-0.013,98.6,105.2,2021
UNC Greensboro,SC,21,104.2,96.0,68.5,0.005,103.3,102.5,2021
Grand Canyon,WAC,17,103.7,96.7,65.4,-0.061,100.3,104.3,2021
Eastern Washington,BSky,16,107.7,101.1,72.3,-0.081,100.6,103.9,2021
Morehead St.,OVC,23,100.3,96.3,65.6,0.152,101.5,103.4,2021
Drexel,CAA,12,107.2,105.6,64.2,-0.043,100.5,103.8,2021
Cleveland St.,Horz,19,100.8,99.6,66.3,0.19,105.0,106.2,2021
Oral Roberts,Sum,16,108.7,107.5,71.8,0.013,102.9,102.9,2021
Iona,MAAC,12,100.4,101.5,68.3,0.038,97.4,104.5,2021
Hartford,AE,15,97.6,100.3,66.7,0.078,98.2,104.5,2021
Norfolk St.,MEAC,16,100.7,104.4,67.7,0.031,97.0,105.3,2021
Texas Southern,SWAC,16,99.0,105.1,72.0,0.055,94.1,104.3,2021
Gonzaga,WCC,26,121.8,88.8,72.5,-0.038,104.5,100.8,2022
Arizona,P12,31,119.6,92.4,72.2,0.046,106.0,99.7,2022
Kentucky,SEC,26,120.2,93.6,67.3,-0.032,106.9,97.9,2022
Houston,Amer,29,117.3,90.9,63.8,-0.007,104.6,100.3,2022
Baylor,B12,26,117.9,91.6,67.2,0.019,107.4,96.7,2022
Kansas,B12,28,119.4,93.9,69.1,0.035,107.6,95.6,2022
Tennessee,SEC,26,111.4,86.2,67.2,0.044,108.7,97.0,2022
UCLA,P12,25,116.1,91.2,65.5,-0.028,107.5,99.0,2022
Texas Tech,B12,25,109.7,85.1,66.5,-0.025,107.5,97.2,2022
Auburn,SEC,27,113.6,89.1,70.0,-0.039,107.2,98.5,2022
Villanova,BE,26,118.0,93.8,62.6,0.051,108.6,97.8,2022
Duke,ACC,28,119.4,95.7,67.4,-0.011,107.4,101.2,2022
Iowa,B10,26,121.5,98.0,69.6,-0.05,107.6,100.0,2022
Purdue,B10,27,121.3,99.0,65.8,0.035,108.8,99.8,2022
Texas,B12,21,111.8,91.4,63.1,-0.044,107.1,97.6,2022
Saint Mary's,WCC,25,109.8,90.0,63.5,0.037,107.2,100.3,2022
Illinois,B10,22,113.7,94.1,67.1,0.025,109.1,98.9,2022
Connecticut,BE,23,113.9,94.6,64.9,-0.03,106.0,98.4,2022
LSU,SEC,22,107.6,88.6,68.6,-0.041,107.7,98.6,2022
Arkansas,SEC,25,111.1,92.1,70.6,0.027,106.8,98.9,2022
San Francisco,WCC,24,110.8,92.4,68.7,-0.029,105.8,100.2,2022
San Diego St.,MWC,23,104.1,85.9,65.3,0.013,106.2,99.5,2022
Virginia Tech,ACC,23,114.3,96.4,62.9,-0.054,107.0,100.5,2022
Loyola Chicago,MVC,25,110.9,93.2,64.6,0.016,104.6,101.3,2022
Alabama,SEC,19,116.1,98.7,71.7,-0.022,109.7,96.9,2022
Boise St.,MWC,27,108.5,92.1,64.6,0.027,105.2,99.2,2022
Murray St.,OVC,30,111.5,95.1,65.8,0.075,101.2,104.9,2022
Memphis,Amer,21,110.4,94.1,70.3,-0.018,106.4,99.6,2022
North Carolina,ACC,24,113.1,97.0,70.1,0.079,107.8,100.6,2022
Colorado St.,MWC,25,114.2,98.3,65.1,0.13,105.3,99.6,2022
Ohio St.,B10,19,116.6,100.8,65.0,-0.015,108.4,98.9,2022
Michigan,B10,17,114.2,98.6,66.3,-0.026,110.0,98.2,2022
Wisconsin,B10,24,110.4,94.8,66.5,0.119,109.0,98.9,2022
Seton Hall,BE,21,108.5,93.5,67.3,0.011,107.7,98.9,2022
Indiana,B10,20,107.6,92.6,67.0,-0.044,108.5,100.2,2022
TCU,B12,20,108.2,93.3,65.9,0.034,107.7,96.9,2022
Michigan St.,B10,22,111.3,96.4,67.5,0.05,109.4,98.7,2022
Davidson,A10,27,116.8,102.0,64.6,-0.004,102.6,101.2,2022
USC,P12,26,110.5,96.0,66.0,0.077,104.9,99.7,2022
UAB,CUSA,27,112.5,98.5,68.8,-0.04,101.9,103.1,2022
Marquette,BE,19,109.8,95.8,70.7,-0.0,107.4,98.2,2022
Iowa St.,B12,20,104.4,90.4,66.1,0.038,107.7,97.5,2022
Providence,BE,25,111.9,98.0,65.2,0.194,106.1,99.1,2022
Notre Dame,ACC,22,112.0,98.4,65.7,0.016,106.6,100.4,2022
Creighton,BE,22,105.6,92.1,66.9,0.09,107.7,99.0,2022
Vermont,AE,28,110.8,97.7,65.0,-0.015,99.1,106.6,2022
Miami FL,ACC,23,114.8,102.1,67.3,0.069,106.8,100.2,2022
South Dakota St.,Sum,30,116.8,105.3,69.4,0.061,103.3,107.2,2022
Chattanooga,SC,27,110.0,98.8,64.6,0.024,105.1,104.9,2022
New Mexico St.,WAC,26,107.8,97.7,66.2,0.099,102.3,101.6,2022
Richmond,A10,23,109.1,99.3,66.9,0.029,105.0,100.6,2022
Saint Peter's,MAAC,19,98.8,94.5,66.0,-0.016,101.3,104.1,2022
Colgate,Pat,23,108.3,104.1,67.3,-0.07,99.2,107.2,2022
Montana St.,BSky,27,104.5,100.7,67.3,0.031,101.9,108.1,2022
Akron,MAC,24,106.2,102.7,62.1,0.026,100.8,106.0,2022
Longwood,BSth,26,106.1,103.6,66.0,0.095,98.4,106.7,2022
Delaware,CAA,22,106.8,104.6,66.6,0.023,101.8,104.4,2022
Jacksonville St.,ASun,21,105.3,103.1,65.1,-0.021,100.6,105.8,2022
Yale,Ivy,19,101.5,99.2,68.7,0.061,102.9,105.0,2022
Cal St. Fullerton,BW,21,104.7,102.6,66.0,0.038,100.5,103.5,2022
Georgia St.,SB,18,101.5,99.7,67.1,0.062,101.1,102.4,2022
Norfolk St.,MEAC,24,102.4,102.3,66.9,0.095,95.3,105.9,2022
Wright St.,Horz,21,106.4,107.2,68.4,-0.001,100.0,107.4,2022
Texas Southern,SWAC,18,98.1,99.4,67.7,0.006,98.5,105.3,2022
Houston,Amer,31,118.4,89.6,63.3,0.025,107.3,103.1,2023
UCLA,P12,29,114.9,87.2,66.3,-0.001,109.7,100.7,2023
Alabama,SEC,29,116.1,88.6,72.7,0.074,110.9,99.2,2023
Connecticut,BE,25,119.4,94.1,66.7,-0.061,109.1,100.6,2023
Tennessee,SEC,23,112.7,88.0,65.5,-0.071,109.5,100.7,2023
Texas,B12,26,116.6,92.0,69.1,0.02,111.0,98.9,2023
Purdue,B10,29,119.4,94.8,64.4,0.032,110.4,100.6,2023
Gonzaga,WCC,28,124.0,99.7,70.1,0.047,110.2,102.7,2023
Kansas,B12,27,114.6,91.5,69.3,0.106,111.7,97.5,2023
Arizona,P12,28,120.0,97.1,72.3,0.041,107.9,99.1,2023
Saint Mary's,WCC,26,113.5,91.6,61.7,0.004,110.2,103.8,2023
Marquette,BE,28,119.3,97.5,68.4,0.014,109.5,100.9,2023
Creighton,BE,21,114.6,94.0,68.0,-0.074,110.9,100.5,2023
San Diego St.,MWC,27,111.9,91.7,66.0,0.047,110.4,101.4,2023
Baylor,B12,22,121.9,101.9,66.6,0.032,110.8,97.9,2023
Xavier,BE,25,119.3,99.6,70.4,-0.004,110.3,100.5,2023
West Virginia,B12,19,117.1,98.0,68.9,-0.054,111.0,98.2,2023
Utah St.,MWC,26,117.8,98.9,68.8,0.008,108.8,101.1,2023
Memphis,Amer,26,114.7,96.0,71.8,-0.037,108.5,101.3,2023
Arkansas,SEC,20,112.6,94.0,69.7,-0.072,109.9,100.0,2023
Duke,ACC,26,113.2,94.8,65.3,0.059,109.8,103.0,2023
Maryland,B10,21,114.1,95.8,64.6,-0.039,109.3,101.3,2023
Iowa St.,B12,19,109.9,91.6,64.3,-0.034,112.4,99.5,2023
Kansas St.,B12,23,112.5,94.2,70.2,0.036,109.3,98.9,2023
Texas A&M;,SEC,25,114.5,96.2,66.2,0.042,108.8,100.9,2023
Florida Atlantic,CUSA,31,114.3,96.0,68.4,0.053,105.6,105.1,2023
TCU,B12,21,112.4,94.3,69.8,-0.034,109.8,99.1,2023
Kentucky,SEC,21,117.4,99.6,66.0,-0.014,109.4,100.7,2023
Auburn,SEC,20,112.7,95.2,67.6,-0.029,109.5,99.7,2023
Indiana,B10,22,114.7,97.3,68.1,0.022,110.7,100.1,2023
Boise St.,MWC,24,111.0,93.8,66.5,0.013,109.5,101.9,2023
Michigan St.,B10,19,113.4,96.7,64.9,0.015,112.3,100.0,2023
Illinois,B10,20,112.2,95.7,69.4,-0.045,109.1,100.6,2023
Virginia,ACC,25,111.2,94.8,61.6,0.045,108.5,102.9,2023
USC,P12,22,113.1,97.5,68.1,0.018,107.4,99.5,2023
Iowa,B10,19,120.5,104.9,69.5,-0.042,108.9,99.3,2023
Penn St.,B10,22,116.8,101.8,64.6,0.009,109.6,99.9,2023
Miami FL,ACC,25,118.2,103.3,68.9,0.017,108.0,103.2,2023
Northwestern,B10,21,108.5,93.7,64.9,0.033,109.5,100.8,2023
Providence,BE,21,116.8,102.1,66.9,-0.01,108.3,101.7,2023
Missouri,SEC,24,119.3,105.4,69.1,0.11,108.1,100.4,2023
N.C. State,ACC,23,113.9,100.6,69.1,0.03,108.6,103.8,2023
Oral Roberts,Sum,30,115.3,102.0,70.5,0.103,104.2,108.1,2023
VCU,A10,27,107.2,94.0,68.0,0.017,105.1,104.7,2023
Drake,MVC,27,109.8,97.3,66.4,0.026,104.0,105.7,2023
Arizona St.,P12,22,107.6,95.2,68.4,0.069,108.9,100.3,2023
Kent St.,MAC,28,108.3,96.4,68.1,0.019,106.3,107.7,2023
Charleston,CAA,31,111.4,99.6,71.0,0.052,102.3,108.0,2023
Iona,MAAC,27,110.9,99.1,68.9,-0.006,102.6,106.4,2023
Pittsburgh,ACC,22,115.1,103.8,67.3,0.03,108.1,104.4,2023
Furman,SC,27,114.2,105.8,68.5,0.0,104.0,108.4,2023
Louisiana,SB,26,112.2,104.0,68.4,0.077,104.2,104.5,2023
UC Santa Barbara,BW,27,111.3,104.7,65.0,0.057,102.8,105.2,2023
Grand Canyon,WAC,24,112.3,106.3,65.2,0.042,104.7,103.7,2023
Montana St.,BSky,25,105.4,99.6,66.5,0.082,106.3,107.4,2023
Princeton,Ivy,21,109.1,103.5,67.5,0.024,103.4,105.9,2023
Vermont,AE,23,109.8,104.4,64.6,0.051,103.4,107.0,2023
Colgate,Pat,26,113.0,107.7,67.9,0.004,100.7,108.4,2023
Kennesaw St.,ASun,26,106.3,102.7,68.5,0.147,105.1,106.7,2023
UNC Asheville,BSth,27,104.1,102.6,68.5,0.152,102.8,108.1,2023
Northern Kentucky,Horz,22,103.3,102.8,62.0,0.053,104.4,108.3,2023
Texas A&M; Corpus Chris,Slnd,23,107.4,107.6,69.3,0.019,101.2,110.2,2023
Howard,MEAC,22,103.7,106.9,69.0,0.096,101.4,107.5,2023
Fairleigh Dickinson,NEC,19,106.2,118.4,68.8,0.017,96.3,110.3,2023
Connecticut,BE,31,126.6,94.4,64.5,0.047,111.6,101.2,2024
Houston,B12,30,118.9,87.1,63.3,0.053,111.9,100.1,2024
Purdue,B10,29,125.0,95.9,67.4,0.045,114.0,100.3,2024
Auburn,SEC,27,120.6,91.7,69.8,-0.067,111.9,102.3,2024
Iowa St.,B12,27,113.9,87.1,67.3,0.012,111.0,100.6,2024
Arizona,P12,25,121.1,94.5,71.8,-0.043,111.9,101.1,2024
Tennessee,SEC,24,117.0,91.0,69.2,-0.03,114.3,101.7,2024
Duke,ACC,24,121.8,97.0,66.7,-0.077,110.6,102.0,2024
North Carolina,ACC,27,117.8,93.2,70.4,-0.024,112.4,101.2,2024
Illinois,B10,26,125.6,101.6,69.9,-0.032,111.6,100.5,2024
Creighton,BE,23,120.1,96.7,67.0,-0.013,112.1,101.0,2024
Marquette,BE,25,118.3,95.6,69.0,0.036,113.3,100.2,2024
Alabama,SEC,21,125.6,103.1,72.6,-0.028,114.5,100.8,2024
Baylor,B12,23,122.5,100.2,65.6,-0.004,112.8,98.7,2024
Gonzaga,WCC,25,121.0,99.4,69.1,-0.052,108.4,105.0,2024
BYU,B12,23,120.5,99.5,69.1,-0.034,110.5,100.8,2024
Wisconsin,B10,22,120.1,99.5,65.2,-0.031,113.3,99.3,2024
Michigan St.,B10,19,113.8,93.7,65.2,-0.104,114.1,101.8,2024
Kentucky,SEC,23,122.7,102.7,72.6,-0.027,111.3,102.2,2024
Saint Mary's,WCC,26,114.9,95.0,61.9,0.02,108.3,105.2,2024
San Diego St.,MWC,24,113.5,93.8,66.0,-0.032,112.7,101.7,2024
Kansas,B12,22,113.4,94.2,68.9,0.048,112.9,99.1,2024
New Mexico,MWC,26,115.4,96.5,72.7,-0.021,110.2,103.3,2024
Texas Tech,B12,23,117.9,99.4,66.6,0.04,111.3,100.8,2024
Colorado,P12,24,117.6,99.1,67.5,0.012,110.3,102.1,2024
Texas,B12,20,118.5,100.1,67.2,-0.034,111.2,100.7,2024
Nebraska,B10,23,115.9,97.7,68.6,0.014,110.8,101.7,2024
Florida,SEC,24,119.3,101.1,71.7,-0.007,112.3,101.5,2024
Mississippi St.,SEC,21,113.7,95.7,67.1,-0.044,112.6,101.4,2024
Dayton,A10,24,118.6,101.3,64.2,0.003,108.7,102.7,2024
TCU,B12,21,115.1,97.8,69.7,-0.049,110.6,100.8,2024
Clemson,ACC,21,117.4,100.5,66.1,-0.022,112.2,102.1,2024
Nevada,MWC,26,115.5,98.7,66.6,0.059,109.7,104.1,2024
Colorado St.,MWC,24,115.4,98.8,65.8,-0.025,112.1,103.0,2024
Florida Atlantic,Amer,25,119.0,102.7,68.1,-0.012,109.4,104.1,2024
Washington St.,P12,24,113.4,97.2,64.8,0.021,109.9,103.0,2024
Texas A&M;,SEC,20,116.0,99.9,65.8,-0.025,112.7,101.2,2024
Northwestern,B10,21,116.7,100.8,63.7,0.008,111.8,102.0,2024
Utah St.,MWC,27,115.6,100.5,68.5,0.1,109.4,103.3,2024
South Carolina,SEC,26,114.7,99.7,62.9,0.152,110.4,102.8,2024
Drake,MVC,28,115.6,100.9,67.8,0.065,107.8,105.2,2024
Grand Canyon,WAC,29,113.5,99.6,68.1,0.022,104.1,105.6,2024
Oregon,P12,23,114.0,100.6,67.2,0.049,110.9,101.8,2024
N.C. State,ACC,22,114.4,101.3,68.1,-0.0,110.9,101.5,2024
James Madison,SB,31,113.9,101.0,69.5,0.027,103.4,107.8,2024
McNeese St.,Slnd,30,114.0,101.2,65.6,0.016,102.3,109.0,2024
Samford,SC,29,113.1,103.3,72.5,0.129,104.3,107.0,2024
Yale,Ivy,22,110.8,101.4,64.5,0.001,108.3,106.2,2024
Duquesne,A10,24,106.9,97.5,66.3,0.049,109.1,104.2,2024
Charleston,CAA,27,113.7,106.1,69.8,0.05,105.4,107.6,2024
Vermont,AE,28,107.1,100.1,63.2,0.063,104.3,107.0,2024
UAB,Amer,23,113.7,107.4,67.8,0.116,108.8,104.4,2024
Morehead St.,OVC,26,109.0,103.5,64.2,0.044,103.1,108.9,2024
Akron,MAC,24,107.0,102.1,65.9,-0.002,105.4,107.3,2024
Western Kentucky,CUSA,22,105.6,102.5,75.1,-0.051,103.7,106.2,2024
South Dakota St.,Sum,22,108.7,105.7,67.9,-0.018,105.6,108.0,2024
Oakland,Horz,23,108.6,105.8,66.7,0.082,107.1,108.2,2024
Colgate,Pat,25,104.7,102.5,66.2,0.057,101.9,108.9,2024
Longwood,BSth,21,105.7,104.8,66.8,-0.047,104.5,108.5,2024
Long Beach St.,BW,21,107.9,107.9,71.2,0.047,104.9,105.5,2024
Saint Peter's,MAAC,19,98.6,100.9,64.0,0.021,102.7,107.0,2024
Stetson,ASun,22,110.3,114.4,66.2,0.137,105.3,108.6,2024
Grambling St.,SWAC,20,99.3,107.1,64.8,0.131,101.0,106.6,2024
Wagner,NEC,16,95.8,105.9,61.3,0.022,100.2,108.4,2024
