Year,Team,Conf,Round,Wins,Conf Tourney,Region,Seed,WinStreak,Last10,WinStreak_Avg,WinStreak_SD
2007,North Carolina,ACC,4,28,1,South,1,4,7,3.3823529411764706,3.2989722631570553
2007,Eastern Kentucky,OVC,1,21,1,South,16,4,8,1.6875,1.8445443204217133
2007,Marquette,Big East,1,24,0,South,8,0,5,2.6363636363636362,2.556254146540987
2007,Michigan State,Big Ten,2,22,0,South,9,0,5,1.878787878787879,1.9030689052251615
2007,Southern California,Pac-10,3,23,0,South,5,0,5,1.3823529411764706,1.328747882126649
2007,Arkansas,SEC,1,21,0,South,12,0,6,1.4705882352941178,1.5762071772910897
2007,Texas,Big 12,2,24,0,South,4,0,8,1.8181818181818181,1.6414063713879807
2007,New Mexico State,WAC,1,25,1,South,13,3,7,3.484848484848485,3.8068615254580584
2007,Vanderbilt,SEC,3,20,0,South,6,0,5,1.6129032258064515,1.860929690562059
2007,George Washington,A-10,1,23,1,South,11,8,8,2.2903225806451615,2.173054166851521
2007,Washington State,Pac-10,2,25,0,South,3,0,7,2.1875,1.87812240016459
2007,Oral Roberts,Mid-Cont,1,23,1,South,14,3,8,2.1515151515151514,2.4261356243937082
2007,Boston College,ACC,2,20,0,South,7,0,5,1.8064516129032258,1.924701147119522
2007,Texas Tech,Big 12,1,21,0,South,10,0,6,1.3636363636363635,1.3215734840822138
2007,Georgetown,Big East,5,26,1,South,2,4,9,3.4375,3.1017887984193897
2007,Belmont,A-Sun,1,23,1,South,15,7,9,1.9375,1.8529958850466992
2007,Kansas,Big 12,4,30,1,East,1,11,10,4.205882352941177,3.2519624099258797
2007,Niagara,MAAC,1,23,1,East,16,11,10,2.5454545454545454,3.1535541189691383
2007,Kentucky,SEC,2,21,0,East,8,0,4,2.5625,3.2009520068254695
2007,Villanova,Big East,1,22,0,East,9,0,7,1.59375,1.4547202265384227
2007,Virginia Tech,ACC,2,21,0,East,5,0,5,1.34375,1.3603624287299323
2007,Illinois,Big Ten,1,23,0,East,12,0,7,1.7941176470588236,1.8908356659347567
2007,Southern Illinois,MVC,3,27,0,East,4,0,9,3.8484848484848486,3.6937392741675756
2007,Holy Cross,Patriot,1,25,1,East,13,5,8,3.3636363636363638,3.4361551965001906
2007,Duke,ACC,1,22,0,East,6,0,4,2.5,2.5
2007,Virginia Commonwealth,CAA,2,27,1,East,11,5,8,3.1515151515151514,2.8082261425946897
2007,Pittsburgh,Big East,3,27,0,East,3,0,6,3.088235294117647,2.800920511071773
2007,Wright State,Horizon,1,23,1,East,14,2,9,2.1875,2.429473965697101
2007,Indiana,Big Ten,2,20,0,East,7,0,5,1.3333333333333333,1.349897115421106
2007,Gonzaga,WCC,1,23,1,East,10,5,7,1.7878787878787878,1.6469913020243867
2007,Ucla,Pac-10,5,26,0,East,2,0,7,4.387096774193548,4.085200823072019
2007,Weber State,Big Sky,1,20,1,East,15,2,8,1.1612903225806452,1.1099774538119518
2007,Florida,SEC,7,29,1,West,1,4,7,5.470588235294118,5.11764705882353
2007,Jackson State,SWAC,1,21,1,West,16,5,7,1.2941176470588236,1.3618631650341442
2007,Arizona,Pac-10,1,20,0,West,8,0,6,3.066666666666667,3.641733408999377
2007,Purdue,Big Ten,2,21,0,West,9,0,7,1.40625,1.5584322049739603
2007,Butler,Horizon,3,27,0,West,5,0,6,3.484848484848485,3.04632129984538
2007,Old Dominion,CAA,1,24,0,West,12,0,9,3.03125,3.4953931735213994
2007,Maryland,ACC,2,24,0,West,4,0,8,2.59375,2.4220262049573287
2007,Davidson,Southern,1,29,1,West,13,13,10,5.2727272727272725,4.11407581781264
2007,Notre Dame,Big East,1,24,0,West,6,0,7,3.4516129032258065,3.5180521523892
2007,Winthrop,Big South,2,28,1,West,11,18,10,5.96875,5.64294014122957
2007,Oregon,Pac-10,4,26,1,West,3,6,7,3.909090909090909,3.7446012561410478
2007,Miami Oh,MAC,1,18,1,West,14,3,7,1.0625,1.1709371246996996
2007,Nevada Las Vegas,MWC,3,28,1,West,7,7,9,3.1470588235294117,2.7560879451217946
2007,Georgia Tech,ACC,1,20,0,West,10,0,7,1.5483870967741935,1.5829476317916513
2007,Wisconsin,Big Ten,2,29,0,West,2,0,7,5.411764705882353,5.111219763818461
2007,Texas Am Corpus Christi,Southland,1,26,1,West,15,6,9,3.0,2.7271780286589284
2007,Ohio State,Big Ten,6,30,1,Midwest,1,17,10,5.757575757575758,5.003212925470405
2007,Central Connecticut State,NEC,1,22,1,Midwest,16,5,9,3.0,3.550501458394378
2007,Brigham Young,MWC,1,25,0,Midwest,8,0,8,2.5454545454545454,2.336676078625091
2007,Xavier,A-10,2,24,0,Midwest,9,0,9,2.375,2.407670035532278
2007,Tennessee,SEC,3,22,0,Midwest,5,0,7,2.28125,2.465187302721641
2007,Long Beach State,Big West,1,24,1,Midwest,12,6,9,2.806451612903226,2.5198483676693297
2007,Virginia,ACC,2,20,0,Midwest,4,0,6,1.7666666666666666,1.8740923729160794
2007,Albany Ny,AEC,1,23,1,Midwest,13,5,8,2.28125,2.225342319172491
2007,Louisville,Big East,2,23,0,Midwest,6,0,7,2.0,1.920286436967152
2007,Stanford,Pac-10,1,18,0,Midwest,11,0,4,1.1,1.1357816691600549
2007,Texas Am,Big 12,3,25,0,Midwest,3,0,7,3.064516129032258,2.5644654083034566
2007,Pennsylvania,Ivy,1,22,0,Midwest,14,10,10,2.7666666666666666,2.8481963103378645
2007,Nevada,WAC,2,28,0,Midwest,7,0,8,4.09375,2.951264294755724
2007,Creighton,MVC,1,22,1,Midwest,10,4,7,1.375,1.340475661845451
2007,Memphis,CUSA,4,30,1,Midwest,2,22,10,8.151515151515152,7.054425699285529
2007,North Texas,Sun Belt,1,23,1,Midwest,15,5,7,1.4242424242424243,1.326428401711472
2008,North Carolina,ACC,5,32,1,West,1,11,10,7.147058823529412,5.122799975089315
2008,Mount St Marys,NEC,1,19,1,West,16,5,8,1.46875,1.7497209598961774
2008,Indiana,Big Ten,1,25,0,West,8,0,6,3.6875,3.7867986149252775
2008,Arkansas,SEC,2,22,0,West,9,0,5,1.606060606060606,1.6318681233740921
2008,Notre Dame,Big East,2,24,0,West,5,0,7,2.774193548387097,2.755752662474005
2008,George Mason,CAA,1,23,1,West,12,3,6,1.303030303030303,1.1930314960623956
2008,Washington State,Pac-10,3,24,0,West,4,0,7,3.84375,4.272801883717522
2008,Winthrop,Big South,1,22,1,West,13,3,8,1.4242424242424243,1.3932804766754727
2008,Oklahoma,Big 12,2,22,0,West,6,0,7,1.4848484848484849,1.3952562949359197
2008,Saint Josephs,A-10,1,21,0,West,11,0,5,1.5151515151515151,1.6899204234665073
2008,Louisville,Big East,4,24,0,West,3,0,8,2.40625,2.3960824145884465
2008,Boise State,WAC,1,25,1,West,14,3,8,1.878787878787879,1.5908369392008106
2008,Butler,Horizon,2,29,1,West,7,4,9,3.96875,2.6158695375534307
2008,South Alabama,Sun Belt,1,26,0,West,10,0,8,3.84375,3.7840898426834424
2008,Tennessee,SEC,3,29,0,West,2,0,8,4.121212121212121,3.0920972166846297
2008,American,Patriot,1,21,1,West,15,4,9,1.4375,1.5599979967935855
2008,Ucla,Pac-10,5,31,1,Midwest,1,10,10,4.205882352941177,2.7841928998914978
2008,Mississippi Valley State,SWAC,1,17,1,Midwest,16,9,9,1.875,2.55868618630734
2008,Brigham Young,MWC,1,27,0,Midwest,8,0,8,2.7058823529411766,2.4438327150401165
2008,Texas Am,Big 12,2,24,0,Midwest,9,0,4,2.4705882352941178,2.4160650326956294
2008,Drake,MVC,1,28,1,Midwest,5,4,7,7.625,6.808771915698161
2008,Western Kentucky,Sun Belt,3,27,1,Midwest,12,6,9,3.121212121212121,3.042701906923932
2008,Connecticut,Big East,1,24,0,Midwest,4,0,7,2.625,2.7698149757700423
2008,San Diego,WCC,2,21,1,Midwest,13,5,8,1.6176470588235294,1.9099538935357907
2008,Purdue,Big Ten,2,24,0,Midwest,6,0,7,2.75,3.1024184114977142
2008,Baylor,Big 12,1,21,0,Midwest,11,0,4,1.903225806451613,1.8378605849347247
2008,Xavier,A-10,4,27,0,Midwest,3,0,8,3.606060606060606,3.084068485064709
2008,Georgia,SEC,1,17,1,Midwest,14,4,5,0.9393939393939394,1.1265230482085518
2008,West Virginia,Big East,3,24,0,Midwest,7,0,7,1.9705882352941178,2.0932003939597745
2008,Arizona,Pac-10,1,19,0,Midwest,10,0,4,1.2424242424242424,1.576922646213053
2008,Duke,ACC,2,27,0,Midwest,2,0,6,4.5,3.61420807370024
2008,Belmont,A-Sun,1,25,1,Midwest,15,13,10,3.303030303030303,3.857184154942869
2008,Kansas,Big 12,7,31,1,East,1,7,8,7.205882352941177,6.086530025463199
2008,Portland State,Big Sky,1,23,1,East,16,5,9,2.3125,2.4677608777999542
2008,Nevada Las Vegas,MWC,2,26,1,East,8,4,8,1.878787878787879,1.4721160971504388
2008,Kent State,MAC,1,28,1,East,9,5,9,2.5294117647058822,1.9286583895005882
2008,Clemson,ACC,1,24,0,East,5,0,7,2.3333333333333335,2.7265992434429074
2008,Villanova,Big East,3,20,0,East,12,0,6,1.5,1.620185174601965
2008,Vanderbilt,SEC,1,26,0,East,4,0,7,5.0606060606060606,4.904786740116625
2008,Siena,MAAC,2,22,1,East,13,6,8,1.65625,1.6318964236433635
2008,Southern California,Pac-10,1,21,0,East,6,0,6,1.625,1.6153559979150107
2008,Kansas State,Big 12,2,20,0,East,11,0,4,1.5161290322580645,1.6038455347943292
2008,Wisconsin,Big Ten,3,29,1,East,3,10,10,4.0,3.0748244591432297
2008,Cal State Fullerton,Big West,1,24,1,East,14,6,9,1.8125,1.589762167747113
2008,Gonzaga,WCC,1,25,0,East,7,0,8,2.46875,2.193518506304426
2008,Davidson,Southern,4,26,1,East,10,22,10,8.0625,7.335434121440939
2008,Georgetown,Big East,2,27,0,East,2,0,8,3.15625,2.319878431620933
2008,Maryland Baltimore County,AEC,1,24,1,East,15,3,9,2.25,2.384848003542364
2008,Memphis,CUSA,6,33,1,South,1,7,9,11.147058823529411,7.889428343344979
2008,Texas Arlington,Southland,1,21,1,South,16,3,5,1.875,2.1469455046647083
2008,Mississippi State,SEC,2,22,0,South,8,0,7,2.09375,2.428468846310366
2008,Oregon,Pac-10,1,18,0,South,9,0,5,1.1935483870967742,1.280608596211562
2008,Michigan State,Big Ten,3,25,0,South,5,0,5,2.878787878787879,3.082281482412464
2008,Temple,A-10,1,21,1,South,12,7,8,1.5151515151515151,1.7773185816503247
2008,Pittsburgh,Big East,2,26,1,South,4,5,7,2.742857142857143,3.0457732505683266
2008,Oral Roberts,Summit,1,24,1,South,13,3,7,2.71875,3.114827192237155
2008,Marquette,Big East,2,24,0,South,6,0,7,2.0,1.8909673650694174
2008,Kentucky,SEC,1,18,0,South,11,0,7,1.2666666666666666,1.4126413400278062
2008,Stanford,Pac-10,3,26,0,South,3,0,6,2.484848484848485,2.105133870661625
2008,Cornell,Ivy,1,22,0,South,14,16,10,5.407407407407407,5.187301155558991
2008,Miami Fl,ACC,2,22,0,South,7,0,7,3.0,3.553167600887974
2008,Saint Marys Ca,WCC,1,25,0,South,10,0,7,2.6129032258064515,2.058458855941138
2008,Texas,Big 12,4,28,0,South,2,0,8,3.5588235294117645,3.107781282244601
2008,Austin Peay,OVC,1,24,1,South,15,6,9,2.0,1.8942637868358374
2009,Pittsburgh,Big East,4,28,0,South,1,0,8,5.40625,4.742489951228152
2009,East Tennessee State,A-Sun,1,23,1,South,16,5,6,1.6363636363636365,1.5338243314962137
2009,Oklahoma State,Big 12,2,22,0,South,8,0,8,1.9696969696969697,2.066835503633931
2009,Tennessee,SEC,1,21,0,South,9,0,6,1.2424242424242424,1.2799219443601744
2009,Florida State,ACC,1,25,0,South,5,0,6,1.7941176470588236,1.7620077412647248
2009,Wisconsin,Big Ten,2,19,0,South,12,0,7,1.3548387096774193,1.4266673798384504
2009,Xavier,A-10,3,25,0,South,4,0,5,3.71875,3.374855320973034
2009,Portland State,Big Sky,1,23,1,South,13,6,8,1.71875,1.5659337270459437
2009,Ucla,Pac-10,2,25,0,South,6,0,6,2.6666666666666665,2.7376905403915717
2009,Virginia Commonwealth,CAA,1,24,1,South,11,5,8,1.9090909090909092,1.896785739942888
2009,Villanova,Big East,5,26,0,South,3,0,7,2.4545454545454546,2.175495890399705
2009,American,Patriot,1,24,1,South,14,13,10,3.967741935483871,3.822546617515622
2009,Texas,Big 12,2,22,0,South,7,0,6,1.4242424242424243,1.498085708401003
2009,Minnesota,Big Ten,1,22,0,South,10,0,4,2.96875,3.566198737801919
2009,Duke,ACC,3,28,1,South,2,3,8,3.3529411764705883,2.858242497236786
2009,Binghamton,AEC,1,23,1,South,15,11,10,3.129032258064516,3.1799973167352342
2009,Connecticut,Big East,5,27,0,East,1,0,7,5.258064516129032,3.9428804104767803
2009,Chattanooga,Southern,1,18,1,East,16,3,7,1.1470588235294117,1.396052268977155
2009,Brigham Young,MWC,1,25,0,East,8,0,8,2.90625,2.742710509240813
2009,Texas Am,Big 12,2,23,0,East,9,0,6,2.8125,2.8442650632456883
2009,Purdue,Big Ten,3,25,1,East,5,3,7,2.176470588235294,1.886025828456635
2009,Northern Iowa,MVC,1,23,1,East,12,5,6,2.696969696969697,3.1669203900094307
2009,Washington,Pac-10,2,25,0,East,4,0,8,2.606060606060606,2.473365930595377
2009,Mississippi State,SEC,1,23,1,East,13,6,7,1.6857142857142857,1.785199925921521
2009,Marquette,Big East,2,24,0,East,6,0,4,3.212121212121212,3.4532161184995647
2009,Utah State,WAC,1,30,1,East,11,4,7,6.382352941176471,5.871239501774495
2009,Missouri,Big 12,4,28,1,East,3,3,8,2.5294117647058822,2.0470250166241546
2009,Cornell,Ivy,1,21,0,East,14,2,7,2.1,2.481263119192857
2009,California,Pac-10,1,22,0,East,7,0,6,2.3125,2.517904634810461
2009,Maryland,ACC,2,20,0,East,10,0,5,1.4848484848484849,1.8442574611761138
2009,Memphis,CUSA,3,31,1,East,2,25,10,9.911764705882353,8.074533849443766
2009,Cal State Northridge,Big West,1,17,1,East,15,2,7,1.2666666666666666,1.5691469727919758
2009,Louisville,Big East,4,28,1,West,1,10,10,3.6363636363636362,2.9931050242098776
2009,Morehead State,OVC,1,20,1,West,16,3,6,1.1764705882352942,1.2478354962115543
2009,Ohio State,Big Ten,1,22,0,West,8,0,5,2.28125,2.465187302721641
2009,Siena,MAAC,2,26,1,West,9,4,8,2.4242424242424243,2.0893714152652367
2009,Utah,MWC,1,24,1,West,5,4,8,2.272727272727273,2.1640692207705605
2009,Arizona,Pac-10,3,19,0,West,12,0,5,1.53125,1.870567677872148
2009,Wake Forest,ACC,1,24,0,West,4,0,7,5.033333333333333,5.075978285567774
2009,Cleveland State,Horizon,2,25,1,West,13,4,8,2.0285714285714285,1.9046666642855952
2009,West Virginia,Big East,1,23,0,West,6,0,7,1.411764705882353,1.3529411764705883
2009,Dayton,A-10,2,26,0,West,11,0,5,2.787878787878788,2.3964313842142477
2009,Kansas,Big 12,3,25,0,West,3,0,7,2.34375,2.1155580676266013
2009,North Dakota State,Summit,1,26,1,West,14,7,9,3.28125,3.1547025909743063
2009,Boston College,ACC,1,22,0,West,7,0,5,2.4545454545454546,2.8186705343596326
2009,Southern California,Pac-10,2,21,1,West,10,5,6,1.4242424242424243,1.498085708401003
2009,Michigan State,Big Ten,6,26,0,West,2,0,8,3.1875,3.06632414300902
2009,Robert Morris,NEC,1,24,1,West,15,5,8,2.2941176470588234,2.4438327150401165
2009,North Carolina,ACC,7,28,0,Midwest,1,0,8,4.90625,3.810834677272159
2009,Radford,Big South,1,21,1,Midwest,16,3,9,2.21875,2.521586492171149
2009,Louisiana State,SEC,2,26,0,Midwest,8,0,7,3.272727272727273,2.915712161799981
2009,Butler,Horizon,1,26,0,Midwest,9,0,7,3.806451612903226,3.1358422734231577
2009,Illinois,Big Ten,1,24,0,Midwest,5,0,6,2.0,1.9847906537954927
2009,Western Kentucky,Sun Belt,2,24,1,Midwest,12,7,9,2.03125,1.8453382989305782
2009,Gonzaga,WCC,3,26,1,Midwest,4,9,9,3.838709677419355,2.8635278736996317
2009,Akron,MAC,1,23,1,Midwest,13,4,7,1.5142857142857142,1.778786561859815
2009,Arizona State,Pac-10,2,24,0,Midwest,6,0,6,2.212121212121212,2.1427478217774167
2009,Temple,A-10,1,22,1,Midwest,11,5,8,1.5454545454545454,1.5392030423273084
2009,Syracuse,Big East,3,26,0,Midwest,3,0,8,2.9714285714285715,2.7201440538084354
2009,Stephen F Austin,Southland,1,24,1,Midwest,14,8,9,2.4838709677419355,2.226974915366865
2009,Clemson,ACC,1,23,0,Midwest,7,0,4,4.741935483870968,5.142910823431916
2009,Michigan,Big Ten,2,20,0,Midwest,10,0,5,1.1818181818181819,1.2899270699268341
2009,Oklahoma,Big 12,4,27,0,Midwest,2,0,6,5.34375,4.172898984818588
2009,Morgan State,MEAC,1,23,1,Midwest,15,5,9,2.0,2.155703788448082
2010,Kentucky,SEC,4,32,1,South,1,5,9,7.088235294117647,5.479199421227325
2010,East Tennessee State,A-Sun,1,20,1,South,16,6,8,1.3235294117647058,1.5476849549321023
2010,Texas,Big 12,1,24,0,South,8,0,5,4.878787878787879,5.53094641338459
2010,Wake Forest,ACC,2,19,0,South,9,0,5,1.8275862068965518,1.9488098139234196
2010,Temple,A-10,1,29,1,South,5,10,10,3.3529411764705883,2.7319714164077933
2010,Cornell,Ivy,3,27,0,South,12,7,9,3.935483870967742,2.8617103375763713
2010,Wisconsin,Big Ten,2,23,0,South,4,0,7,1.7096774193548387,1.5490589940055444
2010,Wofford,Southern,1,26,1,South,13,13,10,3.6470588235294117,3.764246295476743
2010,Marquette,Big East,1,22,0,South,6,0,7,1.6666666666666667,1.7174093715520913
2010,Washington,Pac-10,3,24,1,South,11,7,8,2.0606060606060606,1.9217951509949003
2010,New Mexico,MWC,2,29,0,South,3,0,9,6.090909090909091,4.508333269682202
2010,Montana,Big Sky,1,22,1,South,14,3,8,1.5161290322580645,1.3882215994419362
2010,Clemson,ACC,1,21,0,South,7,0,6,1.6129032258064515,1.5999479700177088
2010,Missouri,Big 12,2,22,0,South,10,0,6,2.125,2.45903944661325
2010,West Virginia,Big East,5,27,1,South,2,6,8,3.4242424242424243,3.0553510241254487
2010,Morgan State,MEAC,1,27,1,South,15,7,8,2.9722222222222223,3.122375441080353
2010,Syracuse,Big East,3,28,0,East,1,0,7,5.21875,3.8869523328052273
2010,Vermont,AEC,1,25,1,East,16,4,9,2.4705882352941178,2.185988726595535
2010,Gonzaga,WCC,2,26,0,East,8,0,8,2.78125,2.3944515943113154
2010,Florida State,ACC,1,22,0,East,9,0,6,1.7419354838709677,1.795473554848483
2010,Butler,Horizon,6,28,1,East,5,20,10,6.96875,6.4734282600103015
2010,Texas El Paso,CUSA,1,26,0,East,12,0,9,5.0625,4.879405061070458
2010,Vanderbilt,SEC,1,24,0,East,4,0,7,2.5625,2.737899514226189
2010,Murray State,OVC,2,30,1,East,13,4,9,5.882352941176471,4.980932501180365
2010,Xavier,A-10,3,24,0,East,6,0,8,2.125,2.1028254801575903
2010,Minnesota,Big Ten,1,21,0,East,11,0,7,1.6176470588235294,1.8789030886687577
2010,Pittsburgh,Big East,2,24,0,East,3,0,8,2.3125,2.1423920626253263
2010,Oakland,Summit,1,26,1,East,14,11,10,3.5,3.3715941420674476
2010,Brigham Young,MWC,2,29,0,East,7,0,7,4.529411764705882,4.360486306646293
2010,Florida,SEC,1,21,0,East,10,0,4,1.878787878787879,2.1427478217774167
2010,Kansas State,Big 12,4,26,0,East,2,0,7,3.0,2.8176930172383825
2010,North Texas,Sun Belt,1,24,1,East,15,11,10,2.6875,3.1168644099479206
2010,Kansas,Big 12,2,32,1,West,1,5,9,6.205882352941177,4.128661738489248
2010,Lehigh,Patriot,1,22,1,West,16,5,8,1.71875,1.6814126315393256
2010,Nevada Las Vegas,MWC,1,25,0,West,8,0,6,2.484848484848485,2.0761446221770474
2010,Northern Iowa,MVC,3,28,1,West,9,4,8,4.84375,4.388261151925669
2010,Michigan State,Big Ten,5,24,0,West,5,0,5,2.65625,2.7341517766027548
2010,New Mexico State,WAC,1,22,1,West,12,3,7,1.5151515151515151,1.4589579536012995
2010,Maryland,ACC,2,23,0,West,4,0,8,1.967741935483871,1.8401239608969884
2010,Houston,CUSA,1,19,1,West,13,4,6,0.9117647058823529,1.0394468851218996
2010,Tennessee,SEC,4,25,0,West,6,0,7,2.1818181818181817,1.8822060791841861
2010,San Diego State,MWC,1,25,1,West,11,5,9,1.8181818181818181,1.526623238522424
2010,Georgetown,Big East,1,23,0,West,3,0,5,1.9090909090909092,2.094200308263151
2010,Ohio,MAC,2,21,1,West,14,5,7,1.2285714285714286,1.354056641265461
2010,Oklahoma State,Big 12,1,22,0,West,7,0,6,1.71875,1.6814126315393256
2010,Georgia Tech,ACC,2,22,0,West,10,0,5,1.5,1.769845456862398
2010,Ohio State,Big Ten,3,27,1,West,2,7,9,2.3529411764705883,1.9686118271390012
2010,California Santa Barbara,Big West,1,20,1,West,15,3,9,1.7241379310344827,1.6378402878672988
2010,Duke,ACC,7,29,1,Midwest,1,4,9,2.9705882352941178,2.2685223762674895
2010,Arkansas Pine Bluff,SWAC,1,18,1,Midwest,16,4,9,1.5,1.920286436967152
2010,California,Pac-10,2,23,0,Midwest,8,0,8,1.5454545454545454,1.4993111365882401
2010,Louisville,Big East,1,20,0,Midwest,9,0,6,1.28125,1.3746448404951732
2010,Texas Am,Big 12,2,23,0,Midwest,5,0,7,1.59375,1.3660933121496497
2010,Utah State,WAC,1,27,0,Midwest,12,0,9,5.088235294117647,5.299098963690867
2010,Purdue,Big Ten,3,27,0,Midwest,4,0,8,5.1875,4.156602428666951
2010,Siena,MAAC,1,27,1,Midwest,13,5,8,4.363636363636363,4.538175990672249
2010,Notre Dame,Big East,1,23,0,Midwest,6,0,6,1.7352941176470589,1.7030910225651088
2010,Old Dominion,CAA,2,26,1,Midwest,11,5,8,2.264705882352941,2.090719317946813
2010,Baylor,Big 12,4,25,0,Midwest,3,0,8,2.53125,2.410710152112858
2010,Sam Houston State,Southland,1,25,1,Midwest,14,3,8,2.90625,3.0450715816709466
2010,Richmond,A-10,1,26,0,Midwest,7,0,8,2.235294117647059,2.087199411671785
2010,Saint Marys Ca,WCC,3,26,1,Midwest,10,5,8,2.903225806451613,2.190225186679736
2010,Villanova,Big East,2,24,0,Midwest,2,0,4,3.7419354838709675,3.426347080845476
2010,Robert Morris,NEC,1,23,1,Midwest,15,3,7,2.0294117647058822,2.3946667963923383
2011,Ohio State,Big Ten,3,32,1,West,1,7,8,9.676470588235293,7.391253130381224
2011,Texas San Antonio,Southland,1,20,1,West,16,5,7,1.15625,1.301666599978658
2011,George Mason,CAA,2,26,0,West,8,0,9,5.25,4.873397172404482
2011,Villanova,Big East,1,21,0,West,9,0,3,2.75,3.2113081446662823
2011,West Virginia,Big East,2,20,0,West,5,0,5,1.1935483870967742,1.147770766106916
2011,Clemson,ACC,1,22,0,West,12,0,6,1.78125,2.1025932648755443
2011,Kentucky,SEC,5,25,1,West,4,6,8,2.121212121212121,1.981085954991655
2011,Princeton,Ivy,1,25,0,West,13,2,8,3.2903225806451615,2.975096077462924
2011,Xavier,A-10,1,24,0,West,6,0,9,2.838709677419355,2.616286141418273
2011,Marquette,Big East,3,20,0,West,11,0,5,1.0294117647058822,1.097732800383619
2011,Syracuse,Big East,2,26,0,West,3,0,7,5.909090909090909,5.648081660730569
2011,Indiana State,MVC,1,20,1,West,14,5,8,1.5151515151515151,1.7077579155885296
2011,Washington,Pac-10,2,23,1,West,7,3,7,1.606060606060606,1.5362171946226153
2011,Georgia,SEC,1,21,0,West,10,0,5,1.9375,2.461421083439402
2011,North Carolina,ACC,4,26,0,West,2,0,9,2.6363636363636362,2.39719762928074
2011,Long Island University,NEC,1,27,1,West,15,13,10,4.34375,3.7550746913343813
2011,Duke,ACC,3,30,1,East,1,3,8,4.852941176470588,4.284941848333372
2011,Hampton,MEAC,1,24,1,East,16,5,7,2.125,1.8833148966649205
2011,Michigan,Big Ten,2,20,0,East,8,0,7,1.5454545454545454,1.827250112931071
2011,Tennessee,SEC,1,19,0,East,9,0,4,1.3636363636363635,1.806019930394102
2011,Arizona,Pac-10,4,27,0,East,5,0,7,2.4411764705882355,2.060713418306278
2011,Memphis,CUSA,1,25,1,East,12,4,7,1.9411764705882353,1.8301587277769464
2011,Texas,Big 12,2,27,0,East,4,0,6,3.1176470588235294,3.017251436054626
2011,Oakland,Summit,1,25,1,East,13,8,9,3.0588235294117645,2.9896013551936615
2011,Cincinnati,Big East,2,25,0,East,6,0,7,4.151515151515151,4.626152351912306
2011,Missouri,Big 12,1,23,0,East,11,0,5,2.303030303030303,2.480039692801227
2011,Connecticut,Big East,7,26,1,East,3,5,6,2.7714285714285714,2.7783418928327355
2011,Bucknell,Patriot,1,25,1,East,14,10,10,3.393939393939394,3.1231238628965023
2011,Temple,A-10,2,25,0,East,7,0,8,2.4375,2.207055447876197
2011,Penn State,Big Ten,1,19,0,East,10,0,7,1.0606060606060606,1.1790955429299224
2011,San Diego State,MWC,3,32,1,East,2,5,9,7.4411764705882355,5.897113832807827
2011,Northern Colorado,Big Sky,1,21,1,East,15,7,9,2.193548387096774,2.2349042678308098
2011,Pittsburgh,Big East,2,27,0,Midwest,1,0,7,3.71875,3.002440413646872
2011,North Carolina Asheville,Big South,1,20,1,Midwest,16,6,7,1.21875,1.5152222403000821
2011,Butler,Horizon,6,23,1,Midwest,8,9,9,2.4375,2.5487435630129602
2011,Old Dominion,CAA,1,27,1,Midwest,9,9,9,2.696969696969697,2.328803158404952
2011,Kansas State,Big 12,2,22,0,Midwest,5,0,8,1.78125,1.7272517006794348
2011,Utah State,WAC,1,30,1,Midwest,12,8,9,6.0606060606060606,4.947845530154139
2011,Wisconsin,Big Ten,3,23,0,Midwest,4,0,7,1.967741935483871,1.8401239608969884
2011,Belmont,A-Sun,1,30,1,Midwest,13,12,10,4.352941176470588,3.3244402708105394
2011,St Johns Ny,Big East,1,21,0,Midwest,6,0,8,1.8125,1.8275239396516807
2011,Gonzaga,WCC,2,24,1,Midwest,11,9,9,3.0,2.9541957835039856
2011,Brigham Young,MWC,3,30,0,Midwest,3,0,8,4.235294117647059,3.0395319253561914
2011,Wofford,Southern,1,21,1,Midwest,14,8,9,1.7272727272727273,2.1358800226310417
2011,Ucla,Pac-10,2,22,0,Midwest,7,0,7,1.9375,1.869784412706449
2011,Michigan State,Big Ten,1,19,0,Midwest,10,0,6,0.8484848484848485,0.8570991287109666
2011,Florida,SEC,4,26,0,Midwest,2,0,8,2.090909090909091,1.658104729733873
2011,California Santa Barbara,Big West,1,18,1,Midwest,15,4,6,0.967741935483871,1.0620695247196341
2011,Kansas,Big 12,4,32,1,South,1,8,9,6.705882352941177,5.073167079985962
2011,Boston University,AEC,1,21,1,South,16,11,10,2.3529411764705883,3.1704736419322033
2011,Nevada Las Vegas,MWC,1,24,0,South,8,0,7,2.53125,2.5122745545620604
2011,Illinois,Big Ten,2,19,0,South,9,0,4,1.4375,1.8360538526960477
2011,Vanderbilt,SEC,1,23,0,South,5,0,6,1.6363636363636365,1.5338243314962137
2011,Richmond,A-10,3,27,1,South,12,7,9,2.0294117647058822,1.7402720226455313
2011,Louisville,Big East,1,25,0,South,4,0,7,1.9411764705882353,2.042794747551216
2011,Morehead State,OVC,2,24,1,South,13,3,9,2.5757575757575757,2.4988518943137334
2011,Georgetown,Big East,1,21,0,South,6,0,5,2.5806451612903225,2.649092279696492
2011,Virginia Commonwealth,CAA,5,24,0,South,11,0,5,1.9411764705882353,2.3879744859040515
2011,Purdue,Big Ten,2,25,0,South,3,0,7,3.1875,2.855230945125105
2011,Saint Peters,MAAC,1,20,1,South,14,3,6,1.3636363636363635,1.513938908702642
2011,Texas Am,Big 12,1,24,0,South,7,0,7,3.625,3.8466706383572795
2011,Florida State,ACC,3,21,0,South,10,0,6,1.6129032258064515,1.5796573608639086
2011,Notre Dame,Big East,2,26,0,South,2,0,8,2.875,2.301494079940246
2011,Akron,MAC,1,23,1,South,15,4,8,1.6285714285714286,1.8061120719176122
2012,Syracuse,Big East,4,31,0,South,1,0,9,8.363636363636363,5.687936100193972
2012,North Carolina Asheville,Big South,1,24,1,South,16,5,8,2.3333333333333335,2.0694995247228936
2012,Kansas State,Big 12,2,21,0,South,8,0,6,1.6774193548387097,1.6922421998198713
2012,Southern Mississippi,CUSA,1,25,0,South,9,0,5,2.878787878787879,3.082281482412464
2012,Vanderbilt,SEC,2,24,1,South,5,3,7,1.911764705882353,2.0774368689894476
2012,Harvard,Ivy,1,26,0,South,12,2,8,3.3333333333333335,2.611938403221298
2012,Wisconsin,Big Ten,3,24,0,South,4,0,6,2.272727272727273,2.0191916665403253
2012,Montana,Big Sky,1,25,1,South,13,14,10,4.32258064516129,4.184357173231485
2012,Cincinnati,Big East,3,24,0,South,6,0,7,1.7647058823529411,1.7832360460263668
2012,Texas,Big 12,1,20,0,South,11,0,6,1.5151515151515151,1.8442574611761138
2012,Florida State,ACC,2,24,1,South,3,5,8,2.1515151515151514,1.9558957046187788
2012,St Bonaventure,A-10,1,20,1,South,14,3,8,1.1612903225806452,1.1386685544982444
2012,Gonzaga,WCC,2,25,0,South,7,0,8,2.6129032258064515,2.104946851751671
2012,West Virginia,Big East,1,19,0,South,10,0,4,1.15625,1.301666599978658
2012,Ohio State,Big Ten,5,27,0,South,2,0,6,2.5588235294117645,2.198812199007726
2012,Loyola Md,MAAC,1,24,1,South,15,4,7,2.5625,2.3708845922988324
2012,Michigan State,Big Ten,3,27,1,East,1,3,8,4.617647058823529,4.452459372489301
2012,Long Island University,NEC,1,25,1,East,16,3,9,2.909090909090909,2.7120788891229632
2012,Memphis,CUSA,1,26,1,East,8,7,9,2.176470588235294,1.9624502726602682
2012,Saint Louis,A-10,2,25,0,East,9,0,8,2.375,1.948557158514987
2012,New Mexico,MWC,2,27,1,East,5,5,8,4.121212121212121,3.7153047573319036
2012,Long Beach State,Big West,1,25,1,East,12,3,8,3.0606060606060606,3.437223985078603
2012,Louisville,Big East,5,26,1,East,4,4,6,3.2285714285714286,3.4233293258857502
2012,Davidson,Southern,1,25,1,East,13,5,8,2.375,2.1323402636539974
2012,Murray State,OVC,2,30,1,East,6,7,9,9.806451612903226,6.91617717845543
2012,Colorado State,MWC,1,20,0,East,11,0,6,1.8064516129032258,2.1465554528534354
2012,Marquette,Big East,3,25,0,East,3,0,7,3.15625,2.873471060842618
2012,Brigham Young,WCC,1,26,0,East,14,0,7,1.878787878787879,1.532626498957793
2012,Florida,SEC,4,23,0,East,7,0,4,1.9393939393939394,1.9217951509949005
2012,Virginia,ACC,1,22,0,East,10,0,4,3.0,3.583114521951448
2012,Missouri,Big 12,1,30,1,East,2,5,8,4.647058823529412,3.8568682277142368
2012,Norfolk State,MEAC,2,25,1,East,15,7,9,2.323529411764706,2.34797269544318
2012,North Carolina,ACC,4,29,0,Midwest,1,0,9,3.5588235294117645,2.713703530456316
2012,Vermont,AEC,1,24,1,Midwest,16,4,9,2.3529411764705883,2.742716053382298
2012,Creighton,MVC,2,28,1,Midwest,8,7,7,3.878787878787879,3.0327263038052856
2012,Alabama,SEC,1,21,0,Midwest,9,0,6,1.90625,1.9741988090108857
2012,Temple,A-10,1,24,0,Midwest,5,0,8,2.903225806451613,3.1145324167229176
2012,South Florida,Big East,2,21,0,Midwest,12,0,7,1.0606060606060606,1.0992943725586093
2012,Michigan,Big Ten,1,24,0,Midwest,4,0,7,1.8484848484848484,1.8277525878788146
2012,Ohio,MAC,3,27,1,Midwest,13,4,8,2.735294117647059,2.4047602733574793
2012,San Diego State,MWC,1,26,0,Midwest,6,0,6,3.212121212121212,3.0427019069239316
2012,North Carolina State,ACC,3,22,0,Midwest,11,0,5,1.5588235294117647,1.593943988804615
2012,Georgetown,Big East,2,23,0,Midwest,3,0,6,2.7419354838709675,3.151730113051416
2012,Belmont,A-Sun,1,27,1,Midwest,14,14,10,4.117647058823529,4.078384238038342
2012,Saint Marys Ca,WCC,1,27,1,Midwest,7,4,7,4.0,3.43693177121688
2012,Purdue,Big Ten,2,21,0,Midwest,10,0,6,1.1515151515151516,1.1314033153087557
2012,Kansas,Big 12,6,27,0,Midwest,2,0,9,3.484848484848485,3.0463212998453804
2012,Detroit Mercy,Horizon,1,22,1,Midwest,15,5,9,1.3428571428571427,1.472468425911443
2012,Kentucky,SEC,7,32,0,West,1,0,9,9.882352941176471,7.242703045468887
2012,Western Kentucky,Sun Belt,1,16,1,West,16,6,7,0.9696969696969697,1.5072521352055621
2012,Iowa State,Big 12,2,22,0,West,8,0,6,1.75,1.8371173070873836
2012,Connecticut,Big East,1,20,0,West,9,0,5,1.6666666666666667,1.9488406291895184
2012,Wichita State,MVC,1,27,0,West,5,0,9,3.75,2.7838821814150108
2012,Virginia Commonwealth,CAA,2,28,1,West,12,6,9,3.735294117647059,3.12775829825745
2012,Indiana,Big Ten,3,25,0,West,4,0,8,3.242424242424242,3.429199951135374
2012,New Mexico State,WAC,1,26,1,West,13,4,9,1.9714285714285715,1.6815930250928184
2012,Nevada Las Vegas,MWC,1,26,0,West,6,0,5,2.5588235294117645,2.3538601146725706
2012,Colorado,Pac-12,2,23,1,West,11,4,7,1.5294117647058822,1.5574355641027915
2012,Baylor,Big 12,4,27,0,West,3,0,6,5.088235294117647,5.299098963690867
2012,South Dakota State,Summit,1,27,1,West,14,8,9,2.3529411764705883,2.056300975641004
2012,Notre Dame,Big East,1,22,0,West,7,0,7,2.0606060606060606,2.436333483908095
2012,Xavier,A-10,3,21,0,West,10,0,6,1.7878787878787878,2.1427478217774167
2012,Duke,ACC,1,27,0,West,2,0,8,2.6666666666666665,2.098580568870398
2012,Lehigh,Patriot,2,26,1,West,15,8,9,2.484848484848485,2.1619465432408447
2013,Indiana,Big Ten,3,27,0,Midwest,1,0,7,2.878787878787879,2.4215894574553993
2013,James Madison,CAA,1,21,1,Midwest,16,4,7,1.2058823529411764,1.3011174329761568
2013,North Carolina State,ACC,1,24,0,Midwest,8,0,7,2.323529411764706,2.7194353678150147
2013,Temple,A-10,2,23,0,Midwest,9,0,8,1.96875,2.0075540932936278
2013,Nevada Las Vegas,MWC,1,25,0,Midwest,5,0,7,2.235294117647059,2.4017006661874825
2013,California,Pac-12,2,20,0,Midwest,12,0,7,1.8709677419354838,2.090561515615439
2013,Syracuse,Big East,5,26,0,Midwest,4,0,5,2.9714285714285715,2.95185863275244
2013,Montana,Big Sky,1,25,1,Midwest,13,6,8,4.32258064516129,4.184357173231485
2013,Butler,A-10,2,26,0,Midwest,6,0,6,3.3823529411764706,3.7808706271124826
2013,Bucknell,Patriot,1,28,1,Midwest,11,7,9,2.6666666666666665,1.9488406291895186
2013,Marquette,Big East,4,23,0,Midwest,3,0,7,1.6774193548387097,1.532173172521022
2013,Davidson,Southern,1,26,1,Midwest,14,17,10,5.0,5.443929062392679
2013,Illinois,Big Ten,2,22,0,Midwest,7,0,6,2.8823529411764706,3.5460392642591843
2013,Colorado,Pac-12,1,21,0,Midwest,10,0,6,1.4375,1.539835624344365
2013,Miami Fl,ACC,3,27,1,Midwest,2,4,7,4.393939393939394,4.082033019475036
2013,Pacific,Big West,1,22,1,Midwest,15,7,8,1.6176470588235294,1.8152087204952323
2013,Gonzaga,WCC,2,31,1,East,1,14,10,5.636363636363637,3.7157990438713533
2013,Southern,SWAC,1,23,1,East,16,3,8,2.53125,2.761163421005718
2013,Pittsburgh,Big East,1,24,0,East,8,0,7,2.28125,2.1100114780493495
2013,Wichita State,MVC,5,26,0,East,9,0,7,2.764705882352941,2.462170533700747
2013,Wisconsin,Big Ten,1,23,0,East,5,0,6,1.6176470588235294,1.7659309473268325
2013,Mississippi,SEC,2,26,1,East,12,5,8,2.6176470588235294,2.4854246398027056
2013,Kansas State,Big 12,1,27,0,East,4,0,8,2.588235294117647,2.1844052503090756
2013,La Salle,A-10,3,22,0,East,13,0,7,1.5,1.3844373104863459
2013,Arizona,Pac-12,3,25,0,East,6,0,5,3.96875,4.2018178729568945
2013,Belmont,OVC,1,26,1,East,11,6,8,2.9375,2.7492896809903464
2013,New Mexico,MWC,1,29,1,East,3,3,9,3.588235294117647,3.2640433880011956
2013,Harvard,Ivy,2,19,0,East,14,2,7,1.3214285714285714,1.2263060509563855
2013,Notre Dame,Big East,1,25,0,East,7,0,6,2.8823529411764706,3.445070697493252
2013,Iowa State,Big 12,2,22,0,East,10,0,6,1.3636363636363635,1.2508949963969875
2013,Ohio State,Big Ten,4,26,1,East,2,8,9,2.3636363636363638,2.10076727423479
2013,Iona,MAAC,1,20,1,East,15,5,6,1.4242424242424243,1.6882894881435297
2013,Louisville,Big East,7,29,1,West,1,10,10,4.176470588235294,3.285176942457224
2013,North Carolina At,MEAC,1,20,1,West,16,4,6,0.8571428571428571,0.989743318610787
2013,Colorado State,MWC,2,25,0,West,8,0,6,2.4242424242424243,2.118179650581975
2013,Missouri,SEC,1,23,0,West,9,0,6,1.5151515151515151,1.539799517080303
2013,Oklahoma State,Big 12,1,24,0,West,5,0,7,2.15625,1.9543121392193212
2013,Oregon,Pac-12,3,26,1,West,12,3,7,2.5,2.3670532686170347
2013,Saint Louis,A-10,2,27,1,West,4,4,9,3.757575757575758,3.293982604048774
2013,New Mexico State,WAC,1,24,1,West,13,5,8,3.0,3.4810410883561156
2013,Memphis,CUSA,2,30,1,West,6,6,9,6.029411764705882,5.420469342157869
2013,Saint Marys Ca,WCC,1,28,0,West,11,0,8,2.909090909090909,2.3787396250654984
2013,Michigan State,Big Ten,3,25,0,West,3,0,6,2.3636363636363638,1.9198829165402616
2013,Valparaiso,Horizon,1,26,1,West,14,6,9,2.090909090909091,1.764354742789047
2013,Creighton,MVC,2,27,1,West,7,5,7,3.264705882352941,3.012804278305705
2013,Cincinnati,Big East,1,22,0,West,10,0,4,2.8181818181818183,3.545843024560018
2013,Duke,ACC,4,27,0,West,2,0,7,4.71875,4.4667827837829766
2013,Albany Ny,AEC,1,24,1,West,15,3,7,1.588235294117647,1.5361841008471289
2013,Kansas,Big 12,3,29,1,South,1,3,9,6.0588235294117645,5.46615886464746
2013,Western Kentucky,Sun Belt,1,20,1,South,16,4,7,1.3428571428571427,1.5846199570128054
2013,North Carolina,ACC,2,24,0,South,8,0,8,1.6470588235294117,1.5507560384075374
2013,Villanova,Big East,1,20,0,South,9,0,6,1.5151515151515151,1.8110973087859314
2013,Virginia Commonwealth,A-10,2,26,0,South,5,0,7,3.5,3.7671177935642306
2013,Akron,MAC,1,26,1,South,12,2,8,6.28125,6.1959380595273865
2013,Michigan,Big Ten,6,26,0,South,4,0,5,4.666666666666667,4.98279869433663
2013,South Dakota State,Summit,1,25,1,South,13,4,7,2.1470588235294117,2.130069771588224
2013,Ucla,Pac-12,1,25,0,South,6,0,7,2.4411764705882355,2.702843562213564
2013,Minnesota,Big Ten,2,20,0,South,11,0,3,2.59375,3.21966006551934
2013,Florida,SEC,4,26,0,South,3,0,6,2.9393939393939394,2.83847370359915
2013,Northwestern State,Southland,1,23,1,South,14,4,8,2.4193548387096775,2.433293182664014
2013,San Diego State,MWC,2,22,0,South,7,0,5,2.59375,3.1707587321491366
2013,Oklahoma,Big 12,1,20,0,South,10,0,6,1.2580645161290323,1.2943485579186376
2013,Georgetown,Big East,1,25,0,South,2,0,8,3.4193548387096775,3.1497485158023593
2013,Florida Gulf Coast,A-Sun,3,24,1,South,15,5,8,1.8235294117647058,1.8545744435805231
2014,Virginia,ACC,3,28,1,East,1,3,9,3.764705882352941,3.6866916743511524
2014,Coastal Carolina,Big South,1,21,1,East,16,5,8,1.3333333333333333,1.3853490243227227
2014,Memphis,AAC,2,23,0,East,8,0,6,1.625,1.5562374497485916
2014,George Washington,A-10,1,24,0,East,9,0,6,2.0625,1.7842628029525247
2014,Cincinnati,AAC,1,27,0,East,5,0,6,4.757575757575758,4.4451560495517874
2014,Harvard,Ivy,2,26,0,East,12,8,9,3.4,2.6025628394590847
2014,Michigan State,Big Ten,4,26,1,East,4,3,6,3.088235294117647,3.165695231316157
2014,Delaware,CAA,1,25,1,East,13,5,8,3.4411764705882355,3.8055004808874484
2014,North Carolina,ACC,2,23,0,East,6,0,8,3.03125,3.513228349751835
2014,Providence,Big East,1,23,1,East,11,3,7,1.6764705882352942,1.6754382786618958
2014,Iowa State,Big 12,3,26,1,East,3,4,8,4.0,4.126778771669621
2014,North Carolina Central,MEAC,1,28,1,East,14,20,10,7.0606060606060606,6.319471563731556
2014,Connecticut,AAC,7,26,0,East,7,0,7,2.323529411764706,2.3227846907802676
2014,Saint Josephs,A-10,1,24,1,East,10,3,8,1.8484848484848484,1.6718926332283297
2014,Villanova,Big East,2,28,0,East,2,0,8,3.84375,2.905913959066923
2014,Milwaukee,Horizon,1,21,1,East,15,5,6,1.5,1.5764815627361644
2014,Arizona,Pac-12,4,30,0,South,1,0,7,7.411764705882353,6.660319931632076
2014,Weber State,Big Sky,1,19,1,South,16,3,6,1.4666666666666666,1.586050300449376
2014,Gonzaga,WCC,2,28,1,South,8,5,7,2.5588235294117645,1.9431807834304624
2014,Oklahoma State,Big 12,1,21,0,South,9,0,5,1.8484848484848484,1.9713279960352232
2014,Oklahoma,Big 12,1,23,0,South,5,0,6,1.875,1.8498310733685928
2014,North Dakota State,Summit,2,25,1,South,12,9,9,2.806451612903226,2.428584545124995
2014,San Diego State,MWC,3,29,0,South,4,0,8,7.121212121212121,6.260785001402976
2014,New Mexico State,WAC,1,26,1,South,13,5,9,2.4857142857142858,2.156338544470081
2014,Baylor,Big 12,3,24,0,South,6,0,8,2.142857142857143,2.0303814862216996
2014,Nebraska,Big Ten,1,19,0,South,11,0,8,1.2903225806451613,1.3486803200236692
2014,Creighton,Big East,2,26,0,South,3,0,7,2.909090909090909,2.6670109970531066
2014,Louisiana Lafayette,Sun Belt,1,23,1,South,14,4,8,1.5588235294117647,1.593943988804615
2014,Oregon,Pac-12,2,23,0,South,7,0,8,4.03125,3.9724392301833893
2014,Brigham Young,WCC,1,23,0,South,10,0,8,1.7941176470588236,1.7452357293113878
2014,Wisconsin,Big Ten,5,26,0,South,2,0,8,5.2727272727272725,4.875869633531601
2014,American,Patriot,1,20,1,South,15,3,6,2.5,3.2210246816812815
2014,Wichita State,MVC,2,34,1,Midwest,1,34,10,17.5,9.810708435174291
2014,Cal Poly,Big West,1,14,1,Midwest,16,3,5,0.65625,0.9222721602108567
2014,Kentucky,SEC,6,24,0,Midwest,8,0,5,1.5294117647058822,1.3982193322358485
2014,Kansas State,Big 12,1,20,0,Midwest,9,0,5,2.15625,2.8406576593282056
2014,Saint Louis,A-10,2,26,0,Midwest,5,0,6,6.46875,6.092948665260524
2014,North Carolina State,ACC,1,22,0,Midwest,12,0,5,1.5294117647058822,1.8348792894684964
2014,Louisville,AAC,3,29,1,Midwest,4,5,9,2.7058823529411766,1.9331384382535275
2014,Manhattan,MAAC,1,25,1,Midwest,13,5,9,2.5,2.25
2014,Massachusetts,A-10,1,24,0,Midwest,6,0,6,2.75,2.8284271247461903
2014,Tennessee,SEC,3,22,0,Midwest,11,0,6,1.3333333333333333,1.3853490243227227
2014,Duke,ACC,1,26,0,Midwest,3,0,7,1.9411764705882353,1.6077235727901704
2014,Mercer,A-Sun,2,26,1,Midwest,14,4,8,2.2058823529411766,2.0973289983537726
2014,Texas,Big 12,2,23,0,Midwest,7,0,5,2.0,2.04494943258218
2014,Arizona State,Pac-12,1,21,0,Midwest,10,0,5,1.5625,1.5995604865087159
2014,Michigan,Big Ten,4,25,0,Midwest,2,0,8,2.8181818181818183,2.896754144383461
2014,Wofford,Southern,1,20,1,Midwest,15,3,8,1.96875,2.4809823533229736
2014,Florida,SEC,5,32,1,West,1,26,10,10.794117647058824,8.216838563958717
2014,Albany Ny,AEC,1,19,1,West,16,3,7,0.875,0.9270248108869579
2014,Colorado,Pac-12,1,23,0,West,8,0,5,2.323529411764706,2.7516902638121317
2014,Pittsburgh,ACC,2,25,0,West,9,0,5,2.676470588235294,2.7729851003534094
2014,Virginia Commonwealth,A-10,1,26,0,West,5,0,7,2.2058823529411766,1.8594656374204404
2014,Stephen F Austin,Southland,2,31,1,West,12,28,10,12.424242424242424,8.920627451196955
2014,Ucla,Pac-12,3,26,1,West,4,3,7,2.088235294117647,2.020012333375621
2014,Tulsa,CUSA,1,21,1,West,13,11,10,2.4545454545454546,3.182251052806079
2014,Ohio State,Big Ten,1,25,0,West,6,0,6,4.088235294117647,4.5849347102851805
2014,Dayton,A-10,4,23,0,West,11,0,8,1.7878787878787878,1.7012931936506908
2014,Syracuse,ACC,2,27,0,West,3,0,5,10.21875,8.264133253856691
2014,Western Michigan,MAC,1,23,1,West,14,4,9,2.0625,2.1203994317109216
2014,New Mexico,MWC,1,27,1,West,7,3,9,2.393939393939394,1.7912141461977757
2014,Stanford,Pac-12,3,21,0,West,10,0,6,1.2121212121212122,1.1744134772773396
2014,Kansas,Big 12,2,24,0,West,2,0,6,1.9696969696969697,1.8987212360994596
2014,Eastern Kentucky,OVC,1,24,1,West,15,7,8,1.9393939393939394,1.8247356627060118
2015,Villanova,Big East,2,32,1,South,1,15,10,6.5,4.380773501402262
2015,Lafayette,Patriot,1,20,1,South,16,4,6,1.21875,1.2179484543690673
2015,North Carolina State,ACC,3,20,0,South,8,0,6,1.2727272727272727,1.523009924015644
2015,Louisiana State,SEC,1,22,0,South,9,0,6,1.8125,2.098176291449315
2015,Northern Iowa,MVC,2,30,1,South,5,3,9,5.757575757575758,4.625556824992045
2015,Wyoming,MWC,1,25,1,South,12,3,6,2.1470588235294117,2.130069771588224
2015,Louisville,ACC,4,24,0,South,4,0,5,2.84375,3.1035199270344633
2015,California Irvine,Big West,1,21,1,South,13,3,7,1.3333333333333333,1.5109031348264133
2015,Providence,Big East,1,22,0,South,6,0,5,1.606060606060606,1.6685939270225703
2015,Dayton,A-10,2,26,0,South,11,0,7,2.1515151515151514,2.105133870661625
2015,Oklahoma,Big 12,3,22,0,South,3,0,7,1.5,1.3919410907075054
2015,Albany Ny,AEC,1,24,1,South,14,6,9,3.75,3.856812155135378
2015,Michigan State,Big Ten,5,23,0,South,7,0,7,1.411764705882353,1.30874090948747
2015,Georgia,SEC,1,21,0,South,10,0,6,1.6875,1.7036266463048764
2015,Virginia,ACC,2,29,0,South,2,0,8,7.375,5.633327169621874
2015,Belmont,OVC,1,22,1,South,15,7,7,2.34375,2.272242490910686
2015,Wisconsin,Big Ten,6,31,1,East,1,6,9,4.117647058823529,2.6763089802534887
2015,Coastal Carolina,Big South,1,24,1,East,16,3,8,1.7575757575757576,1.5960235251228716
2015,Oregon,Pac-12,2,25,0,East,8,0,8,2.1176470588235294,1.9817506503438842
2015,Oklahoma State,Big 12,1,18,0,East,9,0,4,1.4193548387096775,1.845206405945173
2015,Arkansas,SEC,2,26,0,East,5,0,7,2.5588235294117645,2.225403816238464
2015,Wofford,Southern,1,28,1,East,12,8,9,2.911764705882353,2.2408985469176987
2015,North Carolina,ACC,3,24,0,East,4,0,6,1.6285714285714286,1.6403085822179797
2015,Harvard,Ivy,1,22,0,East,13,2,8,2.3793103448275863,2.2956299278749297
2015,Xavier,Big East,3,21,0,East,6,0,6,1.2058823529411764,1.278312577182396
2015,Mississippi,SEC,1,21,0,East,11,0,5,1.46875,1.6952944987523555
2015,Baylor,Big 12,1,24,0,East,3,0,6,1.8484848484848484,1.6718926332283297
2015,Georgia State,Sun Belt,2,24,1,East,14,5,9,1.7575757575757576,1.5575875485935025
2015,Virginia Commonwealth,A-10,1,26,1,East,7,5,7,3.085714285714286,3.392187903921333
2015,Ohio State,Big Ten,2,23,0,East,10,0,6,1.4545454545454546,1.3504412094034663
2015,Arizona,Pac-12,4,31,1,East,2,11,10,4.9411764705882355,3.5225423344893807
2015,Texas Southern,SWAC,1,22,1,East,15,11,10,2.6470588235294117,3.1611832570692715
2015,Kentucky,SEC,5,34,1,West,1,34,10,17.5,9.810708435174291
2015,Hampton,MEAC,1,17,1,West,16,4,7,0.9090909090909091,1.1378777791223385
2015,Cincinnati,AAC,2,22,0,West,8,0,6,1.71875,1.6053499423801654
2015,Purdue,Big Ten,1,21,0,West,9,0,6,1.2727272727272727,1.2376107791916446
2015,West Virginia,Big 12,3,23,0,West,5,0,5,2.21875,2.1899539806808725
2015,Buffalo,MAC,1,23,1,West,12,8,8,2.0,2.0766559657295187
2015,Maryland,Big Ten,2,27,0,West,4,0,8,3.0303030303030303,2.443108408575318
2015,Valparaiso,Horizon,1,28,1,West,13,3,9,2.8181818181818183,2.0810042076835633
2015,Butler,Big East,2,22,0,West,6,0,6,1.46875,1.4138682532329523
2015,Texas,Big 12,1,20,0,West,11,0,5,1.5757575757575757,1.826244748281135
2015,Notre Dame,ACC,4,29,1,West,3,5,8,3.323529411764706,2.8974693647600804
2015,Northeastern,CAA,1,23,1,West,14,4,7,1.2941176470588236,1.2492212106820766
2015,Wichita State,MVC,3,28,0,West,7,0,9,3.78125,2.7010920823807543
2015,Indiana,Big Ten,1,20,0,West,10,0,4,1.1515151515151516,1.233895337666808
2015,Kansas,Big 12,2,26,0,West,2,0,6,2.264705882352941,2.14625287048918
2015,New Mexico State,WAC,1,23,1,West,15,13,10,3.393939393939394,3.899801035634898
2015,Duke,ACC,7,29,0,Midwest,1,0,9,5.7272727272727275,4.2517214144656625
2015,Robert Morris,NEC,1,20,1,Midwest,16,6,8,1.2424242424242424,1.5769226462130532
2015,San Diego State,MWC,2,26,0,Midwest,8,0,8,1.8529411764705883,1.4779228854589543
2015,St Johns Ny,Big East,1,21,0,Midwest,9,0,7,1.78125,1.8995784894286416
2015,Utah,Pac-12,3,24,0,Midwest,5,0,6,2.21875,2.0726549248488038
2015,Stephen F Austin,Southland,1,29,1,Midwest,12,9,9,7.151515151515151,5.689550294425802
2015,Georgetown,Big East,2,21,0,Midwest,4,0,6,1.3870967741935485,1.2617811106843837
2015,Eastern Washington,Big Sky,1,26,1,Midwest,13,5,7,2.176470588235294,1.8063708862098926
2015,Southern Methodist,AAC,1,27,1,Midwest,6,4,9,3.0,2.449489742783178
2015,Ucla,Pac-12,3,20,0,Midwest,11,0,6,1.3636363636363635,1.36666330712481
2015,Iowa State,Big 12,1,25,1,Midwest,3,5,8,1.9696969696969697,1.8337715479281538
2015,Alabama Birmingham,CUSA,2,19,1,Midwest,14,3,6,1.0,1.0846522890932808
2015,Iowa,Big Ten,2,21,0,Midwest,7,0,7,1.78125,1.8495670946197114
2015,Davidson,A-10,1,24,0,Midwest,10,0,9,3.0,2.9071657853011765
2015,Gonzaga,WCC,4,32,1,Midwest,2,3,9,8.441176470588236,6.700268548044694
2015,North Dakota State,Summit,1,23,1,Midwest,15,3,8,1.71875,1.5254994059323654
2016,North Carolina,ACC,6,28,1,South,1,5,8,3.3823529411764706,3.2989722631570553
2016,Florida Gulf Coast,A-Sun,1,21,1,South,16,3,7,1.5151515151515151,1.8110973087859314
2016,Southern California,Pac-12,1,21,0,South,8,0,3,1.7575757575757576,1.9389203967328956
2016,Providence,Big East,2,23,0,South,9,0,5,2.212121212121212,2.2797870150065487
2016,Indiana,Big Ten,3,25,0,South,5,0,7,3.28125,3.4571879378332904
2016,Chattanooga,Southern,1,29,1,South,12,5,8,3.176470588235294,2.572142483420641
2016,Kentucky,SEC,2,26,1,South,4,5,8,2.0294117647058822,1.8388822390988924
2016,Stony Brook,AEC,1,26,1,South,13,3,8,5.78125,5.781081078613238
2016,Notre Dame,ACC,4,21,0,South,6,0,6,1.1875,1.1301963325015703
2016,Michigan,Big Ten,1,23,0,South,11,0,5,1.5294117647058822,1.6130952000943632
2016,West Virginia,Big 12,1,26,0,South,3,0,7,2.7058823529411766,2.407456697609544
2016,Stephen F Austin,Southland,2,27,1,South,14,20,10,7.125,6.387243145520609
2016,Wisconsin,Big Ten,3,20,0,South,7,0,7,1.59375,1.8516778708781936
2016,Pittsburgh,ACC,1,21,0,South,10,0,4,2.28125,2.842032448354522
2016,Xavier,Big East,2,27,0,South,2,0,7,3.625,3.3048260166005714
2016,Weber State,Big Sky,1,26,1,South,15,4,9,2.588235294117647,2.2111701328485296
2016,Oregon,Pac-12,4,28,1,East,1,8,8,2.7941176470588234,2.20666652728267
2016,Holy Cross,Patriot,1,15,1,East,16,4,5,0.7272727272727273,1.0523488093445659
2016,Saint Josephs,A-10,2,27,1,East,8,3,7,2.411764705882353,2.0738944192710815
2016,Cincinnati,AAC,1,22,0,East,9,0,6,1.65625,1.813308009550501
2016,Baylor,Big 12,1,22,0,East,5,0,5,1.696969696969697,1.8987212360994594
2016,Yale,Ivy,2,22,0,East,12,5,9,3.642857142857143,3.5477788394821843
2016,Duke,ACC,3,23,0,East,4,0,6,1.9696969696969697,1.9921793835022545
2016,North Carolina Wilmington,CAA,1,25,1,East,13,4,8,3.1875,3.0458732327528013
2016,Texas,Big 12,1,20,0,East,6,0,5,1.40625,1.5980334594431995
2016,Northern Iowa,MVC,2,22,1,East,11,6,9,1.8235294117647058,1.947405336146688
2016,Texas Am,SEC,3,26,0,East,3,0,8,3.3529411764705883,2.969277520970344
2016,Green Bay,Horizon,1,23,1,East,14,4,8,1.3714285714285714,1.3540566412654613
2016,Oregon State,Pac-12,1,19,0,East,7,0,6,1.1935483870967742,1.2291973473069453
2016,Virginia Commonwealth,A-10,2,24,0,East,10,0,7,2.911764705882353,3.4502143757677324
2016,Oklahoma,Big 12,5,25,0,East,2,0,6,3.25,3.427827300200522
2016,Cal State Bakersfield,WAC,1,24,1,East,15,6,9,2.09375,1.808994454800788
2016,Virginia,ACC,4,26,0,Midwest,1,0,7,3.393939393939394,3.132811632320021
2016,Hampton,MEAC,1,21,1,Midwest,16,3,8,1.6774193548387097,1.6922421998198713
2016,Texas Tech,Big 12,1,19,0,Midwest,8,0,6,2.3870967741935485,2.9367243036751076
2016,Butler,Big East,2,21,0,Midwest,9,0,7,1.8709677419354838,2.1363510567481865
2016,Purdue,Big Ten,1,26,0,Midwest,5,0,7,2.823529411764706,3.0531621817319947
2016,Arkansas Little Rock,Sun Belt,2,29,1,Midwest,12,2,8,3.484848484848485,2.6183641911791455
2016,Iowa State,Big 12,3,21,0,Midwest,4,0,5,2.03125,2.4809823533229736
2016,Iona,MAAC,1,22,1,Midwest,13,8,9,2.15625,2.2094877092891916
2016,Seton Hall,Big East,1,25,1,Midwest,6,4,8,2.0606060606060606,1.8247356627060116
2016,Gonzaga,WCC,3,26,1,Midwest,11,5,8,2.303030303030303,2.007332746870205
2016,Utah,Pac-12,2,26,0,Midwest,3,0,9,2.5588235294117645,2.378719087717147
2016,Fresno State,MWC,1,25,1,Midwest,14,9,9,2.2058823529411766,2.4105089987838655
2016,Dayton,A-10,1,25,0,Midwest,7,0,6,2.65625,2.431683765932569
2016,Syracuse,ACC,5,19,0,Midwest,10,0,5,1.5625,1.7488835724541527
2016,Michigan State,Big Ten,1,29,1,Midwest,2,9,9,4.470588235294118,3.711946485713765
2016,Middle Tennessee,CUSA,2,24,1,Midwest,15,6,7,2.0,1.8257418583505538
2016,Kansas,Big 12,4,30,1,West,1,14,10,5.852941176470588,4.446626963157689
2016,Austin Peay,OVC,1,18,1,West,16,6,8,1.0857142857142856,1.4999319712464787
2016,Colorado,Pac-12,1,22,0,West,8,0,5,2.515151515151515,3.153845292426106
2016,Connecticut,AAC,2,24,1,West,9,4,7,1.5588235294117647,1.4181839354401404
2016,Maryland,Big Ten,3,25,0,West,5,0,5,2.6363636363636362,2.520439858415552
2016,South Dakota State,Summit,1,26,1,West,12,6,8,2.1818181818181817,1.8332707226974756
2016,California,Pac-12,1,23,0,West,4,0,8,1.9696969696969697,1.9146144241128866
2016,Hawaii,Big West,2,27,1,West,13,3,8,2.6875,2.1130176880471208
2016,Arizona,Pac-12,1,25,0,West,6,0,7,2.5454545454545454,2.2305171175245992
2016,Wichita State,MVC,2,25,0,West,11,0,7,3.375,3.5066900347763843
2016,Miami Fl,ACC,3,25,0,West,3,0,7,2.46875,2.1503542586048465
2016,Buffalo,MAC,1,20,1,West,14,4,6,1.1176470588235294,1.2069579134519524
2016,Iowa,Big Ten,2,21,0,West,7,0,4,2.225806451612903,2.4849180867833236
2016,Temple,AAC,1,21,0,West,10,0,7,1.34375,1.3603624287299323
2016,Villanova,Big East,7,29,0,West,2,0,8,3.4411764705882355,2.5343658734726597
2016,North Carolina Asheville,Big South,1,22,1,West,15,3,7,1.4545454545454546,1.4993111365882401
2017,Villanova,Big East,2,31,1,West,1,5,9,4.794117647058823,3.7712489097247808
2017,Mount St Marys,NEC,1,20,1,West,16,4,7,1.6764705882352942,2.165512956964702
2017,Wisconsin,Big Ten,3,25,0,West,8,0,4,2.7941176470588234,2.730862950927308
2017,Virginia Tech,ACC,1,22,0,West,9,0,6,1.90625,2.1266078476061354
2017,Virginia,ACC,2,22,0,West,5,0,5,2.03125,1.9761764692202972
2017,North Carolina Wilmington,CAA,1,29,1,West,12,7,9,3.4705882352941178,2.6483656904683364
2017,Florida,SEC,4,24,0,West,4,0,7,2.875,2.6309456474811483
2017,East Tennessee State,Southern,1,27,1,West,13,3,9,2.0294117647058822,1.6357278307628627
2017,Southern Methodist,AAC,1,30,1,West,6,16,10,5.823529411764706,4.674527898372665
2017,Southern California,Pac-12,2,25,0,West,11,0,5,3.878787878787879,4.2265938414353394
2017,Baylor,Big 12,3,25,0,West,3,0,5,4.4375,4.595769114087434
2017,New Mexico State,WAC,1,28,1,West,14,5,7,6.909090909090909,6.402478858785093
2017,South Carolina,SEC,5,22,0,West,7,0,4,2.09375,2.213020772044402
2017,Marquette,Big East,1,19,0,West,10,0,5,1.1935483870967742,1.2806085962115619
2017,Duke,ACC,2,27,1,West,2,4,7,2.8857142857142857,2.80582484507221
2017,Troy,Sun Belt,1,22,1,West,15,6,8,1.3611111111111112,1.548346389930198
2017,Gonzaga,WCC,6,32,1,East,1,3,9,13.363636363636363,9.004437228786847
2017,South Dakota State,Summit,1,18,1,East,16,6,8,1.2352941176470589,1.5729108184848164
2017,Northwestern,Big Ten,2,23,0,East,8,0,5,2.235294117647059,2.5444151475155494
2017,Vanderbilt,SEC,1,19,0,East,9,0,7,0.9411764705882353,1.0555504967603742
2017,Notre Dame,ACC,2,25,0,East,5,0,8,2.8823529411764706,2.6542386288655244
2017,Princeton,Ivy,1,23,1,East,12,19,10,6.758620689655173,6.311757897184855
2017,West Virginia,Big 12,3,26,0,East,4,0,7,2.1470588235294117,2.016583496049641
2017,Bucknell,Patriot,1,26,1,East,13,6,8,2.176470588235294,1.9921993202207176
2017,Maryland,Big Ten,1,24,0,East,6,0,4,2.59375,2.2756781269546886
2017,Xavier,Big East,4,21,0,East,11,0,3,1.9411764705882353,2.085540929557157
2017,Florida State,ACC,2,25,0,East,3,0,6,3.121212121212121,3.426789077145983
2017,Florida Gulf Coast,A-Sun,1,26,1,East,14,7,9,2.8181818181818183,2.2354518959403626
2017,Saint Marys Ca,WCC,2,28,0,East,7,0,8,3.59375,2.4604290149280876
2017,Virginia Commonwealth,A-10,1,26,0,East,10,0,7,2.911764705882353,2.671941869951774
2017,Arizona,Pac-12,3,30,1,East,2,4,9,4.735294117647059,4.265517164213584
2017,North Dakota,Big Sky,1,22,1,East,15,4,9,1.8064516129032258,1.6346915431380549
2017,Kansas,Big 12,4,28,0,South,1,0,8,6.5625,5.419510471435589
2017,California Davis,Big West,1,23,1,South,16,3,7,1.3529411764705883,1.2806788857104259
2017,Miami Fl,ACC,1,21,0,South,8,0,6,1.75,1.8874586088176875
2017,Michigan State,Big Ten,2,19,0,South,9,0,5,1.0303030303030303,1.1142288673242566
2017,Iowa State,Big 12,2,23,1,South,5,3,9,1.696969696969697,1.6603184887033604
2017,Nevada,MWC,1,28,1,South,12,9,9,3.0,2.485250608738542
2017,Purdue,Big Ten,3,25,0,South,4,0,8,2.25,1.9685019685029528
2017,Vermont,AEC,1,29,1,South,13,21,10,7.205882352941177,6.815982134421085
2017,Creighton,Big East,1,25,0,South,6,0,5,3.3823529411764706,3.8272606228780037
2017,Rhode Island,A-10,2,24,1,South,11,8,8,2.1515151515151514,2.119479812126753
2017,Oregon,Pac-12,5,29,0,South,3,0,8,5.705882352941177,5.1135886544906635
2017,Iona,MAAC,1,22,1,South,14,3,6,1.5294117647058822,1.6312264263367116
2017,Michigan,Big Ten,3,24,1,South,7,5,8,1.4,1.3352367366340483
2017,Oklahoma State,Big 12,1,20,0,South,10,0,6,1.65625,1.6509348677340363
2017,Louisville,ACC,2,24,0,South,2,0,6,1.90625,1.6837342241280242
2017,Jacksonville State,OVC,1,20,1,South,15,4,7,1.1176470588235294,1.2069579134519524
2017,North Carolina,ACC,7,27,0,Midwest,1,0,7,2.3823529411764706,2.0724340035238606
2017,Texas Southern,SWAC,1,23,1,Midwest,16,9,9,2.5294117647058822,2.5348778148723814
2017,Arkansas,SEC,2,25,0,Midwest,8,0,8,2.2058823529411766,2.1251908117058975
2017,Seton Hall,Big East,1,21,0,Midwest,9,0,7,1.59375,1.6929887588226922
2017,Minnesota,Big Ten,1,24,0,Midwest,5,0,8,2.5757575757575757,2.348826954554679
2017,Middle Tennessee,CUSA,2,30,1,Midwest,12,10,10,4.382352941176471,3.096627253322679
2017,Butler,Big East,3,23,0,Midwest,4,0,5,2.225806451612903,2.1207070856636903
2017,Winthrop,Big South,1,26,1,Midwest,13,8,9,2.71875,2.3349836054028303
2017,Cincinnati,AAC,2,29,0,Midwest,6,0,7,4.529411764705882,4.360486306646293
2017,Kansas State,Big 12,1,21,0,Midwest,11,0,4,1.6666666666666667,1.9488406291895184
2017,Ucla,Pac-12,3,29,0,Midwest,3,0,9,5.0606060606060606,3.6922473565271123
2017,Kent State,MAC,1,22,1,Midwest,14,4,9,1.3428571428571427,1.3720236804049106
2017,Dayton,A-10,1,24,0,Midwest,7,0,8,2.7096774193548385,2.452037314707083
2017,Wichita State,MVC,2,30,1,Midwest,10,15,10,4.882352941176471,4.220152672749515
2017,Kentucky,SEC,4,29,1,Midwest,2,11,10,3.7941176470588234,3.0271264938367843
2017,Northern Kentucky,Horizon,1,24,1,Midwest,15,6,9,1.8529411764705883,1.8171139518992339
2018,Villanova,Big East,7,30,1,South,1,5,8,4.5588235294117645,3.6717616902564094
2018,Radford,Big South,1,23,1,South,16,7,7,1.7352941176470589,2.0336698721250035
2018,Virginia Tech,ACC,1,21,0,South,8,0,5,1.5625,1.7842628029525247
2018,Alabama,SEC,2,19,0,South,9,0,4,1.088235294117647,1.3365373844119721
2018,West Virginia,Big 12,3,24,0,South,5,0,6,3.9411764705882355,4.658585852523136
2018,Murray State,OVC,1,26,1,South,12,13,10,4.0,3.7502688075699666
2018,Wichita State,AAC,1,25,0,South,4,0,8,2.5,2.1360009363293826
2018,Marshall,CUSA,2,24,1,South,13,4,8,1.5294117647058822,1.3982193322358485
2018,Florida,SEC,2,20,0,South,6,0,5,1.5625,1.71277370075559
2018,St Bonaventure,A-10,1,26,0,South,11,0,9,4.1875,3.8603553916705646
2018,Texas Tech,Big 12,4,24,0,South,3,0,5,2.696969696969697,2.4677906753336156
2018,Stephen F Austin,Southland,1,28,1,South,14,5,9,2.3529411764705883,1.7469696946961761
2018,Arkansas,SEC,1,23,0,South,7,0,7,1.6176470588235294,1.609068160775286
2018,Butler,Big East,2,20,0,South,10,0,4,1.3333333333333333,1.4494861506789574
2018,Purdue,Big Ten,3,28,0,South,2,0,6,6.323529411764706,5.929589749896372
2018,Cal State Fullerton,Big West,1,20,1,South,15,3,8,1.3870967741935485,1.4068362895068727
2018,Xavier,Big East,2,28,0,East,1,0,8,3.787878787878788,2.9207468509143
2018,Texas Southern,SWAC,1,16,1,East,16,7,8,1.1764705882352942,1.8386470127162098
2018,Missouri,SEC,1,20,0,East,8,0,6,1.40625,1.5177980555726114
2018,Florida State,ACC,4,20,0,East,9,0,4,1.967741935483871,2.4949480693767105
2018,Ohio State,Big Ten,2,24,0,East,5,0,6,2.34375,2.1594179626695706
2018,South Dakota State,Summit,1,28,1,East,12,11,10,3.5588235294117645,3.107781282244601
2018,Gonzaga,WCC,3,30,1,East,4,14,10,4.352941176470588,3.9098845547962044
2018,North Carolina Greensboro,Southern,1,27,1,East,13,6,9,2.264705882352941,1.7202739783399716
2018,Houston,AAC,2,26,0,East,6,0,8,2.272727272727273,1.9112541856026035
2018,San Diego State,MWC,1,22,1,East,11,9,9,2.125,2.45903944661325
2018,Michigan,Big Ten,6,28,1,East,3,9,9,2.657142857142857,2.495056336528091
2018,Montana,Big Sky,1,26,1,East,14,6,8,3.6666666666666665,3.8112009295302873
2018,Texas Am,SEC,3,20,0,East,7,0,6,1.78125,1.9159588819961664
2018,Providence,Big East,1,21,0,East,10,0,5,1.2352941176470589,1.3516617991854185
2018,North Carolina,ACC,2,25,0,East,2,0,7,2.0,1.7728105208558367
2018,Lipscomb,A-Sun,1,23,1,East,15,8,9,2.0,2.091650066335189
2018,Kansas,Big 12,5,27,1,Midwest,1,3,8,2.2941176470588234,1.8869429332171106
2018,Pennsylvania,Ivy,1,24,1,Midwest,16,3,8,1.75,1.4142135623730951
2018,Seton Hall,Big East,2,21,0,Midwest,8,0,4,1.59375,1.5783570373967988
2018,North Carolina State,ACC,1,21,0,Midwest,9,0,6,1.40625,1.3887803777055607
2018,Clemson,ACC,3,23,0,Midwest,5,0,5,2.53125,2.7837067800865807
2018,New Mexico State,WAC,1,28,1,Midwest,12,6,8,3.5757575757575757,2.944232194300877
2018,Auburn,SEC,2,25,0,Midwest,4,0,5,4.0,4.220485754033533
2018,College Of Charleston,CAA,1,26,1,Midwest,13,3,9,3.0303030303030303,3.039984534299261
2018,Texas Christian,Big 12,1,21,0,Midwest,6,0,5,2.90625,3.5999945746486897
2018,Syracuse,ACC,3,21,0,Midwest,11,0,5,1.4242424242424243,1.596023525122872
2018,Michigan State,Big Ten,2,29,0,Midwest,3,0,9,6.0,4.431293675255978
2018,Bucknell,Patriot,1,25,1,Midwest,14,8,9,3.0588235294117645,2.9698601320857265
2018,Rhode Island,A-10,2,25,0,Midwest,7,0,6,4.65625,5.072039623021492
2018,Oklahoma,Big 12,1,18,0,Midwest,10,0,2,2.096774193548387,2.9111004316589613
2018,Duke,ACC,4,26,0,Midwest,2,0,7,3.121212121212121,3.0427019069239316
2018,Iona,MAAC,1,20,1,Midwest,15,3,6,1.2121212121212122,1.36531882740228
2018,Virginia,ACC,1,31,1,West,1,8,9,5.818181818181818,4.011004147339223
2018,Maryland Baltimore County,AEC,2,24,1,West,16,5,8,1.4411764705882353,1.287751722293508
2018,Creighton,Big East,1,21,0,West,8,0,4,1.40625,1.4330774359747627
2018,Kansas State,Big 12,4,22,0,West,9,0,6,1.4242424242424243,1.3264284017114722
2018,Kentucky,SEC,3,24,1,West,5,3,7,1.8235294117647058,1.790014594670934
2018,Davidson,A-10,1,21,1,West,12,4,8,1.46875,1.4574029770451273
2018,Arizona,Pac-12,1,27,1,West,4,5,8,2.9411764705882355,2.508118306509158
2018,Buffalo,MAC,2,26,1,West,13,6,8,2.4411764705882355,2.45178418192558
2018,Miami Fl,ACC,1,22,0,West,6,0,6,2.5161290322580645,2.8040404918839656
2018,Loyola Il,MVC,5,28,1,West,11,10,10,3.5757575757575757,2.7964295745598364
2018,Tennessee,SEC,2,25,0,West,3,0,7,2.0606060606060606,1.7912141461977757
2018,Wright State,Horizon,1,25,1,West,14,4,8,2.088235294117647,2.063230577328892
2018,Nevada,MWC,3,27,0,West,7,0,7,2.7941176470588234,2.361198745461918
2018,Texas,Big 12,1,19,0,West,10,0,4,0.9393939393939394,1.042706092974864
2018,Cincinnati,AAC,2,30,1,West,2,7,8,5.647058823529412,4.5106563559248976
2018,Georgia State,Sun Belt,1,24,1,West,15,4,6,2.323529411764706,2.730229340025293
2019,Duke,ACC,4,29,1,West,1,3,7,3.3823529411764706,2.7441349851290107
2019,North Dakota State,Summit,1,19,1,West,16,4,7,1.121212121212121,1.36531882740228
2019,Virginia Commonwealth,A-10,1,25,0,West,8,0,9,3.28125,3.4299633288856017
2019,Central Florida,AAC,2,23,0,West,9,0,7,2.064516129032258,1.9165742938726384
2019,Mississippi State,SEC,1,23,0,West,5,0,7,2.242424242424242,2.4622027958511365
2019,Liberty,A-Sun,2,28,1,West,12,5,9,2.5294117647058822,2.0755622075738063
2019,Virginia Tech,ACC,3,24,0,West,4,0,6,2.375,2.433490291741473
2019,Saint Louis,A-10,1,23,1,West,13,4,7,1.5142857142857142,1.5923285477820313
2019,Maryland,Big Ten,2,22,0,West,6,0,5,1.90625,2.0365315950163896
2019,Belmont,OVC,1,27,0,West,11,0,9,4.451612903225806,4.094360477672163
2019,Louisiana State,SEC,3,26,0,West,3,0,8,3.0625,2.680222705298946
2019,Yale,Ivy,1,22,1,West,14,3,7,2.4482758620689653,2.2831648768616346
2019,Louisville,ACC,1,20,0,West,7,0,3,1.3333333333333333,1.5504968249049735
2019,Minnesota,Big Ten,2,21,0,West,10,0,5,1.4411764705882353,1.6661187103845347
2019,Michigan State,Big Ten,5,28,1,West,2,5,9,4.0,3.5973846709225072
2019,Bradley,MVC,1,20,1,West,15,3,8,1.088235294117647,1.1470588235294117
2019,Gonzaga,WCC,4,30,0,East,1,0,9,8.363636363636363,6.246541742961178
2019,Fairleigh Dickinson,NEC,1,21,1,East,16,8,9,1.8484848484848484,2.2309287659764805
2019,Syracuse,ACC,1,20,0,East,8,0,4,1.2424242424242424,1.3713586059375469
2019,Baylor,Big 12,2,19,0,East,9,0,4,1.3125,1.5499495959546556
2019,Marquette,Big East,1,24,0,East,5,0,5,2.6363636363636362,2.5562541465409865
2019,Murray State,OVC,2,27,1,East,12,11,10,3.7419354838709675,3.015740875489095
2019,Florida State,ACC,3,27,0,East,4,0,8,2.9705882352941178,2.369975106814503
2019,Vermont,AEC,1,27,1,East,13,6,9,2.6363636363636362,2.042253387332636
2019,Buffalo,MAC,2,31,1,East,6,12,10,4.9411764705882355,3.5225423344893807
2019,Arizona State,Pac-12,1,23,0,East,11,0,7,1.65625,1.7959916306876265
2019,Texas Tech,Big 12,6,26,0,East,3,0,9,3.6875,3.0355961111452228
2019,Northern Kentucky,Horizon,1,26,1,East,14,5,8,2.176470588235294,1.8545744435805234
2019,Nevada,MWC,1,29,0,East,7,0,7,5.121212121212121,4.095508077094959
2019,Florida,SEC,2,19,0,East,10,0,6,1.0588235294117647,1.2588785034725116
2019,Michigan,Big Ten,3,28,0,East,2,0,6,5.029411764705882,5.310839604152818
2019,Montana,Big Sky,1,26,1,East,15,4,8,2.6470588235294117,2.677601570997892
2019,North Carolina,ACC,3,27,0,Midwest,1,0,8,2.8181818181818183,2.289032420366213
2019,Iona,MAAC,1,17,1,Midwest,16,10,10,2.0,2.9047375096555625
2019,Utah State,MWC,1,28,1,Midwest,8,10,10,3.1176470588235294,2.773452996265008
2019,Washington,Pac-12,2,26,0,Midwest,9,0,7,2.9705882352941178,3.408340066208244
2019,Auburn,SEC,5,26,1,Midwest,5,8,9,2.1714285714285713,2.090600929134482
2019,New Mexico State,WAC,1,30,1,Midwest,12,19,10,6.294117647058823,5.923678367190767
2019,Kansas,Big 12,2,25,0,Midwest,4,0,7,2.3823529411764706,2.69001099803517
2019,Northeastern,CAA,1,23,1,Midwest,13,7,9,1.9090909090909092,1.912695010673879
2019,Iowa State,Big 12,1,23,1,Midwest,6,3,5,1.5294117647058822,1.4396750882965197
2019,Ohio State,Big Ten,2,19,0,Midwest,11,0,3,1.5757575757575757,1.891452913251786
2019,Houston,AAC,3,31,0,Midwest,3,0,8,6.117647058823529,4.364055762586214
2019,Georgia State,Sun Belt,1,24,1,Midwest,14,5,8,1.878787878787879,1.8546840906787099
2019,Wofford,Southern,2,29,1,Midwest,7,20,10,6.9393939393939394,6.348177471404538
2019,Seton Hall,Big East,1,20,0,Midwest,10,0,6,1.606060606060606,1.8738939192412494
2019,Kentucky,SEC,4,27,0,Midwest,2,0,7,3.1818181818181817,2.7463975903932605
2019,Abilene Christian,Southland,1,27,1,Midwest,15,6,8,2.3333333333333335,1.9016207866348158
2019,Virginia,ACC,7,29,0,South,1,0,9,5.96875,4.579058138689659
2019,Gardner Webb,Big South,1,23,1,South,16,5,8,1.9705882352941178,2.162314855966212
2019,Mississippi,SEC,1,20,0,South,8,0,5,2.25,2.8613807855648994
2019,Oklahoma,Big 12,2,19,0,South,9,0,4,1.53125,1.870567677872148
2019,Wisconsin,Big Ten,1,23,0,South,5,0,6,1.7878787878787878,1.7012931936506908
2019,Oregon,Pac-12,3,23,1,South,12,8,8,1.7714285714285714,2.0713793097590694
2019,Kansas State,Big 12,1,25,0,South,4,0,7,2.090909090909091,1.7120541687061253
2019,California Irvine,Big West,2,30,1,South,13,16,10,4.9714285714285715,4.681182477510902
2019,Villanova,Big East,2,25,1,South,6,3,6,2.9411764705882355,3.105414403250709
2019,Saint Marys Ca,WCC,1,22,1,South,11,2,8,1.4848484848484849,1.4380376385096572
2019,Purdue,Big Ten,4,23,0,South,3,0,7,2.1875,2.1857135562557137
2019,Old Dominion,CUSA,1,26,1,South,14,3,8,2.588235294117647,2.3529411764705883
2019,Cincinnati,AAC,1,28,1,South,7,3,8,3.176470588235294,2.594911176483856
2019,Iowa,Big Ten,2,22,0,South,10,0,4,1.9090909090909092,1.8482364463002312
2019,Tennessee,SEC,3,29,0,South,2,0,6,6.176470588235294,5.997404282811681
2019,Colgate,Patriot,1,24,1,South,15,11,10,2.5588235294117645,3.107781282244601
2021,Michigan,Big Ten,4,20,0,East,1,0,7,4.0,3.3166247903554
2021,Texas Southern,SWAC,1,17,1,East,16,9,9,2.5833333333333335,2.752524094152291
2021,Louisiana State,SEC,2,18,0,East,8,0,7,1.5925925925925926,1.521676932161047
2021,St Bonaventure,A-10,1,16,1,East,9,3,7,2.2,1.9646882704388502
2021,Colorado,Pac-12,2,22,0,East,5,0,7,1.8,1.6206994374857624
2021,Georgetown,Big East,1,13,1,East,12,4,8,0.88,1.0703270528207722
2021,Florida State,ACC,3,16,0,East,4,0,6,1.7272727272727273,1.5427784316797397
2021,North Carolina Greensboro,Southern,1,21,1,East,13,4,8,1.9310344827586208,1.8924721012430679
2021,Brigham Young,WCC,1,20,0,East,6,0,7,1.8076923076923077,1.4416665241531779
2021,Ucla,Pac-12,5,18,0,East,11,0,4,2.076923076923077,2.0925339244208376
2021,Texas,Big 12,1,19,1,East,3,5,8,1.9615384615384615,1.7862890030358647
2021,Abilene Christian,Southland,2,23,1,East,14,4,9,2.740740740740741,2.118570317937051
2021,Connecticut,Big East,1,15,0,East,7,0,7,1.5909090909090908,1.4972426447273277
2021,Maryland,Big Ten,2,16,0,East,10,0,6,1.1379310344827587,1.4074711470316241
2021,Alabama,SEC,3,24,1,East,2,6,9,2.933333333333333,2.8276413413931327
2021,Iona,MAAC,1,12,1,East,15,6,8,1.9411764705882353,1.862022563687578
2021,Gonzaga,WCC,6,26,1,West,1,26,10,13.5,7.5
2021,Norfolk State,MEAC,1,17,1,West,16,6,8,1.6956521739130435,1.7051018740110937
2021,Oklahoma,Big 12,2,15,0,West,8,0,4,1.28,1.4005713120009275
2021,Missouri,SEC,1,16,0,West,9,0,4,1.48,1.6521501142450703
2021,Creighton,Big East,3,20,0,West,5,0,7,1.7857142857142858,1.6335138037184675
2021,California Santa Barbara,Big West,1,22,1,West,12,5,9,4.346153846153846,3.911937427652674
2021,Virginia,ACC,1,18,0,West,4,3,7,2.125,1.943203969393503
2021,Ohio,MAC,2,16,1,West,13,3,9,1.608695652173913,1.6349213632141884
2021,Southern California,Pac-12,4,22,0,West,6,0,6,2.2413793103448274,2.028336713083137
2021,Drake,MVC,1,26,0,West,11,0,7,6.482758620689655,5.715198670062813
2021,Kansas,Big 12,2,20,0,West,3,3,8,2.2142857142857144,2.2576400898970155
2021,Eastern Washington,Big Sky,1,16,1,West,14,4,9,2.5652173913043477,2.7159126411724204
2021,Oregon,Pac-12,3,19,0,West,7,0,8,2.8076923076923075,2.3699923850775226
2021,Virginia Commonwealth,A-10,1,19,0,West,10,0,7,2.1538461538461537,2.142828965720634
2021,Iowa,Big Ten,2,21,0,West,2,0,8,2.0,1.7811271131234425
2021,Grand Canyon,WAC,1,17,1,West,15,3,7,2.6956521739130435,2.6610684779303226
2021,Illinois,Big Ten,2,23,1,Midwest,1,7,9,2.5517241379310347,2.174875452582273
2021,Drexel,CAA,1,12,1,Midwest,16,4,7,1.1578947368421053,1.1815760168759815
2021,Loyola Il,MVC,3,24,1,Midwest,8,6,9,3.6785714285714284,3.059570131203908
2021,Georgia Tech,ACC,1,17,1,Midwest,9,8,8,2.24,2.371160053644629
2021,Tennessee,SEC,1,18,0,Midwest,5,0,6,1.7307692307692308,1.89244840002193
2021,Oregon State,Pac-12,4,17,1,Midwest,12,3,7,1.0689655172413792,1.0805820424822343
2021,Oklahoma State,Big 12,2,20,0,Midwest,4,0,8,1.7857142857142858,1.7187442022165667
2021,Liberty,A-Sun,1,23,1,Midwest,13,12,10,3.5714285714285716,3.5196242842156913
2021,San Diego State,MWC,1,23,1,Midwest,6,14,10,4.703703703703703,4.249747834042538
2021,Syracuse,ACC,3,16,0,Midwest,11,0,6,1.16,1.0836973747315253
2021,West Virginia,Big 12,2,18,0,Midwest,3,0,6,1.2592592592592593,1.1735540383522118
2021,Morehead State,OVC,1,23,1,Midwest,14,7,9,3.7666666666666666,3.556058992136598
2021,Clemson,ACC,1,16,0,Midwest,7,0,7,1.826086956521739,1.685028032615313
2021,Rutgers,Big Ten,2,15,0,Midwest,10,0,5,1.4230769230769231,1.7135899546111897
2021,Houston,AAC,5,24,1,Midwest,2,7,9,3.5185185185185186,2.393979646102564
2021,Cleveland State,Horizon,1,19,1,Midwest,15,4,8,2.576923076923077,2.5895214426173707
2021,Baylor,Big 12,7,22,0,South,1,0,8,7.541666666666667,5.6787554876829205
2021,Hartford,AEC,1,15,1,South,16,5,7,1.608695652173913,1.6349213632141884
2021,North Carolina,ACC,1,18,0,South,8,0,6,1.1428571428571428,1.0594569267279519
2021,Wisconsin,Big Ten,2,17,0,South,9,0,3,1.103448275862069,1.295744429521099
2021,Villanova,Big East,3,16,0,South,5,0,5,2.5,2.7261361267952453
2021,Winthrop,Big South,1,23,1,South,12,7,9,6.833333333333333,4.6338129248192805
2021,Purdue,Big Ten,1,18,0,South,4,0,7,1.4074074074074074,1.4209871180185836
2021,North Texas,CUSA,2,17,1,South,13,4,7,1.4615384615384615,1.393136175098064
2021,Texas Tech,Big 12,2,17,0,South,6,0,5,1.2592592592592593,1.2047004420215253
2021,Utah State,MWC,1,20,0,South,11,0,7,3.25,3.3125842307350144
2021,Arkansas,SEC,4,22,0,South,3,0,9,3.4642857142857144,2.9818755226623836
2021,Colgate,Patriot,1,14,1,South,14,13,10,6.133333333333334,4.129030017920539
2021,Florida,SEC,2,14,0,South,7,0,5,1.173913043478261,1.2033350002693957
2021,Virginia Tech,ACC,1,15,0,South,10,0,6,1.4761904761904763,1.2953781436890897
2021,Ohio State,Big Ten,1,21,0,South,2,0,5,1.9666666666666666,1.9405039437103844
2021,Oral Roberts,Summit,3,16,1,South,15,5,7,1.3461538461538463,1.4396128670933002
2022,Baylor,Big 12,2,26,0,East,1,0,7,4.53125,4.5344816062588675
2022,Norfolk State,MEAC,1,24,1,East,16,6,9,2.433333333333333,1.856220772310114
2022,North Carolina,ACC,6,24,0,East,8,0,8,1.8484848484848484,1.6718926332283297
2022,Marquette,Big East,1,19,0,East,9,0,4,1.6451612903225807,1.9764482170374698
2022,Saint Marys Ca,WCC,2,25,0,East,5,0,7,2.3125,2.0223362109204297
2022,Indiana,Big Ten,1,21,0,East,12,0,4,1.303030303030303,1.5072521352055623
2022,Ucla,Pac-12,3,25,0,East,4,0,8,2.28125,1.8068338156842205
2022,Akron,MAC,1,24,1,East,13,8,8,2.3333333333333335,2.238325492438714
2022,Texas,Big 12,2,21,0,East,6,0,5,1.59375,1.6929887588226922
2022,Virginia Tech,ACC,1,23,1,East,11,4,8,1.6571428571428573,1.7061712716381274
2022,Purdue,Big Ten,3,27,0,East,3,0,6,2.5,2.131693610033774
2022,Yale,Ivy,1,19,1,East,14,3,8,1.5,1.8393839548428526
2022,Murray State,OVC,2,30,1,East,7,20,10,7.625,6.029873547596169
2022,San Francisco,WCC,1,24,0,East,10,0,6,2.3636363636363638,2.728282641296334
2022,Kentucky,SEC,1,26,0,East,2,0,7,2.3636363636363638,1.9511951553945754
2022,Saint Peters,MAAC,4,19,1,East,15,7,8,1.6,1.8903262505010434
2022,Gonzaga,WCC,3,26,1,West,1,2,9,6.137931034482759,5.21750460853379
2022,Georgia State,Sun Belt,1,18,1,West,16,10,10,2.357142857142857,2.966651379613598
2022,Boise State,MWC,1,27,1,West,8,3,8,3.911764705882353,4.111444908879885
2022,Memphis,AAC,2,21,0,West,9,0,8,2.064516129032258,1.9664194392423446
2022,Connecticut,Big East,1,23,0,West,5,0,7,1.78125,1.6342883581241103
2022,New Mexico State,WAC,2,26,1,West,12,3,7,2.121212121212121,1.805002740828537
2022,Arkansas,SEC,4,25,0,West,4,0,7,3.242424242424242,2.9131915543162585
2022,Vermont,AEC,1,28,1,West,13,8,9,4.515151515151516,4.112959651911903
2022,Alabama,SEC,1,19,0,West,6,0,5,1.15625,1.2275324588376473
2022,Notre Dame,ACC,2,23,0,West,11,0,7,1.71875,1.7181817242364092
2022,Texas Tech,Big 12,3,25,0,West,3,0,7,1.6470588235294117,1.5123482508449932
2022,Montana State,Big Sky,1,27,1,West,14,6,8,3.235294117647059,3.0298400611002143
2022,Michigan State,Big Ten,2,22,0,West,7,0,4,2.1176470588235294,2.48246445247167
2022,Davidson,A-10,1,27,0,West,10,0,7,4.515151515151516,4.466177350773065
2022,Duke,ACC,5,28,0,West,2,0,8,2.7058823529411766,2.1078203373139903
2022,Cal State Fullerton,Big West,1,21,1,West,15,4,7,1.935483870967742,2.1542977880082574
2022,Kansas,Big 12,7,28,1,Midwest,1,5,8,2.6176470588235294,2.072434003523861
2022,Texas Southern,SWAC,1,19,1,Midwest,16,4,8,1.5333333333333334,1.6679994670929073
2022,San Diego State,MWC,1,23,0,Midwest,8,0,8,1.967741935483871,1.7867590224679006
2022,Creighton,Big East,2,22,0,Midwest,9,0,7,1.4848484848484849,1.55935519154771
2022,Iowa,Big Ten,1,26,1,Midwest,5,4,9,2.085714285714286,1.8726822409341646
2022,Richmond,A-10,2,23,1,Midwest,12,4,7,1.457142857142857,1.555503724436137
2022,Providence,Big East,3,25,0,Midwest,4,0,7,3.1333333333333333,2.472964932132188
2022,South Dakota State,Summit,1,30,1,Midwest,13,21,10,7.323529411764706,6.715743523442832
2022,Louisiana State,SEC,1,22,0,Midwest,6,0,6,2.878787878787879,3.5313108198684158
2022,Iowa State,Big 12,3,20,0,Midwest,11,0,4,2.90625,3.608664702836771
2022,Wisconsin,Big Ten,2,24,0,Midwest,3,0,7,2.3548387096774195,2.0406891166367367
2022,Colgate,Patriot,1,23,1,Midwest,14,15,10,3.9705882352941178,4.668324388381308
2022,Southern California,Pac-12,1,26,0,Midwest,7,0,7,3.727272727272727,3.784119346512493
2022,Miami Fl,ACC,4,23,0,Midwest,10,0,7,2.0303030303030303,2.4056102166047686
2022,Auburn,SEC,2,27,0,Midwest,2,0,6,6.34375,6.1421157541599625
2022,Jacksonville State,A-Sun,1,21,0,Midwest,15,0,6,2.5161290322580645,2.8722360373615574
2022,Arizona,Pac-12,3,31,1,South,1,6,9,4.323529411764706,2.9775689672982053
2022,Wright State,Horizon,1,22,1,South,16,5,7,1.7352941176470589,1.9600243625348395
2022,Seton Hall,Big East,1,21,0,South,8,0,7,1.8709677419354838,1.8620477018918467
2022,Texas Christian,Big 12,2,20,0,South,9,0,4,1.46875,1.8025047676774673
2022,Houston,AAC,4,29,1,South,5,3,9,2.8,2.32747564050472
2022,Alabama Birmingham,CUSA,1,27,1,South,12,7,8,2.088235294117647,1.7717994684504748
2022,Illinois,Big Ten,2,22,0,South,4,0,6,1.8387096774193548,1.7245246973707946
2022,Chattanooga,Southern,1,27,1,South,13,5,8,2.2058823529411766,1.6229858425083994
2022,Colorado State,MWC,1,25,0,South,6,0,8,3.533333333333333,3.0081371127142607
2022,Michigan,Big Ten,3,17,0,South,11,0,5,0.7419354838709677,0.8019227673971646
2022,Tennessee,SEC,2,26,1,South,3,7,9,2.121212121212121,1.838272834921588
2022,Longwood,Big South,1,26,1,South,14,8,9,3.6875,3.1567140747935976
2022,Ohio State,Big Ten,2,19,0,South,7,0,5,1.2333333333333334,1.3085190950927015
2022,Loyola Il,MVC,1,25,1,South,10,3,7,2.59375,2.7025378697624203
2022,Villanova,Big East,5,26,1,South,2,5,9,2.1515151515151514,1.7254110115741528
2022,Delaware,CAA,1,22,1,South,15,3,7,1.411764705882353,1.3957424138476084
2023,Purdue,Big Ten,1,29,1,East,1,5,7,4.5,3.727875913107813
2023,Fairleigh Dickinson,NEC,2,20,0,East,16,0,5,1.2352941176470589,1.5350574530235164
2023,Memphis,AAC,1,26,1,East,8,3,8,1.8529411764705883,1.6112171676238043
2023,Florida Atlantic,CUSA,5,31,1,East,9,7,9,7.205882352941177,6.086530025463199
2023,Duke,ACC,2,26,1,East,5,9,9,2.323529411764706,2.34797269544318
2023,Oral Roberts,Summit,1,30,1,East,12,17,10,5.457142857142857,5.078486035046593
2023,Tennessee,SEC,3,23,0,East,4,0,4,2.0606060606060606,2.1872827191052835
2023,Louisiana Lafayette,Sun Belt,1,26,1,East,13,5,7,3.0606060606060606,2.707334526568733
2023,Kentucky,SEC,2,21,0,East,6,0,6,1.3125,1.2854352375751958
2023,Providence,Big East,1,21,0,East,11,0,4,2.03125,2.4556615071096424
2023,Kansas State,Big 12,4,23,0,East,3,0,5,2.53125,2.549318229939134
2023,Montana State,Big Sky,1,25,1,East,14,8,9,2.235294117647059,2.1428241882455272
2023,Michigan State,Big Ten,3,19,0,East,7,0,5,1.375,1.79843682124227
2023,Southern California,Pac-12,1,22,0,East,10,0,6,1.9375,1.9029171684547912
2023,Marquette,Big East,2,28,1,East,2,9,9,2.676470588235294,2.3354126507182724
2023,Vermont,AEC,1,23,1,East,15,15,10,3.9705882352941178,4.668324388381308
2023,Kansas,Big 12,2,27,0,Midwest,1,0,8,3.235294117647059,2.818623188402574
2023,Howard,MEAC,1,22,1,Midwest,16,5,8,2.088235294117647,2.4895977357422927
2023,Arkansas,SEC,3,20,0,Midwest,8,0,4,1.5757575757575757,1.8591347454761173
2023,Illinois,Big Ten,1,20,0,Midwest,9,0,4,1.15625,1.2018052826893382
2023,Saint Marys Ca,WCC,2,26,0,Midwest,5,0,7,3.515151515151515,3.3855415584083186
2023,Virginia Commonwealth,A-10,1,27,1,Midwest,12,9,9,2.676470588235294,2.446132460403735
2023,Connecticut,Big East,7,25,0,Midwest,4,0,8,4.0606060606060606,4.184671841443404
2023,Iona,MAAC,1,27,1,Midwest,13,14,10,3.9411764705882355,4.115545682285131
2023,Texas Christian,Big 12,2,21,0,Midwest,6,0,4,2.393939393939394,3.1903205304852986
2023,Arizona State,Pac-12,1,23,0,Midwest,11,0,6,2.0,2.42535625036333
2023,Gonzaga,WCC,4,28,1,Midwest,3,9,9,3.757575757575758,3.2569766891016734
2023,Grand Canyon,WAC,1,24,1,Midwest,14,6,8,1.5,1.5723301886761007
2023,Northwestern,Big Ten,2,21,0,Midwest,7,0,6,1.71875,1.6814126315393256
2023,Boise State,MWC,1,24,0,Midwest,10,0,6,2.393939393939394,2.4487398607075055
2023,Ucla,Pac-12,3,29,0,Midwest,2,0,9,5.5588235294117645,4.2990503497905905
2023,North Carolina Asheville,Big South,1,27,1,Midwest,15,9,9,3.0588235294117645,2.8588477365230274
2023,Houston,AAC,3,31,0,South,1,0,9,5.323529411764706,3.5373684821554443
2023,Northern Kentucky,Horizon,1,22,1,South,16,5,7,1.3235294117647058,1.34428175082664
2023,Iowa,Big Ten,1,19,0,South,8,0,5,1.25,1.3919410907075054
2023,Auburn,SEC,2,20,0,South,9,0,3,1.84375,2.237596017492881
2023,Miami Fl,ACC,5,25,0,South,5,0,8,2.4545454545454546,2.362470574976724
2023,Drake,MVC,1,27,1,South,12,3,9,2.8529411764705883,2.691297007908099
2023,Indiana,Big Ten,2,22,0,South,4,0,6,1.7575757575757576,1.90740666446742
2023,Kent State,MAC,1,28,1,South,13,6,9,3.088235294117647,2.671941869951774
2023,Iowa State,Big 12,1,19,0,South,6,0,3,1.1515151515151516,1.3511210187641185
2023,Pittsburgh,ACC,2,23,0,South,11,0,6,1.7878787878787878,1.805002740828537
2023,Xavier,Big East,3,25,0,South,3,0,6,2.7941176470588234,3.075323146719285
2023,Kennesaw State,A-Sun,1,26,1,South,14,5,8,2.1470588235294117,2.074102966148704
2023,Texas Am,SEC,1,25,0,South,7,0,8,2.1176470588235294,1.9817506503438842
2023,Penn State,Big Ten,2,22,0,South,10,0,8,1.4857142857142858,1.5560284347645832
2023,Texas,Big 12,4,26,1,South,2,4,7,2.0,1.7656860023298393
2023,Colgate,Patriot,1,26,1,South,15,9,9,3.5294117647058822,3.3627308065779884
2023,Alabama,SEC,3,29,1,West,1,3,8,2.823529411764706,2.2553281779624488
2023,Texas Am Corpus Christi,Southland,1,24,1,West,16,4,9,2.0,2.1320071635561044
2023,Maryland,Big Ten,2,21,0,West,8,0,5,1.7575757575757576,2.1324378285768706
2023,West Virginia,Big 12,1,19,0,West,9,0,5,1.121212121212121,1.224932298873196
2023,San Diego State,MWC,6,27,1,West,5,4,9,2.3636363636363638,1.7549614830994253
2023,College Of Charleston,CAA,1,31,1,West,12,10,10,7.823529411764706,5.878528168309269
2023,Virginia,ACC,1,25,0,West,4,0,7,2.272727272727273,1.9889501916875076
2023,Furman,Southern,2,27,1,West,13,6,9,2.4411764705882355,2.144640055780487
2023,Creighton,Big East,4,21,0,West,6,0,6,2.121212121212121,2.306217889750357
2023,North Carolina State,ACC,1,23,0,West,11,0,5,1.4545454545454546,1.304790917673393
2023,Baylor,Big 12,2,22,0,West,3,0,6,1.8125,1.7218721642444887
2023,California Santa Barbara,Big West,1,27,1,West,14,7,7,2.8529411764705883,2.5336831240331494
2023,Missouri,SEC,2,24,0,West,7,0,7,2.3333333333333335,2.4329389468689753
2023,Utah State,MWC,1,26,0,West,10,0,7,2.6470588235294117,2.5539168642461663
2023,Arizona,Pac-12,1,28,1,West,2,3,7,2.823529411764706,2.332262070776354
2023,Princeton,Ivy,3,21,1,West,15,4,7,2.1724137931034484,2.1825161928891945
2024,Connecticut,Big East,7,31,1,West,1,7,9,4.911764705882353,3.791380681763366
2024,Stetson,A-Sun,1,22,1,West,16,3,8,1.2352941176470589,1.2141039670911935
2024,Florida Atlantic,AAC,1,25,0,West,8,0,7,2.0303030303030303,1.8665289205375144
2024,Northwestern,Big Ten,2,21,0,West,9,0,6,1.21875,1.1383753500054365
2024,San Diego State,MWC,3,24,0,West,5,0,6,1.8823529411764706,1.9817506503438842
2024,Alabama Birmingham,AAC,1,23,1,West,12,5,7,1.7352941176470589,1.703091022565109
2024,Auburn,SEC,1,27,1,West,4,6,8,3.235294117647059,3.0298400611002143
2024,Yale,Ivy,2,22,1,West,13,2,7,2.3548387096774195,2.8118228170762456
2024,Brigham Young,Big 12,1,23,0,West,6,0,6,1.878787878787879,2.085412185949728
2024,Duquesne,A-10,2,24,1,West,11,8,9,1.9428571428571428,2.096839215075288
2024,Illinois,Big Ten,4,26,1,West,3,4,8,1.6764705882352942,1.3659857082038966
2024,Morehead State,OVC,1,26,1,West,14,6,7,2.5588235294117645,2.144640055780487
2024,Washington State,Pac-12,2,24,0,West,7,0,7,2.1818181818181817,2.2354518959403626
2024,Drake,MVC,1,28,1,West,10,5,9,2.5294117647058822,2.0755622075738063
2024,Iowa State,Big 12,3,27,1,West,2,3,8,2.088235294117647,1.6336110678822136
2024,South Dakota State,Summit,1,22,1,West,15,8,9,1.7352941176470589,2.0766038950710417
2024,North Carolina,ACC,3,27,0,East,1,0,8,3.2058823529411766,2.8980664118228274
2024,Wagner,NEC,1,17,1,East,16,3,6,0.8064516129032258,0.9304648452810295
2024,Mississippi State,SEC,1,21,0,East,8,0,5,1.6764705882352942,1.8266103006146162
2024,Michigan State,Big Ten,2,19,0,East,9,0,5,1.121212121212121,1.2970263369110726
2024,Saint Marys Ca,WCC,1,26,1,East,5,2,9,4.787878787878788,4.940602194663488
2024,Grand Canyon,WAC,2,29,1,East,12,5,8,4.666666666666667,3.9131996260261643
2024,Alabama,SEC,5,21,0,East,4,0,5,1.59375,1.6556602723687006
2024,College Of Charleston,CAA,1,27,1,East,13,12,10,3.911764705882353,3.575798117893514
2024,Clemson,ACC,4,21,0,East,6,0,6,2.0,2.462214450449026
2024,New Mexico,MWC,1,26,1,East,11,4,6,2.7714285714285714,3.0620787923585904
2024,Baylor,Big 12,2,23,0,East,3,0,6,2.303030303030303,2.4554805551373207
2024,Colgate,Patriot,1,25,1,East,14,5,9,3.0588235294117645,3.446576958891824
2024,Dayton,A-10,2,24,0,East,7,0,6,2.4375,2.737899514226189
2024,Nevada,MWC,1,26,0,East,10,0,8,3.0,2.474108348721236
2024,Arizona,Pac-12,3,25,0,East,2,0,7,2.303030303030303,2.2222681354301943
2024,Long Beach State,Big West,1,21,1,East,15,3,5,1.4285714285714286,1.6781914463529617
2024,Purdue,Big Ten,6,29,0,Midwest,1,0,8,3.696969696969697,2.492228508479041
2024,Grambling,SWAC,1,21,1,Midwest,16,3,8,1.2285714285714286,1.3956199704936931
2024,Utah State,MWC,2,27,0,Midwest,8,0,8,4.575757575757576,4.472341282515355
2024,Texas Christian,Big 12,1,21,0,Midwest,9,0,5,1.4848484848484849,1.7773185816503247
2024,Gonzaga,WCC,3,25,0,Midwest,5,0,9,2.59375,2.447695025426983
2024,Mcneese State,Southland,1,30,1,Midwest,12,11,10,5.515151515151516,4.0759547096631215
2024,Kansas,Big 12,2,22,0,Midwest,4,0,4,2.09375,2.4540702796578584
2024,Samford,Southern,1,29,1,Midwest,13,4,8,5.5,5.094691585654737
2024,South Carolina,SEC,1,26,0,Midwest,6,0,6,2.6363636363636362,2.21315874381942
2024,Oregon,Pac-12,2,23,1,Midwest,11,4,7,1.588235294117647,1.6109486985446062
2024,Creighton,Big East,3,23,0,Midwest,3,0,7,1.6875,1.4456291882775472
2024,Akron,MAC,1,24,1,Midwest,14,3,6,1.8529411764705883,1.83322847555852
2024,Texas,Big 12,2,20,0,Midwest,7,0,5,1.21875,1.340111352649473
2024,Colorado State,MWC,1,25,0,Midwest,10,0,5,2.323529411764706,2.4097911580893343
2024,Tennessee,SEC,4,24,0,Midwest,2,0,7,2.46875,2.1648379702647493
2024,Saint Peters,MAAC,1,19,1,Midwest,15,3,8,1.5,1.7320508075688772
2024,Houston,Big 12,3,30,0,South,1,0,9,5.470588235294118,4.052851531493867
2024,Longwood,Big South,1,21,1,South,16,4,7,2.823529411764706,3.535289223839228
2024,Nebraska,Big Ten,1,23,0,South,8,0,7,1.9393939393939394,1.9217951509949005
2024,Texas Am,SEC,2,20,0,South,9,0,5,1.3235294117647058,1.5091990130197057
2024,Wisconsin,Big Ten,1,22,0,South,5,0,5,1.6571428571428573,1.8352556403144826
2024,James Madison,Sun Belt,2,31,1,South,12,13,10,5.970588235294118,4.328328668867921
2024,Duke,ACC,4,24,0,South,4,0,7,2.3125,2.1423920626253263
2024,Vermont,AEC,1,28,1,South,13,10,10,3.4705882352941178,3.0023059188646695
2024,Texas Tech,Big 12,1,23,0,South,6,0,6,2.1515151515151514,2.413613060816955
2024,North Carolina State,ACC,5,22,1,South,11,5,6,1.3611111111111112,1.4366778378873055
2024,Kentucky,SEC,1,23,0,South,3,0,7,1.78125,1.6906798743404974
2024,Oakland,Horizon,2,23,1,South,14,4,8,1.7352941176470589,1.668194224998498
2024,Florida,SEC,1,24,0,South,7,0,6,1.5714285714285714,1.554453772426908
2024,Colorado,Pac-12,2,25,0,South,10,0,8,2.323529411764706,2.2585860782056457
2024,Marquette,Big East,3,25,0,South,2,0,6,2.1470588235294117,2.102272621000992
2024,Western Kentucky,CUSA,1,22,1,South,15,3,6,2.0,2.188122205883115
2025,Duke,ACC,5,31,1,South,1,11,10,6.117647058823529,4.663782268921129
2025,Mount St Marys,MAAC,1,23,1,South,16,4,8,1.2058823529411764,1.1827040742872412
2025,Mississippi State,SEC,1,21,0,South,8,0,4,1.9696969696969697,2.315754324187006
2025,Baylor,Big 12,2,19,0,South,9,0,4,1.0303030303030303,1.1673551687429224
2025,Oregon,Big Ten,2,24,0,South,5,0,8,2.8484848484848486,2.753743590990626
2025,Liberty,CUSA,1,28,1,South,12,5,9,2.823529411764706,2.3821713801548925
2025,Arizona,Big 12,3,22,0,South,4,0,5,1.7647058823529411,2.0300510502043996
2025,Akron,MAC,1,28,1,South,13,7,9,4.411764705882353,4.022858561204981
2025,Brigham Young,Big 12,3,24,0,South,6,0,9,2.484848484848485,2.450988818653478
2025,Virginia Commonwealth,A-10,1,28,1,South,11,3,9,2.8823529411764706,2.385799975373323
2025,Wisconsin,Big Ten,2,26,0,South,3,0,6,2.5142857142857142,2.358830564634319
2025,Montana,Big Sky,1,25,1,South,14,4,9,2.5,2.7143409989946967
2025,Saint Marys Ca,WCC,2,28,0,South,7,0,8,3.727272727272727,2.8948515141983013
2025,Vanderbilt,SEC,1,20,0,South,10,0,4,1.875,2.0879116360612584
2025,Alabama,SEC,4,25,0,South,2,0,5,2.484848484848485,2.3240666047047287
2025,Robert Morris,Horizon,1,26,1,South,15,10,10,3.0588235294117645,2.7859012320504983
2025,Florida,SEC,7,30,1,East,1,6,9,4.176470588235294,3.543598936900949
2025,Norfolk State,MEAC,1,24,1,East,16,4,8,2.0,2.072225288683357
2025,Connecticut,Big East,2,23,0,East,8,0,7,2.0606060606060606,2.1872827191052835
2025,Oklahoma,SEC,1,20,0,East,9,0,4,3.090909090909091,3.987584036265693
2025,Memphis,AAC,1,29,1,East,5,8,9,3.1470588235294117,2.414811561777178
2025,Colorado State,MWC,2,25,1,East,12,10,10,2.4705882352941178,2.692421762669602
2025,Maryland,Big Ten,3,25,0,East,4,0,8,1.8181818181818181,1.4450447294019835
2025,Grand Canyon,WAC,1,26,1,East,13,3,9,2.303030303030303,1.8337715479281538
2025,Missouri,SEC,1,22,0,East,6,0,5,2.3333333333333335,2.7924863111535205
2025,Drake,MVC,2,30,1,East,11,7,9,5.212121212121212,3.479442447129048
2025,Texas Tech,Big 12,4,25,0,East,3,0,7,1.9393939393939394,1.7912141461977757
2025,North Carolina Wilmington,CAA,1,27,1,East,14,6,8,2.676470588235294,2.397554982934442
2025,Kansas,Big 12,1,21,0,East,7,0,5,1.4848484848484849,1.7773185816503247
2025,Arkansas,SEC,3,20,0,East,10,0,6,1.393939393939394,1.5942965379352612
2025,St Johns Ny,Big East,2,30,1,East,2,9,9,3.8823529411764706,2.8673076722244564
2025,Nebraska Omaha,Summit,1,22,1,East,15,6,8,2.264705882352941,2.5588235294117645
2025,Houston,Big 12,6,30,1,Midwest,1,13,10,5.5,4.258210063063642
2025,Southern Illinois Edwardsville,OVC,1,22,1,Midwest,16,3,7,1.3333333333333333,1.2949006435891817
2025,Gonzaga,WCC,2,25,1,Midwest,8,4,9,1.9393939393939394,1.613191715661353
2025,Georgia,SEC,1,20,0,Midwest,9,0,5,1.8125,1.9911915402592488
2025,Clemson,ACC,1,27,0,Midwest,5,0,9,3.0,2.449489742783178
2025,Mcneese State,Southland,2,27,1,Midwest,12,11,10,4.242424242424242,3.626754981909619
2025,Purdue,Big Ten,3,22,0,Midwest,4,0,4,1.7878787878787878,1.8709513988403796
2025,High Point,Big South,1,29,1,Midwest,13,14,10,4.117647058823529,3.9982695218744535
2025,Illinois,Big Ten,2,21,0,Midwest,6,0,6,1.3333333333333333,1.3853490243227227
2025,Xavier,Big East,1,22,0,Midwest,11,0,8,1.875,2.072890493972125
2025,Kentucky,SEC,3,22,0,Midwest,3,0,6,1.5757575757575757,1.7757679180586197
2025,Troy,Sun Belt,1,23,1,Midwest,14,6,8,1.7272727272727273,1.6926351568204776
2025,Ucla,Big Ten,2,22,0,Midwest,7,0,6,2.5,2.704163456597992
2025,Utah State,MWC,1,26,0,Midwest,10,0,6,2.8484848484848486,2.731646324784712
2025,Tennessee,SEC,4,27,0,Midwest,2,0,7,3.8529411764705883,4.109761356612388
2025,Wofford,Southern,1,19,1,Midwest,15,3,7,0.8529411764705882,0.9117647058823529
2025,Auburn,SEC,5,28,0,West,1,0,7,4.696969696969697,3.965646788813545
2025,Alabama State,SWAC,1,20,1,West,16,6,9,1.3235294117647058,1.6036830447312453
2025,Louisville,ACC,1,27,0,West,8,0,9,3.911764705882353,3.441679199074568
2025,Creighton,Big East,2,24,0,West,9,0,6,2.264705882352941,2.39249836842297
2025,Michigan,Big Ten,3,25,1,West,5,3,6,2.2058823529411766,2.0404643612885236
2025,California San Diego,Big West,1,30,1,West,12,15,10,5.9411764705882355,4.524061010605589
2025,Texas Am,SEC,2,22,0,West,4,0,5,2.375,2.496873044429772
2025,Yale,Ivy,1,22,1,West,13,3,9,3.6206896551724137,4.003565592744826
2025,Mississippi,SEC,3,22,0,West,6,0,5,1.7272727272727273,1.728069991440394
2025,North Carolina,ACC,1,23,0,West,11,0,8,1.4,1.5528775133372787
2025,Iowa State,Big 12,2,24,0,West,3,0,6,3.0606060606060606,3.463571409025345
2025,Lipscomb,A-Sun,1,25,1,West,14,6,9,1.9411764705882353,1.7479597597768972
2025,Marquette,Big East,1,23,0,West,7,0,5,2.1515151515151514,2.2579316375996554
2025,New Mexico,MWC,2,26,0,West,10,0,7,2.606060606060606,2.295442044170379
2025,Michigan State,Big Ten,4,27,0,West,2,0,8,4.151515151515151,3.7909078797566074
2025,Bryant,AEC,1,23,1,West,15,6,9,2.0588235294117645,2.2614567984401277
